fiscal_year,country,export_usd_mn,import_usd_mn,total_trade_usd_mn,trade_balance_usd_mn,export_share_pct,import_share_pct,total_trade_share_pct,export_rank,import_rank,total_trade_rank,previous_fiscal_year,previous_export_usd_mn,previous_import_usd_mn,previous_total_trade_usd_mn,previous_trade_balance_usd_mn,export_yoy_pct,import_yoy_pct,data_status
2010-2011,U ARAB EMTS,33822.4,32753.16,66575.56,1069.23,13.54,8.86,10.75,1,2,1,2009-2010,23970.4,19499.1,43469.5,4471.3,41.1,67.97,annual
2010-2011,CHINA P RP,14206.75,43479.76,57686.51,-29273.01,5.69,11.76,9.31,4,1,2,2009-2010,11617.88,30824.02,42441.9,-19206.14,22.28,41.06,annual
2010-2011,U S A,25295.8,20050.72,45346.52,5245.09,10.13,5.42,7.32,2,5,3,2009-2010,19535.49,16973.68,36509.17,2561.82,29.49,18.13,annual
2010-2011,SWITZERLAND,690.55,24802,25492.55,-24111.45,0.28,6.71,4.11,47,3,4,2009-2010,589.39,14698.43,15287.82,-14109.04,17.16,68.74,annual
2010-2011,SAUDI ARAB,4684.47,20385.28,25069.75,-15700.81,1.88,5.51,4.05,14,4,5,2009-2010,3907,17097.57,21004.57,-13190.57,19.9,19.23,annual
2010-2011,HONG KONG,10320.26,9415.4,19735.66,904.85,4.13,2.55,3.19,5,13,6,2009-2010,7887.81,4734.3,12622.12,3153.51,30.84,98.88,annual
2010-2011,GERMANY,6754.35,11891.37,18645.72,-5137.02,2.7,3.22,3.01,9,6,7,2009-2010,5412.89,10318.18,15731.07,-4905.29,24.78,15.25,annual
2010-2011,UNSPECIFIED,14304.42,4317.48,18621.9,9986.94,5.73,1.17,3.01,3,24,8,2009-2010,4116.19,939.31,5055.49,3176.88,247.52,359.65,annual
2010-2011,SINGAPORE,9825.44,7139.31,16964.75,2686.14,3.93,1.93,2.74,6,18,9,2009-2010,7592.17,6454.57,14046.74,1137.6,29.42,10.61,annual
2010-2011,INDONESIA,5700.87,9918.63,15619.5,-4217.76,2.28,2.68,2.52,11,12,10,2009-2010,3063.36,8656.66,11720.03,-5593.3,86.1,14.58,annual
2010-2011,BELGIUM,5784.42,8609.82,14394.24,-2825.4,2.32,2.33,2.32,10,16,11,2009-2010,3759.26,6019.2,9778.46,-2259.94,53.87,43.04,annual
2010-2011,KOREA RP,3729.89,10475.29,14205.18,-6745.4,1.49,2.83,2.29,19,10,12,2009-2010,3421.05,8576.07,11997.12,-5155.03,9.03,22.15,annual
2010-2011,JAPAN,5092.15,8632.03,13724.19,-3539.88,2.04,2.33,2.22,13,15,13,2009-2010,3629.54,6734.18,10363.72,-3104.64,40.3,28.18,annual
2010-2011,IRAN,2492.95,10928.21,13421.17,-8435.26,1,2.96,2.17,26,7,14,2009-2010,1853.17,11540.85,13394.01,-9687.68,34.52,-5.31,annual
2010-2011,NIGERIA,2098.94,10787.72,12886.65,-8688.78,0.84,2.92,2.08,32,9,15,2009-2010,1408.67,7287.9,8696.57,-5879.23,49,48.02,annual
2010-2011,U K,7311.98,5396.78,12708.75,1915.2,2.93,1.46,2.05,8,21,16,2009-2010,6221.39,4461.67,10683.06,1759.72,17.53,20.96,annual
2010-2011,AUSTRALIA,1713.02,10789,12502.01,-9075.98,0.69,2.92,2.02,36,8,17,2009-2010,1384.96,12407.37,13792.33,-11022.41,23.69,-13.04,annual
2010-2011,KUWAIT,1856.01,10313.64,12169.65,-8457.64,0.74,2.79,1.96,35,11,18,2009-2010,782.45,8249.49,9031.95,-7467.04,137.2,25.02,annual
2010-2011,SOUTH AFRICA,3912.37,7140.55,11052.92,-3228.17,1.57,1.93,1.78,17,17,19,2009-2010,2058.5,5674.5,7732.99,-3616,90.06,25.84,annual
2010-2011,MALAYSIA,3871.18,6523.58,10394.76,-2652.4,1.55,1.76,1.68,18,20,20,2009-2010,2835.41,5176.78,8012.19,-2341.36,36.53,26.02,annual
2010-2011,IRAQ,678.14,9008.3,9686.44,-8330.16,0.27,2.44,1.56,48,14,21,2009-2010,477.13,7026.93,7504.06,-6549.8,42.13,28.2,annual
2010-2011,NETHERLAND,7681.47,1853.1,9534.56,5828.37,3.07,0.5,1.54,7,34,22,2009-2010,6397.56,2130,8527.56,4267.56,20.07,-13,annual
2010-2011,FRANCE,5209.7,3704.57,8914.28,1505.13,2.09,1,1.44,12,29,23,2009-2010,3819.83,4192.17,8012,-372.35,36.39,-11.63,annual
2010-2011,ITALY,4554.06,4256.02,8810.07,298.04,1.82,1.15,1.42,15,26,24,2009-2010,3400.25,3862.06,7262.31,-461.81,33.93,10.2,annual
2010-2011,BRAZIL,4024.29,3548.88,7573.17,475.42,1.61,0.96,1.22,16,31,25,2009-2010,2414.29,3437.97,5852.25,-1023.68,66.69,3.23,annual
2010-2011,QATAR,375.39,6819.87,7195.27,-6444.48,0.15,1.84,1.16,69,19,26,2009-2010,536.97,4648.52,5185.49,-4111.55,-30.09,46.71,annual
2010-2011,THAILAND,2274.21,4272.09,6546.31,-1997.88,0.91,1.16,1.06,28,25,27,2009-2010,1740.16,2931.52,4671.68,-1191.36,30.69,45.73,annual
2010-2011,TAIWAN,2301.51,3961.11,6262.61,-1659.6,0.92,1.07,1.01,27,28,28,2009-2010,1877.34,2612.66,4490,-735.32,22.59,51.61,annual
2010-2011,ANGOLA,675.44,5112.12,5787.56,-4436.68,0.27,1.38,0.93,49,23,29,2009-2010,635.07,4242.79,4877.85,-3607.72,6.36,20.49,annual
2010-2011,VENEZUELA,176,5209.96,5385.96,-5033.96,0.07,1.41,0.87,91,22,30,2009-2010,183.96,2885.76,3069.72,-2701.81,-4.33,80.54,annual
2010-2011,RUSSIA,1689.5,3600.02,5289.52,-1910.52,0.68,0.97,0.85,37,30,31,2009-2010,980.69,3566.79,4547.49,-2586.1,72.28,0.93,annual
2010-2011,ISRAEL,2920.07,2253.51,5173.58,666.57,1.17,0.61,0.84,22,32,32,2009-2010,1968.59,1885.06,3853.66,83.53,48.33,19.55,annual
2010-2011,OMAN,1082.24,4002.07,5084.31,-2919.83,0.43,1.08,0.82,40,27,33,2009-2010,1032.93,3499.89,4532.82,-2466.96,4.77,14.35,annual
2010-2011,SPAIN,2566.28,1487.58,4053.86,1078.7,1.03,0.4,0.65,25,40,34,2009-2010,2029.26,1095.53,3124.79,933.73,26.46,35.79,annual
2010-2011,SRI LANKA DSR,3507.51,501.73,4009.23,3005.78,1.4,0.14,0.65,20,60,35,2009-2010,2188.01,392.19,2580.2,1795.81,60.31,27.93,annual
2010-2011,VIETNAM SOC REP,2651.44,1064.9,3716.34,1586.54,1.06,0.29,0.6,24,44,36,2009-2010,1838.95,521.81,2360.76,1317.14,44.18,104.08,annual
2010-2011,BANGLADESH PR,3242.91,446.75,3689.66,2796.16,1.3,0.12,0.6,21,62,37,2009-2010,2433.77,254.66,2688.44,2179.11,33.25,75.43,annual
2010-2011,TURKEY,2749.15,821.06,3570.21,1928.09,1.1,0.22,0.58,23,51,38,2009-2010,1539.2,1603.64,3142.84,-64.43,78.61,-48.8,annual
2010-2011,CANADA,1348.86,2029.98,3378.84,-681.13,0.54,0.55,0.55,39,33,39,2009-2010,1122.77,2097.35,3220.13,-974.58,20.14,-3.21,annual
2010-2011,EGYPT A RP,1982.43,1354.56,3336.98,627.87,0.79,0.37,0.54,34,42,40,2009-2010,1403.88,1692.36,3096.23,-288.48,41.21,-19.96,annual
2010-2011,NEPAL,2168.06,513.4,2681.47,1654.66,0.87,0.14,0.43,31,59,41,2009-2010,1533.31,452.61,1985.93,1080.7,41.4,13.43,annual
2010-2011,ALGERIA,781.94,1816.19,2598.13,-1034.25,0.31,0.49,0.42,44,35,42,2009-2010,574.19,995.32,1569.51,-421.13,36.18,82.47,annual
2010-2011,PAKISTAN IR,2039.61,332.51,2372.12,1707.09,0.82,0.09,0.38,33,66,43,2009-2010,1573.32,275.94,1849.26,1297.38,29.64,20.5,annual
2010-2011,KENYA,2182.01,123.98,2305.99,2058.02,0.87,0.03,0.37,29,90,44,2009-2010,1452,78.93,1530.92,1373.07,50.28,57.09,annual
2010-2011,YEMEN REPUBLC,514.1,1743.9,2258,-1229.8,0.21,0.47,0.36,60,36,45,2009-2010,727.39,1575.55,2302.95,-848.16,-29.32,10.69,annual
2010-2011,SWEDEN,627.74,1619.38,2247.12,-991.64,0.25,0.44,0.36,52,38,46,2009-2010,476.63,1590.14,2066.76,-1113.51,31.71,1.84,annual
2010-2011,BAHAMAS,2173.18,4.5,2177.68,2168.69,0.87,0,0.35,30,150,47,2009-2010,883.78,0.48,884.27,883.3,145.89,833.51,annual
2010-2011,MEXICO,913.22,1163.45,2076.67,-250.23,0.37,0.31,0.34,41,43,48,2009-2010,596.18,1048.97,1645.16,-452.79,53.18,10.91,annual
2010-2011,CHILE,507.55,1550.25,2057.8,-1042.7,0.2,0.42,0.33,61,39,49,2009-2010,277.32,1119.38,1396.7,-842.07,83.02,38.49,annual
2010-2011,UKRAINE,514.34,1418.46,1932.8,-904.12,0.21,0.38,0.31,59,41,50,2009-2010,289.03,1593.52,1882.55,-1304.49,77.95,-10.99,annual
2010-2011,FINLAND,254.93,1653.02,1907.95,-1398.09,0.1,0.45,0.31,80,37,51,2009-2010,208.36,1010.66,1219.02,-802.3,22.35,63.56,annual
2010-2011,TANZANIA REP,1474.81,326.57,1801.38,1148.23,0.59,0.09,0.29,38,67,52,2009-2010,920.48,238.05,1158.53,682.44,60.22,37.19,annual
2010-2011,ARGENTINA,404.48,1022.73,1427.21,-618.26,0.16,0.28,0.23,68,45,53,2009-2010,269.96,672.21,942.17,-402.26,49.83,52.14,annual
2010-2011,COLOMBIA,561.31,856.31,1417.62,-295,0.22,0.23,0.23,56,49,54,2009-2010,389.09,424.15,813.25,-35.06,44.26,101.89,annual
2010-2011,AUSTRIA,593.77,817.07,1410.84,-223.3,0.24,0.22,0.23,54,53,55,2009-2010,252.74,789.37,1042.11,-536.63,134.93,3.51,annual
2010-2011,MYANMAR,320.62,1017.67,1338.29,-697.05,0.13,0.28,0.22,72,46,56,2009-2010,207.97,1289.8,1497.77,-1081.84,54.17,-21.1,annual
2010-2011,PHILIPPINES,881.1,429.39,1310.49,451.71,0.35,0.12,0.21,42,63,57,2009-2010,748.77,313.07,1061.84,435.7,17.67,37.15,annual
2010-2011,JORDAN,485.36,818.93,1304.29,-333.57,0.19,0.22,0.21,64,52,58,2009-2010,245.62,823.43,1069.05,-577.81,97.61,-0.55,annual
2010-2011,BAHARAIN IS,651.83,641.25,1293.08,10.58,0.26,0.17,0.21,51,55,59,2009-2010,250.21,502.86,753.07,-252.65,160.51,27.52,annual
2010-2011,DENMARK,690.75,472.82,1163.57,217.93,0.28,0.13,0.19,46,61,60,2009-2010,580.42,592.37,1172.79,-11.95,19.01,-20.18,annual
2010-2011,MOROCCO,318.57,839.64,1158.21,-521.07,0.13,0.23,0.19,74,50,61,2009-2010,250.47,861.51,1111.98,-611.04,27.19,-2.54,annual
2010-2011,NORWAY,179.35,961.49,1140.84,-782.15,0.07,0.26,0.18,88,48,62,2009-2010,228.91,907.35,1136.26,-678.44,-21.65,5.97,annual
2010-2011,SUDAN,488.46,613.78,1102.24,-125.32,0.2,0.17,0.18,63,57,63,2009-2010,461.06,475,936.06,-13.95,5.94,29.22,annual
2010-2011,LIBYA,131.99,969.09,1101.08,-837.1,0.05,0.26,0.18,94,47,64,2009-2010,221.98,622.64,844.62,-400.67,-40.54,55.64,annual
2010-2011,POLAND,666.41,386.04,1052.45,280.38,0.27,0.1,0.17,50,64,65,2009-2010,421.13,387.29,808.42,33.84,58.25,-0.32,annual
2010-2011,CZECH REPUBLIC,215.77,676.78,892.54,-461.01,0.09,0.18,0.14,82,54,66,2009-2010,177.76,562.45,740.21,-384.7,21.38,20.33,annual
2010-2011,MAURITIUS,853.91,16.51,870.42,837.4,0.34,0,0.14,43,127,67,2009-2010,453.43,10.89,464.31,442.54,88.32,51.64,annual
2010-2011,NEW ZEALAND,190.59,625.21,815.8,-434.61,0.08,0.17,0.13,86,56,68,2009-2010,255.17,499.21,754.38,-244.04,-25.31,25.24,annual
2010-2011,CONGO P REP,241.88,543.33,785.21,-301.45,0.1,0.15,0.13,81,58,69,2009-2010,196.2,545.2,741.4,-349,23.28,-0.34,annual
2010-2011,MALTA,746.78,35.87,782.64,710.91,0.3,0.01,0.13,45,109,70,2009-2010,708.85,12.11,720.96,696.74,5.35,196.19,annual
2010-2011,GHANA,579.77,159.75,739.52,420.02,0.23,0.04,0.12,55,83,71,2009-2010,390.52,147.01,537.52,243.51,48.46,8.67,annual
2010-2011,MOZAMBIQUE,605.17,103.45,708.62,501.72,0.24,0.03,0.11,53,92,72,2009-2010,358.38,68.76,427.14,289.62,68.86,50.44,annual
2010-2011,ROMANIA,426.03,237.45,663.48,188.58,0.17,0.06,0.11,65,72,73,2009-2010,330.81,225.35,556.16,105.46,28.79,5.37,annual
2010-2011,PORTUGAL,526.84,85.37,612.21,441.47,0.21,0.02,0.1,58,99,74,2009-2010,374.57,71.06,445.63,303.5,40.65,20.13,annual
2010-2011,PERU,417.6,187.36,604.96,230.25,0.17,0.05,0.1,67,81,75,2009-2010,274.33,136.62,410.95,137.7,52.23,37.13,annual
2010-2011,TUNISIA,282.33,301.15,583.47,-18.82,0.11,0.08,0.09,76,69,76,2009-2010,213.55,252.83,466.38,-39.28,32.21,19.11,annual
2010-2011,AFGHANISTAN,422.41,146.03,568.44,276.38,0.17,0.04,0.09,66,85,77,2009-2010,463.55,125.19,588.74,338.36,-8.88,16.64,annual
2010-2011,HUNGARY,212.85,342.97,555.81,-130.12,0.09,0.09,0.09,83,65,78,2009-2010,269.68,194.95,464.63,74.73,-21.08,75.92,annual
2010-2011,TIMOR LESTE,546.08,1.7,547.78,544.37,0.22,0,0.09,57,162,79,2009-2010,1.22,0.01,1.23,1.2,44700.14,11604.63,annual
2010-2011,IRELAND,270.52,259.26,529.78,11.26,0.11,0.07,0.09,78,70,80,2009-2010,260.57,264.82,525.39,-4.25,3.82,-2.1,annual
2010-2011,SYRIA,493.28,35.61,528.89,457.66,0.2,0.01,0.09,62,110,81,2009-2010,345.43,144.69,490.13,200.74,42.8,-75.39,annual
2010-2011,KOREA DP RP,329.14,143.98,473.11,185.16,0.13,0.04,0.08,71,86,82,2009-2010,422.38,8.71,431.09,413.67,-22.07,1552.64,annual
2010-2011,GREECE,364.88,93.39,458.27,271.48,0.15,0.03,0.07,70,95,83,2009-2010,452.8,154.13,606.93,298.66,-19.42,-39.41,annual
2010-2011,BENIN,263.66,153.43,417.09,110.23,0.11,0.04,0.07,79,84,84,2009-2010,221.75,123.83,345.58,97.91,18.9,23.9,annual
2010-2011,SENEGAL,210.16,205.65,415.81,4.5,0.08,0.06,0.07,84,75,85,2009-2010,188.7,237.03,425.73,-48.33,11.37,-13.24,annual
2010-2011,BHUTAN,176.03,201.57,377.6,-25.54,0.07,0.05,0.06,90,78,86,2009-2010,118.86,153.11,271.98,-34.25,48.1,31.65,annual
2010-2011,GABON,37.55,307.71,345.26,-270.17,0.02,0.08,0.06,137,68,87,2009-2010,25.02,180.58,205.6,-155.56,50.08,70.4,annual
2010-2011,COTE D' IVOIRE,94.15,250.84,344.99,-156.68,0.04,0.07,0.06,106,71,88,2009-2010,122.33,298.17,420.5,-175.85,-23.03,-15.88,annual
2010-2011,DJIBOUTI,319.87,2.41,322.27,317.46,0.13,0,0.05,73,157,89,2009-2010,265.84,1.17,267.01,264.67,20.32,105.64,annual
2010-2011,PANAMA REPUBLIC,124.16,188.47,312.63,-64.32,0.05,0.05,0.05,95,80,90,2009-2010,78.09,366.35,444.43,-288.26,59,-48.55,annual
2010-2011,KAZAKHSTAN,172.16,138.42,310.59,33.74,0.07,0.04,0.05,92,87,91,2009-2010,136.54,154.91,291.44,-18.37,26.09,-10.64,annual
2010-2011,UGANDA,292.8,13.64,306.44,279.16,0.12,0,0.05,75,131,92,2009-2010,206.93,13.38,220.31,193.54,41.5,1.93,annual
2010-2011,ETHIOPIA,273.66,32.74,306.4,240.91,0.11,0.01,0.05,77,111,93,2009-2010,253.67,18.59,272.26,235.07,7.88,76.08,annual
2010-2011,LATVIA,103.19,196.32,299.51,-93.12,0.04,0.05,0.05,101,79,94,2009-2010,47.17,154.94,202.11,-107.77,118.77,26.7,annual
2010-2011,TOGO,204.86,91.89,296.74,112.97,0.08,0.02,0.05,85,97,95,2009-2010,163.51,69.37,232.88,94.13,25.29,32.45,annual
2010-2011,ECUADOR,121.46,169.11,290.58,-47.65,0.05,0.05,0.05,96,82,96,2009-2010,89.75,67.02,156.77,22.73,35.34,152.34,annual
2010-2011,SLOVENIA,187.46,92,279.47,95.46,0.08,0.02,0.05,87,96,97,2009-2010,192.58,118.14,310.72,74.44,-2.66,-22.13,annual
2010-2011,CAMEROON,121.18,138.1,259.27,-16.92,0.05,0.04,0.04,97,88,98,2009-2010,77.22,137.38,214.59,-60.16,56.93,0.52,annual
2010-2011,BRUNEI,23.07,234.17,257.23,-211.1,0.01,0.06,0.04,151,73,99,2009-2010,24.44,428.65,453.09,-404.2,-5.62,-45.37,annual
2010-2011,AZERBAIJAN,38.65,203.48,242.13,-164.83,0.02,0.06,0.04,135,77,100,2009-2010,29.91,284.83,314.74,-254.91,29.21,-28.56,annual
2010-2011,BELARUS,36.31,204.3,240.62,-167.99,0.01,0.06,0.04,138,76,101,2009-2010,37.86,432.14,470,-394.28,-4.08,-52.72,annual
2010-2011,PAPUA N GNA,21.95,216.94,238.89,-194.98,0.01,0.06,0.04,153,74,102,2009-2010,17.58,100.56,118.14,-82.98,24.86,115.73,annual
2010-2011,LITHUANIA,83.3,125.45,208.75,-42.14,0.03,0.03,0.03,111,89,103,2009-2010,66.39,72.69,139.08,-6.3,25.47,72.58,annual
2010-2011,GUINEA,96.4,103.22,199.62,-6.81,0.04,0.03,0.03,105,93,104,2009-2010,79.35,320.24,399.59,-240.89,21.5,-67.77,annual
2010-2011,SWAZILAND,86.9,109.49,196.39,-22.59,0.03,0.03,0.03,108,91,105,2009-2010,20.26,33.01,53.28,-12.75,328.86,231.64,annual
2010-2011,LEBANON,176.1,18.31,194.4,157.79,0.07,0,0.03,89,124,106,2009-2010,131.33,6.78,138.11,124.55,34.08,169.9,annual
2010-2011,GIBRALTAR,149.08,11.57,160.65,137.51,0.06,0,0.03,93,133,107,2009-2010,647.94,0,647.95,647.94,-76.99,269779.66,annual
2010-2011,COSTA RICA,61.47,95.33,156.79,-33.86,0.02,0.03,0.03,121,94,108,2009-2010,32.23,93.62,125.85,-61.4,90.73,1.82,annual
2010-2011,GUATEMALA,112.68,40.18,152.86,72.49,0.05,0.01,0.02,100,105,109,2009-2010,87.15,5.74,92.89,81.4,29.3,599.62,annual
2010-2011,ZAMBIA,118.45,32.09,150.54,86.36,0.05,0.01,0.02,98,112,110,2009-2010,88.34,102.22,190.55,-13.88,34.09,-68.61,annual
2010-2011,SLOVAK REP,59.47,88.03,147.5,-28.56,0.02,0.02,0.02,124,98,111,2009-2010,35.76,40.3,76.06,-4.54,66.31,118.44,annual
2010-2011,TRINIDAD,62.96,80.18,143.14,-17.22,0.03,0.02,0.02,120,100,112,2009-2010,149.15,57.68,206.83,91.47,-57.79,39.01,annual
2010-2011,MALDIVES,100.14,31.38,131.52,68.77,0.04,0.01,0.02,103,114,113,2009-2010,79.86,3.63,83.49,76.24,25.4,765.18,annual
2010-2011,BULGARIA,69.71,57.58,127.28,12.13,0.03,0.02,0.02,115,102,114,2009-2010,50.89,32.63,83.53,18.26,36.96,76.43,annual
2010-2011,CROATIA,97.69,28.06,125.75,69.64,0.04,0.01,0.02,104,116,115,2009-2010,89.68,26.89,116.57,62.79,8.93,4.34,annual
2010-2011,ZIMBABWE,113.15,11.62,124.77,101.53,0.05,0,0.02,99,132,116,2009-2010,48.7,21.1,69.8,27.6,132.34,-44.92,annual
2010-2011,MALAWI,101.45,19.89,121.34,81.55,0.04,0.01,0.02,102,121,117,2009-2010,81.36,103.76,185.12,-22.39,24.68,-80.83,annual
2010-2011,MADAGASCAR,79.33,32.08,111.41,47.25,0.03,0.01,0.02,113,113,118,2009-2010,85.71,19.03,104.74,66.68,-7.44,68.59,annual
2010-2011,GEORGIA,72.86,37.83,110.7,35.03,0.03,0.01,0.02,114,106,119,2009-2010,55.86,10.3,66.16,45.56,30.43,267.28,annual
2010-2011,URUGUAY,85.34,17.32,102.66,68.01,0.03,0,0.02,109,126,120,2009-2010,48.33,16.04,64.37,32.29,76.57,7.99,annual
2010-2011,SOMALIA,89.45,9.24,98.69,80.21,0.04,0,0.02,107,139,121,2009-2010,17.38,4.06,21.44,13.32,414.69,127.86,annual
2010-2011,DOMINIC REP,82.75,15.77,98.53,66.98,0.03,0,0.02,112,128,122,2009-2010,55.2,9.5,64.7,45.7,49.92,66.08,annual
2010-2011,ESTONIA,52.91,44.9,97.82,8.01,0.02,0.01,0.02,127,104,123,2009-2010,28.92,32.94,61.85,-4.02,82.99,36.33,annual
2010-2011,PUERTO RICO,65,28.89,93.88,36.11,0.03,0.01,0.02,118,115,124,2009-2010,87.73,13.35,101.08,74.37,-25.91,116.33,annual
2010-2011,NAMIBIA,55.41,36.76,92.17,18.64,0.02,0.01,0.01,125,107,125,2009-2010,63.07,41.88,104.94,21.19,-12.15,-12.21,annual
2010-2011,ICELAND,84.36,4.63,88.99,79.74,0.03,0,0.01,110,149,126,2009-2010,17.08,9.97,27.05,7.11,393.85,-53.59,annual
2010-2011,UZBEKISTAN,60.42,20.63,81.05,39.8,0.02,0.01,0.01,123,119,127,2009-2010,54.03,29.97,84,24.06,11.83,-31.18,annual
2010-2011,CAMBODIA,66.94,8.01,74.95,58.93,0.03,0,0.01,116,141,128,2009-2010,45.54,5.05,50.6,40.49,46.97,58.57,annual
2010-2011,MALI,65.45,3.32,68.77,62.13,0.03,0,0.01,117,154,129,2009-2010,42.24,3.86,46.1,38.38,54.95,-13.95,annual
2010-2011,HONDURAS,63.07,1.43,64.5,61.63,0.03,0,0.01,119,164,130,2009-2010,45.53,25.34,70.87,20.19,38.52,-94.34,annual
2010-2011,CYPRUS,43.31,20.4,63.71,22.91,0.02,0.01,0.01,132,120,131,2009-2010,46.82,14.1,60.93,32.72,-7.5,44.64,annual
2010-2011,GUINEA BISSAU,3.07,59.45,62.52,-56.39,0,0.02,0.01,180,101,132,2009-2010,3.19,184.2,187.39,-181.01,-3.94,-67.72,annual
2010-2011,HAITI,60.53,1.33,61.87,59.2,0.02,0,0.01,122,168,133,2009-2010,33.06,1.37,34.43,31.69,83.1,-2.75,annual
2010-2011,LIBERIA,43.96,17.75,61.71,26.21,0.02,0,0.01,131,125,134,2009-2010,29.58,19.05,48.63,10.53,48.61,-6.83,annual
2010-2011,SIERRA LEONE,54.3,6.67,60.98,47.63,0.02,0,0.01,126,146,135,2009-2010,37.15,4.16,41.31,32.99,46.17,60.31,annual
2010-2011,BOTSWANA,33.59,26.77,60.36,6.82,0.01,0.01,0.01,139,117,136,2009-2010,22.2,7.08,29.28,15.12,51.31,278.07,annual
2010-2011,NIGER,47.08,10.47,57.55,36.61,0.02,0,0.01,129,134,137,2009-2010,37.9,0.25,38.15,37.64,24.23,4011.33,annual
2010-2011,REUNION,38.21,18.33,56.55,19.88,0.02,0,0.01,136,123,138,2009-2010,34.29,15.46,49.76,18.83,11.43,18.56,annual
2010-2011,GAMBIA,41.7,14.73,56.42,26.97,0.02,0,0.01,133,130,139,2009-2010,36.99,28.94,65.93,8.04,12.73,-49.12,annual
2010-2011,NETHERLANDANTIL,52.32,3.47,55.79,48.85,0.02,0,0.01,128,153,140,2009-2010,29.68,0.98,30.66,28.7,76.27,254.42,annual
2010-2011,LUXEMBOURG,18.76,36.62,55.39,-17.86,0.01,0.01,0.01,156,108,141,2009-2010,4.78,33.85,38.63,-29.07,292.65,8.19,annual
2010-2011,BURKINA FASO,45.85,4.11,49.96,41.74,0.02,0,0.01,130,151,142,2009-2010,36.46,6.14,42.61,30.32,25.74,-33.1,annual
2010-2011,COCOS IS,0.92,48.88,49.8,-47.96,0,0.01,0.01,196,103,143,2009-2010,0.01,0.02,0.03,-0.02,14916.24,224066.23,annual
2010-2011,PARAGUAY,41.53,5.31,46.84,36.22,0.02,0,0.01,134,148,144,2009-2010,37.05,5.22,42.27,31.82,12.11,1.65,annual
2010-2011,TAJIKISTAN,18.31,23.02,41.33,-4.72,0.01,0.01,0.01,158,118,145,2009-2010,15.71,16.85,32.57,-1.14,16.49,36.59,annual
2010-2011,SEYCHELLES,27.02,9.29,36.31,17.72,0.01,0,0.01,144,137,146,2009-2010,20.09,1.64,21.73,18.46,34.45,467.39,annual
2010-2011,TURKMENISTAN,26.16,9.73,35.89,16.43,0.01,0,0.01,145,136,147,2009-2010,36.15,10,46.15,26.15,-27.65,-2.72,annual
2010-2011,MAURITANIA,33.5,1.95,35.46,31.55,0.01,0,0.01,140,160,148,2009-2010,30.64,1.6,32.24,29.04,9.35,22.12,annual
2010-2011,RWANDA,32.46,0.03,32.49,32.43,0.01,0,0.01,141,210,149,2009-2010,26.45,0.26,26.7,26.19,22.73,-89.4,annual
2010-2011,FIJI IS,28.47,2.99,31.46,25.48,0.01,0,0.01,143,156,150,2009-2010,26.69,1.34,28.03,25.35,6.68,123.25,annual
2010-2011,NICARAGUA,30.01,0.91,30.91,29.1,0.01,0,0,142,173,151,2009-2010,23.2,0.35,23.54,22.85,29.36,161.42,annual
2010-2011,EL SALVADOR,24.06,5.4,29.46,18.67,0.01,0,0,149,147,152,2009-2010,13.37,5.37,18.73,8,80.03,0.57,annual
2010-2011,KYRGHYZSTAN,25.79,1.2,26.98,24.59,0.01,0,0,146,169,153,2009-2010,26.84,0.64,27.48,26.2,-3.93,88,annual
2010-2011,ARMENIA,19.83,7.07,26.9,12.76,0.01,0,0,155,143,154,2009-2010,18.48,2.96,21.44,15.52,7.31,138.95,annual
2010-2011,UNION OF SERBIA & MONTENEGRO,23.56,3.08,26.64,20.49,0.01,0,0,150,155,155,2009-2010,12.74,5.76,18.5,6.98,84.91,-46.58,annual
2010-2011,CUBA,25.51,1.12,26.63,24.39,0.01,0,0,147,171,156,2009-2010,22.77,1.05,23.82,21.72,12.03,6.06,annual
2010-2011,GUYANA,16.04,9.24,25.28,6.8,0.01,0,0,161,138,157,2009-2010,16.3,8.32,24.62,7.98,-1.61,11.01,annual
2010-2011,ERITREA,24.5,0.75,25.25,23.74,0.01,0,0,148,177,158,2009-2010,29.34,0.17,29.5,29.17,-16.51,356.45,annual
2010-2011,NEW CALEDONIA,16.76,6.78,23.54,9.98,0.01,0,0,159,144,159,2009-2010,3.55,3.07,6.62,0.48,371.57,120.9,annual
2010-2011,JAMAICA,22.34,0.77,23.11,21.57,0.01,0,0,152,176,160,2009-2010,20.85,0.65,21.51,20.2,7.12,17.97,annual
2010-2011,MONGOLIA,20.77,1.97,22.74,18.8,0.01,0,0,154,159,161,2009-2010,7.98,1.26,9.24,6.72,160.22,56.43,annual
2010-2011,BOLIVIA,15.71,6.69,22.4,9.02,0.01,0,0,162,145,162,2009-2010,9.77,3.36,13.13,6.41,60.84,99.07,annual
2010-2011,BOSNIA-HRZGOVIN,3.2,19.09,22.28,-15.89,0,0.01,0,179,122,163,2009-2010,2.71,0.5,3.21,2.2,18.11,3686.61,annual
2010-2011,LESOTHO,18.64,1.13,19.77,17.5,0.01,0,0,157,170,164,2009-2010,14.44,0.6,15.04,13.83,29.08,87.44,annual
2010-2011,COMOROS,8.61,8.56,17.17,0.05,0,0,0,170,140,165,2009-2010,9.29,0.68,9.97,8.61,-7.32,1158.1,annual
2010-2011,ANTIGUA,0.94,15.63,16.57,-14.69,0,0,0,195,129,166,2009-2010,1.45,0.01,1.47,1.44,-35.02,117969.89,annual
2010-2011,CONGO D. REP.,6.68,9.82,16.5,-3.13,0,0,0,173,135,167,2009-2010,10.12,144.71,154.83,-134.59,-33.95,-93.22,annual
2010-2011,BURUNDI,16.12,0.24,16.36,15.88,0.01,0,0,160,183,168,2009-2010,12.64,0.73,13.37,11.91,27.52,-66.94,annual
2010-2011,TOKELAU IS,14.94,0.01,14.96,14.93,0.01,0,0,163,219,169,2009-2010,0,0.01,0.02,-0.01,515660.55,9.3,annual
2010-2011,BELIZE,14.3,0.21,14.51,14.1,0.01,0,0,164,187,170,2009-2010,2.48,0.38,2.85,2.1,477.89,-44.77,annual
2010-2011,LAO PD RP,13.11,0.22,13.33,12.89,0.01,0,0,165,184,171,2009-2010,16.93,20.05,36.98,-3.12,-22.56,-98.91,annual
2010-2011,SURINAME,12.06,0.88,12.95,11.18,0,0,0,166,174,172,2009-2010,16.26,1.47,17.73,14.78,-25.79,-40.15,annual
2010-2011,CHAD,12,0.57,12.57,11.43,0,0,0,167,178,173,2009-2010,6.92,6.92,13.84,0,73.35,-91.75,annual
2010-2011,ALBANIA,11.5,0.12,11.62,11.39,0,0,0,168,194,174,2009-2010,8.51,0.27,8.78,8.24,35.17,-57.23,annual
2010-2011,EQUTL GUINEA,11.42,0.12,11.55,11.3,0,0,0,169,195,175,2009-2010,7.66,269.09,276.75,-261.43,49.17,-99.95,annual
2010-2011,MACEDONIA,8.34,1.02,9.36,7.32,0,0,0,171,172,176,2009-2010,7,26.65,33.65,-19.65,19.24,-96.17,annual
2010-2011,FAROE IS.,0.75,7.36,8.11,-6.61,0,0,0,199,142,177,2009-2010,0.14,0.06,0.21,0.08,417.39,11695.16,annual
2010-2011,MOLDOVA,7.54,0.12,7.66,7.41,0,0,0,172,196,178,2009-2010,6.58,1.09,7.66,5.49,14.61,-88.76,annual
2010-2011,GUADELOUPE,6.21,0.05,6.26,6.16,0,0,0,174,205,179,2009-2010,3.58,0.03,3.6,3.55,73.58,93.44,annual
2010-2011,BARBADOS,5.44,0.15,5.6,5.29,0,0,0,175,193,180,2009-2010,4.3,0.2,4.51,4.1,26.48,-23.89,annual
2010-2011,C AFRI REP,3.52,1.55,5.07,1.98,0,0,0,178,163,181,2009-2010,5.2,0.67,5.87,4.54,-32.33,132.13,annual
2010-2011,MARTINIQUE,4.87,0.01,4.88,4.85,0,0,0,176,216,182,2009-2010,5.55,0,5.55,5.55,-12.22,,annual
2010-2011,NAURU RP,0.11,4.05,4.15,-3.94,0,0,0,219,152,183,2009-2010,0.08,15.72,15.8,-15.64,32.9,-74.26,annual
2010-2011,FR GUIANA,3.6,0.21,3.81,3.39,0,0,0,177,188,184,2009-2010,2.28,0.61,2.88,1.67,58.06,-64.82,annual
2010-2011,ARUBA,1.49,1.92,3.42,-0.43,0,0,0,186,161,185,2009-2010,1.48,0,1.48,1.48,1.03,,annual
2010-2011,ST LUCIA,2.56,0.32,2.88,2.24,0,0,0,181,182,186,2009-2010,1.16,0.48,1.65,0.68,120.01,-33.55,annual
2010-2011,DOMINICA,2.47,0.34,2.81,2.13,0,0,0,183,180,187,2009-2010,2.96,0.48,3.44,2.48,-16.5,-29.32,annual
2010-2011,CAPE VERDE IS,0.5,2.08,2.57,-1.58,0,0,0,203,158,188,2009-2010,0.7,0.11,0.81,0.58,-28.92,1715.82,annual
2010-2011,VANUATU REP,2.49,0.07,2.56,2.42,0,0,0,182,202,189,2009-2010,2.27,0,2.27,2.27,9.69,94946.7,annual
2010-2011,MONACO,1.04,1.41,2.45,-0.37,0,0,0,193,165,190,2009-2010,0.41,0.99,1.4,-0.59,154.95,42.43,annual
2010-2011,GUAM,1.84,0.05,1.89,1.79,0,0,0,184,206,191,2009-2010,0.58,0,0.58,0.58,215.54,,annual
2010-2011,VIRGIN IS US,1.33,0.34,1.68,0.99,0,0,0,188,181,192,2009-2010,4.21,2.47,6.68,1.74,-68.35,-86.19,annual
2010-2011,SAMOA,1.53,0.12,1.65,1.4,0,0,0,185,197,193,2009-2010,1.45,0.05,1.51,1.4,5.26,125.3,annual
2010-2011,MACAO,1.44,0.2,1.64,1.25,0,0,0,187,189,194,2009-2010,40.58,0.36,40.94,40.22,-96.44,-45.76,annual
2010-2011,MARSHALL ISLAND,0.2,1.36,1.56,-1.16,0,0,0,211,166,195,2009-2010,0.07,0.01,0.07,0.06,198.82,17978.7,annual
2010-2011,FALKLAND IS,0.04,1.35,1.39,-1.31,0,0,0,225,167,196,2009-2010,0.04,0.77,0.8,-0.73,2.7,76.34,annual
2010-2011,BR VIRGN IS,0.42,0.87,1.28,-0.45,0,0,0,206,175,197,2009-2010,81.58,0.17,81.75,81.42,-99.49,424.04,annual
2010-2011,CHRISTMAS IS.,1.18,0.06,1.23,1.12,0,0,0,189,203,198,2009-2010,1.59,6.51,8.1,-4.92,-25.99,-99.12,annual
2010-2011,SOLOMON IS,1.14,0.04,1.18,1.1,0,0,0,190,208,199,2009-2010,0.93,1.13,2.06,-0.2,22.31,-96.39,annual
2010-2011,SAO TOME,1.05,0.11,1.16,0.94,0,0,0,192,198,200,2009-2010,1.22,0.05,1.27,1.17,-13.57,126.49,annual
2010-2011,FR POLYNESIA,1.08,0.01,1.09,1.07,0,0,0,191,213,201,2009-2010,0.81,0,0.81,0.81,33.88,48605.45,annual
2010-2011,GRENADA,1.01,0.01,1.03,1,0,0,0,194,215,202,2009-2010,0.64,0.07,0.71,0.57,58.31,-82.38,annual
2010-2011,TONGA,0.72,0.22,0.94,0.5,0,0,0,201,186,203,2009-2010,0.49,0,0.49,0.49,46.22,5277.49,annual
2010-2011,NORFOLK IS,0.76,0.16,0.92,0.6,0,0,0,198,191,204,2009-2010,0.11,0.81,0.92,-0.69,562.27,-80.47,annual
2010-2011,BERMUDA,0.9,0,0.9,0.9,0,0,0,197,220,205,2009-2010,0.83,0.2,1.03,0.63,8.88,-98.06,annual
2010-2011,ST KITT N A,0.74,0,0.74,0.74,0,0,0,200,225,206,2009-2010,1.47,0.03,1.5,1.44,-49.69,,annual
2010-2011,KIRIBATI REP,0.13,0.45,0.58,-0.32,0,0,0,217,179,207,2009-2010,0.33,0,0.33,0.33,-61.33,,annual
2010-2011,MONTSERRAT,0.53,0,0.53,0.52,0,0,0,202,222,208,2009-2010,0.13,0,0.13,0.13,313.88,47.71,annual
2010-2011,HEARD MACDONALD,0.45,0,0.45,0.45,0,0,0,204,221,209,2009-2010,0,0,0,0,32717,,annual
2010-2011,PANAMA C Z,0.45,0,0.45,0.45,0,0,0,205,224,210,2009-2010,0.69,26.97,27.65,-26.28,-35.02,,annual
2010-2011,LIECHTENSTEIN,0.16,0.22,0.39,-0.06,0,0,0,215,185,211,2009-2010,0.06,0.04,0.1,0.01,183.93,413.8,annual
2010-2011,ST VINCENT,0.36,0,0.37,0.36,0,0,0,207,226,212,2009-2010,0.36,1.04,1.4,-0.69,1.79,-99.54,annual
2010-2011,AMERI SAMOA,0.2,0.15,0.36,0.05,0,0,0,210,192,213,2009-2010,0.08,0.35,0.43,-0.26,143.74,-55.68,annual
2010-2011,ST HELENA,0.19,0.18,0.36,0.01,0,0,0,212,190,214,2009-2010,0.01,0.08,0.09,-0.07,1914.89,129.1,annual
2010-2011,CAYMAN IS,0.29,0.03,0.31,0.26,0,0,0,208,209,215,2009-2010,0.79,1.46,2.25,-0.68,-63.47,-98.21,annual
2010-2011,ANDORRA,0.27,0.01,0.27,0.26,0,0,0,209,211,216,2009-2010,0.2,0,0.2,0.19,34.54,70.68,annual
2010-2011,ANTARTICA,0.17,0.08,0.25,0.09,0,0,0,214,199,217,2009-2010,0.1,0.07,0.17,0.03,62.65,15.39,annual
2010-2011,N. MARIANA IS.,0.14,0.06,0.2,0.07,0,0,0,216,204,218,2009-2010,0.46,0.18,0.63,0.28,-69.73,-63.36,annual
2010-2011,ANGUILLA,0.17,0.01,0.17,0.16,0,0,0,213,212,219,2009-2010,0.05,0,0.05,0.05,243.86,,annual
2010-2011,GREENLAND,0.1,0.04,0.14,0.07,0,0,0,220,207,220,2009-2010,0.37,0.16,0.53,0.21,-71.97,-77,annual
2010-2011,COOK IS,0.04,0.08,0.13,-0.04,0,0,0,224,200,221,2009-2010,0.03,0,0.03,0.03,45.73,,annual
2010-2011,TURKS C IS,0.05,0.08,0.13,-0.02,0,0,0,223,201,222,2009-2010,0.17,1.87,2.05,-1.7,-69.68,-95.95,annual
2010-2011,TUVALU,0.12,0,0.12,0.12,0,0,0,218,227,223,2009-2010,0.21,0.05,0.26,0.17,-43.09,,annual
2010-2011,WALLIS F IS,0.08,0,0.08,0.07,0,0,0,221,228,224,2009-2010,0.16,0,0.16,0.16,-51.91,81.37,annual
2010-2011,ST PIERRE,0.06,0.01,0.07,0.04,0,0,0,222,218,225,2009-2010,0.05,0,0.05,0.05,8.3,20136.67,annual
2010-2011,PALAU,0.04,0.01,0.05,0.03,0,0,0,226,217,226,2009-2010,0.01,0.01,0.03,0,165.79,-31.21,annual
2010-2011,FR S ANT TR,0,0.01,0.01,-0.01,0,0,0,228,214,227,2009-2010,0,0,0,0,217.7,,annual
2010-2011,NIUE IS,0.01,0,0.01,0.01,0,0,0,227,223,228,2009-2010,0,0.06,0.07,-0.06,77.7,-98.9,annual
2011-2012,CHINA P RP,18118.18,54688.19,72806.36,-36570.01,5.92,11.18,9.15,3,1,1,2010-2011,14206.75,43479.76,57686.51,-29273.01,27.53,25.78,annual
2011-2012,U ARAB EMTS,35925.52,36768.16,72693.68,-842.64,11.74,7.51,9.14,1,2,2,2010-2011,33822.4,32753.16,66575.56,1069.23,6.22,12.26,annual
2011-2012,U S A,34745.52,23380.86,58126.38,11364.66,11.36,4.78,7.31,2,5,3,2010-2011,25295.8,20050.72,45346.52,5245.09,37.36,16.61,annual
2011-2012,SAUDI ARAB,5683.29,32107.74,37791.03,-26424.44,1.86,6.56,4.75,14,4,4,2010-2011,4684.47,20385.28,25069.75,-15700.81,21.32,57.5,annual
2011-2012,SWITZERLAND,1095.73,35241.74,36337.47,-34146.01,0.36,7.2,4.57,43,3,5,2010-2011,690.55,24802,25492.55,-24111.45,58.67,42.09,annual
2011-2012,SINGAPORE,16857.77,8339.36,25197.13,8518.4,5.51,1.7,3.17,4,20,6,2010-2011,9825.44,7139.31,16964.75,2686.14,71.57,16.81,annual
2011-2012,GERMANY,7946.19,15498.62,23444.81,-7552.43,2.6,3.17,2.95,9,9,7,2010-2011,6754.35,11891.37,18645.72,-5137.02,17.65,30.34,annual
2011-2012,HONG KONG,12931.9,10416.95,23348.85,2514.94,4.23,2.13,2.94,6,17,8,2010-2011,10320.26,9415.4,19735.66,904.85,25.31,10.64,annual
2011-2012,INDONESIA,6678,14839.39,21517.39,-8161.39,2.18,3.03,2.71,11,10,9,2010-2011,5700.87,9918.63,15619.5,-4217.76,17.14,49.61,annual
2011-2012,IRAQ,763.97,18919.32,19683.29,-18155.34,0.25,3.87,2.48,55,6,10,2010-2011,678.14,9008.3,9686.44,-8330.16,12.66,110.02,annual
2011-2012,JAPAN,6330.22,11965.38,18295.6,-5635.16,2.07,2.45,2.3,12,15,11,2010-2011,5092.15,8632.03,13724.19,-3539.88,24.31,38.62,annual
2011-2012,AUSTRALIA,2476.84,15783.44,18260.27,-13306.6,0.81,3.23,2.3,30,8,12,2010-2011,1713.02,10789,12502.01,-9075.98,44.59,46.29,annual
2011-2012,BELGIUM,7161.16,10373.86,17535.02,-3212.7,2.34,2.12,2.2,10,18,13,2010-2011,5784.42,8609.82,14394.24,-2825.4,23.8,20.49,annual
2011-2012,KUWAIT,1181.41,16333.51,17514.91,-15152.1,0.39,3.34,2.2,42,7,14,2010-2011,1856.01,10313.64,12169.65,-8457.64,-36.35,58.37,annual
2011-2012,NIGERIA,2702.01,14755.19,17457.21,-12053.18,0.88,3.02,2.2,29,11,15,2010-2011,2098.94,10787.72,12886.65,-8688.78,28.73,36.78,annual
2011-2012,UNSPECIFIED,16336.76,1043.88,17380.64,15292.88,5.34,0.21,2.19,5,49,16,2010-2011,14304.42,4317.48,18621.9,9986.94,14.21,-75.82,annual
2011-2012,KOREA RP,4355.22,12793.34,17148.56,-8438.12,1.42,2.61,2.16,19,14,17,2010-2011,3729.89,10475.29,14205.18,-6745.4,16.77,22.13,annual
2011-2012,IRAN,2411.36,13720.97,16132.33,-11309.62,0.79,2.8,2.03,32,12,18,2010-2011,2492.95,10928.21,13421.17,-8435.26,-3.27,25.56,annual
2011-2012,SOUTH AFRICA,4731.18,11237.99,15969.17,-6506.81,1.55,2.3,2.01,16,16,19,2010-2011,3912.37,7140.55,11052.92,-3228.17,20.93,57.38,annual
2011-2012,U K,8628.12,7130.41,15758.53,1497.7,2.82,1.46,1.98,8,21,20,2010-2011,7311.98,5396.78,12708.75,1915.2,18,32.12,annual
2011-2012,QATAR,807.95,12927.08,13735.03,-12119.14,0.26,2.64,1.73,51,13,21,2010-2011,375.39,6819.87,7195.27,-6444.48,115.23,89.55,annual
2011-2012,MALAYSIA,3980.36,9473.63,13453.99,-5493.26,1.3,1.94,1.69,21,19,22,2010-2011,3871.18,6523.58,10394.76,-2652.4,2.82,45.22,annual
2011-2012,NETHERLAND,9152.61,2604.9,11757.52,6547.71,2.99,0.53,1.48,7,34,23,2010-2011,7681.47,1853.1,9534.56,5828.37,19.15,40.57,annual
2011-2012,BRAZIL,5769.75,4271.3,10041.04,1498.45,1.89,0.87,1.26,13,29,24,2010-2011,4024.29,3548.88,7573.17,475.42,43.37,20.36,annual
2011-2012,ITALY,4885.38,5045.26,9930.64,-159.88,1.6,1.03,1.25,15,25,25,2010-2011,4554.06,4256.02,8810.07,298.04,7.28,18.54,annual
2011-2012,FRANCE,4558.33,4300.2,8858.53,258.14,1.49,0.88,1.11,17,28,26,2010-2011,5209.7,3704.57,8914.28,1505.13,-12.5,16.08,annual
2011-2012,THAILAND,2961.01,5278.71,8239.72,-2317.71,0.97,1.08,1.04,27,24,27,2010-2011,2274.21,4272.09,6546.31,-1997.88,30.2,23.56,annual
2011-2012,TAIWAN,3348.44,4805.43,8153.87,-1456.99,1.09,0.98,1.03,25,26,28,2010-2011,2301.51,3961.11,6262.61,-1659.6,45.49,21.32,annual
2011-2012,ANGOLA,454.33,6624.74,7079.06,-6170.41,0.15,1.35,0.89,71,23,29,2010-2011,675.44,5112.12,5787.56,-4436.68,-32.74,29.59,annual
2011-2012,VENEZUELA,249.74,6666.74,6916.48,-6416.99,0.08,1.36,0.87,89,22,30,2010-2011,176,5209.96,5385.96,-5033.96,41.9,27.96,annual
2011-2012,ISRAEL,4041.78,2647.42,6689.2,1394.37,1.32,0.54,0.84,20,33,31,2010-2011,2920.07,2253.51,5173.58,666.57,38.41,17.48,annual
2011-2012,RUSSIA,1778.27,4787.11,6565.38,-3008.84,0.58,0.98,0.83,36,27,32,2010-2011,1689.5,3600.02,5289.52,-1910.52,5.25,32.97,annual
2011-2012,VIETNAM SOC REP,3719.09,1717.49,5436.58,2001.6,1.22,0.35,0.68,23,42,33,2010-2011,2651.44,1064.9,3716.34,1586.54,40.27,61.28,annual
2011-2012,EGYPT A RP,2421.95,3004.45,5426.4,-582.51,0.79,0.61,0.68,31,31,34,2010-2011,1982.43,1354.56,3336.98,627.87,22.17,121.8,annual
2011-2012,SRI LANKA DSR,4378.79,578.04,4956.83,3800.76,1.43,0.12,0.62,18,58,35,2010-2011,3507.51,501.73,4009.23,3005.78,24.84,15.21,annual
2011-2012,CANADA,2053.56,2897.55,4951.11,-843.99,0.67,0.59,0.62,35,32,36,2010-2011,1348.86,2029.98,3378.84,-681.13,52.24,42.74,annual
2011-2012,SPAIN,2999.7,1817.73,4817.43,1181.98,0.98,0.37,0.61,26,41,37,2010-2011,2566.28,1487.58,4053.86,1078.7,16.89,22.19,annual
2011-2012,TURKEY,3547.26,1222.56,4769.82,2324.71,1.16,0.25,0.6,24,46,38,2010-2011,2749.15,821.06,3570.21,1928.09,29.03,48.9,annual
2011-2012,OMAN,1322.13,3347.17,4669.3,-2025.03,0.43,0.68,0.59,41,30,39,2010-2011,1082.24,4002.07,5084.31,-2919.83,22.17,-16.36,annual
2011-2012,BANGLADESH PR,3789.21,585.73,4374.94,3203.47,1.24,0.12,0.55,22,57,40,2010-2011,3242.91,446.75,3689.66,2796.16,16.85,31.11,annual
2011-2012,MEXICO,1368.21,2566.79,3935,-1198.58,0.45,0.52,0.49,40,35,41,2010-2011,913.22,1163.45,2076.67,-250.23,49.82,120.62,annual
2011-2012,NEPAL,2721.57,549.89,3271.45,2171.68,0.89,0.11,0.41,28,62,42,2010-2011,2168.06,513.4,2681.47,1654.66,25.53,7.11,annual
2011-2012,ALGERIA,835.65,2161.26,2996.91,-1325.61,0.27,0.44,0.38,48,38,43,2010-2011,781.94,1816.19,2598.13,-1034.25,6.87,19,annual
2011-2012,UKRAINE,491.28,2492.87,2984.15,-2001.59,0.16,0.51,0.38,67,36,44,2010-2011,514.34,1418.46,1932.8,-904.12,-4.48,75.74,annual
2011-2012,SWEDEN,825,1910.63,2735.64,-1085.63,0.27,0.39,0.34,49,40,45,2010-2011,627.74,1619.38,2247.12,-991.64,31.42,17.99,annual
2011-2012,CHILE,522.09,2194.15,2716.24,-1672.06,0.17,0.45,0.34,65,37,46,2010-2011,507.55,1550.25,2057.8,-1042.7,2.87,41.54,annual
2011-2012,FINLAND,314.49,2112.55,2427.03,-1798.06,0.1,0.43,0.31,82,39,47,2010-2011,254.93,1653.02,1907.95,-1398.09,23.36,27.8,annual
2011-2012,KENYA,2277.48,113.3,2390.77,2164.18,0.74,0.02,0.3,33,99,48,2010-2011,2182.01,123.98,2305.99,2058.02,4.38,-8.62,annual
2011-2012,JORDAN,821.08,1483.43,2304.51,-662.36,0.27,0.3,0.29,50,44,49,2010-2011,485.36,818.93,1304.29,-333.57,69.17,81.14,annual
2011-2012,BAHAMAS,2243.52,3.54,2247.06,2239.98,0.73,0,0.28,34,161,50,2010-2011,2173.18,4.5,2177.68,2168.69,3.24,-21.2,annual
2011-2012,MOROCCO,372.1,1658.15,2030.25,-1286.04,0.12,0.34,0.26,75,43,51,2010-2011,318.57,839.64,1158.21,-521.07,16.8,97.48,annual
2011-2012,MYANMAR,545.38,1386.1,1931.47,-840.72,0.18,0.28,0.24,61,45,52,2010-2011,320.62,1017.67,1338.29,-697.05,70.1,36.2,annual
2011-2012,PAKISTAN IR,1541.57,361.93,1903.5,1179.65,0.5,0.07,0.24,38,71,53,2010-2011,2039.61,332.51,2372.12,1707.09,-24.42,8.84,annual
2011-2012,TANZANIA REP,1614.69,240.57,1855.26,1374.13,0.53,0.05,0.23,37,77,54,2010-2011,1474.81,326.57,1801.38,1148.23,9.49,-26.34,annual
2011-2012,YEMEN REPUBLC,730.62,970.92,1701.53,-240.3,0.24,0.2,0.21,57,50,55,2010-2011,514.1,1743.9,2258,-1229.8,42.12,-44.33,annual
2011-2012,ARGENTINA,473.63,1105.7,1579.33,-632.07,0.15,0.23,0.2,69,47,56,2010-2011,404.48,1022.73,1427.21,-618.26,17.1,8.11,annual
2011-2012,BRUNEI,895.49,604.97,1500.47,290.52,0.29,0.12,0.19,45,56,57,2010-2011,23.07,234.17,257.23,-211.1,3781.87,158.35,annual
2011-2012,COLOMBIA,892.42,560.27,1452.69,332.15,0.29,0.11,0.18,46,60,58,2010-2011,561.31,856.31,1417.62,-295,58.99,-34.57,annual
2011-2012,MAURITIUS,1400.51,38.38,1438.88,1362.13,0.46,0.01,0.18,39,117,59,2010-2011,853.91,16.51,870.42,837.4,64.01,132.45,annual
2011-2012,PHILIPPINES,992.91,437.49,1430.4,555.42,0.32,0.09,0.18,44,67,60,2010-2011,881.1,429.39,1310.49,451.71,12.69,1.89,annual
2011-2012,AUSTRIA,341.84,1064.6,1406.44,-722.76,0.11,0.22,0.18,79,48,61,2010-2011,593.77,817.07,1410.84,-223.3,-42.43,30.3,annual
2011-2012,DENMARK,757.51,610.4,1367.91,147.11,0.25,0.12,0.17,56,55,62,2010-2011,690.75,472.82,1163.57,217.93,9.66,29.1,annual
2011-2012,POLAND,787,578.01,1365.01,208.99,0.26,0.12,0.17,54,59,63,2010-2011,666.41,386.04,1052.45,280.38,18.09,49.73,annual
2011-2012,BAHARAIN IS,439.99,910.01,1349.99,-470.02,0.14,0.19,0.17,72,51,64,2010-2011,651.83,641.25,1293.08,10.58,-32.5,41.91,annual
2011-2012,NORWAY,334.23,855.5,1189.73,-521.27,0.11,0.17,0.15,80,52,65,2010-2011,179.35,961.49,1140.84,-782.15,86.36,-11.02,annual
2011-2012,SUDAN,717.37,429.67,1147.04,287.7,0.23,0.09,0.14,58,68,66,2010-2011,488.46,613.78,1102.24,-125.32,46.86,-30,annual
2011-2012,GHANA,800.35,331.21,1131.56,469.14,0.26,0.07,0.14,52,72,67,2010-2011,579.77,159.75,739.52,420.02,38.05,107.33,annual
2011-2012,PERU,564.3,556.12,1120.42,8.19,0.18,0.11,0.14,60,61,68,2010-2011,417.6,187.36,604.96,230.25,35.13,196.82,annual
2011-2012,NEW ZEALAND,251.64,827.09,1078.74,-575.45,0.08,0.17,0.14,88,53,69,2010-2011,190.59,625.21,815.8,-434.61,32.03,32.29,annual
2011-2012,CZECH REPUBLIC,271.85,726.81,998.67,-454.96,0.09,0.15,0.13,86,54,70,2010-2011,215.77,676.78,892.54,-461.01,25.99,7.39,annual
2011-2012,BENIN,654.69,254.7,909.39,400,0.21,0.05,0.11,59,76,71,2010-2011,263.66,153.43,417.09,110.23,148.31,66.01,annual
2011-2012,GREECE,790.06,111.81,901.86,678.25,0.26,0.02,0.11,53,100,72,2010-2011,364.88,93.39,458.27,271.48,116.53,19.72,annual
2011-2012,MALTA,848.99,42.17,891.16,806.81,0.28,0.01,0.11,47,115,73,2010-2011,746.78,35.87,782.64,710.91,13.69,17.59,annual
2011-2012,PORTUGAL,525.27,296.76,822.03,228.51,0.17,0.06,0.1,64,73,74,2010-2011,526.84,85.37,612.21,441.47,-0.3,247.62,annual
2011-2012,IRELAND,380.63,409.47,790.11,-28.84,0.12,0.08,0.1,74,70,75,2010-2011,270.52,259.26,529.78,11.26,40.71,57.94,annual
2011-2012,COTE D' IVOIRE,282.53,466.79,749.32,-184.26,0.09,0.1,0.09,85,65,76,2010-2011,94.15,250.84,344.99,-156.68,200.07,86.09,annual
2011-2012,HUNGARY,316,428.23,744.22,-112.23,0.1,0.09,0.09,81,69,77,2010-2011,212.85,342.97,555.81,-130.12,48.46,24.86,annual
2011-2012,ROMANIA,269.54,459.46,729,-189.92,0.09,0.09,0.09,87,66,78,2010-2011,426.03,237.45,663.48,188.58,-36.73,93.5,annual
2011-2012,CAMEROON,196.39,523.58,719.98,-327.19,0.06,0.11,0.09,98,63,79,2010-2011,121.18,138.1,259.27,-16.92,62.07,279.14,annual
2011-2012,SYRIA,536.48,178.66,715.14,357.82,0.18,0.04,0.09,62,87,80,2010-2011,493.28,35.61,528.89,457.66,8.76,401.7,annual
2011-2012,AFGHANISTAN,510.9,133.03,643.94,377.87,0.17,0.03,0.08,66,98,81,2010-2011,422.41,146.03,568.44,276.38,20.95,-8.9,annual
2011-2012,MOZAMBIQUE,533.36,104.34,637.7,429.02,0.17,0.02,0.08,63,102,82,2010-2011,605.17,103.45,708.62,501.72,-11.87,0.86,annual
2011-2012,CONGO P REP,347.4,254.95,602.35,92.45,0.11,0.05,0.08,78,75,83,2010-2011,241.88,543.33,785.21,-301.45,43.62,-53.08,annual
2011-2012,AZERBAIJAN,71.62,494.35,565.98,-422.73,0.02,0.1,0.07,126,64,84,2010-2011,38.65,203.48,242.13,-164.83,85.32,142.95,annual
2011-2012,TOGO,355,150.32,505.31,204.68,0.12,0.03,0.06,77,94,85,2010-2011,204.86,91.89,296.74,112.97,73.29,63.59,annual
2011-2012,ETHIOPIA,464.17,29.39,493.55,434.78,0.15,0.01,0.06,70,121,86,2010-2011,273.66,32.74,306.4,240.91,69.62,-10.25,annual
2011-2012,DJIBOUTI,475.34,2.16,477.5,473.18,0.16,0,0.06,68,172,87,2010-2011,319.87,2.41,322.27,317.46,48.6,-10.11,annual
2011-2012,UGANDA,435.08,18.23,453.31,416.85,0.14,0,0.06,73,135,88,2010-2011,292.8,13.64,306.44,279.16,48.59,33.61,annual
2011-2012,TUNISIA,285.62,164.16,449.78,121.46,0.09,0.03,0.06,84,91,89,2010-2011,282.33,301.15,583.47,-18.82,1.17,-45.49,annual
2011-2012,KAZAKHSTAN,244.39,195.67,440.06,48.72,0.08,0.04,0.06,90,86,90,2010-2011,172.16,138.42,310.59,33.74,41.95,41.36,annual
2011-2012,BHUTAN,229.86,202.55,432.41,27.3,0.08,0.04,0.05,94,83,91,2010-2011,176.03,201.57,377.6,-25.54,30.57,0.49,annual
2011-2012,KOREA DP RP,229.19,197.72,426.91,31.48,0.07,0.04,0.05,95,85,92,2010-2011,329.14,143.98,473.11,185.16,-30.37,37.33,annual
2011-2012,GUINEA,131.94,262.21,394.14,-130.27,0.04,0.05,0.05,104,74,93,2010-2011,96.4,103.22,199.62,-6.81,36.86,154.03,annual
2011-2012,PANAMA REPUBLIC,232.17,159.08,391.25,73.1,0.08,0.03,0.05,91,92,94,2010-2011,124.16,188.47,312.63,-64.32,87,-15.6,annual
2011-2012,SENEGAL,365.05,19.57,384.62,345.49,0.12,0,0.05,76,132,95,2010-2011,210.16,205.65,415.81,4.5,73.7,-90.48,annual
2011-2012,SLOVENIA,227.02,156.83,383.85,70.19,0.07,0.03,0.05,96,93,96,2010-2011,187.46,92,279.47,95.46,21.1,70.46,annual
2011-2012,ZAMBIA,210.91,168.72,379.63,42.19,0.07,0.03,0.05,97,90,97,2010-2011,118.45,32.09,150.54,86.36,78.06,425.83,annual
2011-2012,ESTONIA,116.48,231.46,347.94,-114.99,0.04,0.05,0.04,110,79,98,2010-2011,52.91,44.9,97.82,8.01,120.13,415.46,annual
2011-2012,LITHUANIA,134.89,203.09,337.98,-68.2,0.04,0.04,0.04,103,82,99,2010-2011,83.3,125.45,208.75,-42.14,61.92,61.89,annual
2011-2012,BELARUS,121.72,178.52,300.24,-56.8,0.04,0.04,0.04,109,88,100,2010-2011,36.31,204.3,240.62,-167.99,235.19,-12.62,annual
2011-2012,GIBRALTAR,292.79,0.06,292.85,292.73,0.1,0,0.04,83,199,101,2010-2011,149.08,11.57,160.65,137.51,96.4,-99.51,annual
2011-2012,TRINIDAD,82.46,203.75,286.21,-121.29,0.03,0.04,0.04,124,81,102,2010-2011,62.96,80.18,143.14,-17.22,30.97,154.12,annual
2011-2012,ECUADOR,231.55,44.19,275.75,187.36,0.08,0.01,0.03,93,114,103,2010-2011,121.46,169.11,290.58,-47.65,90.63,-73.87,annual
2011-2012,LEBANON,231.87,21.46,253.33,210.42,0.08,0,0.03,92,130,104,2010-2011,176.1,18.31,194.4,157.79,31.67,17.22,annual
2011-2012,GUINEA BISSAU,12.42,235.68,248.09,-223.26,0,0.05,0.03,167,78,105,2010-2011,3.07,59.45,62.52,-56.39,305.05,296.41,annual
2011-2012,COSTA RICA,65.53,178.4,243.93,-112.86,0.02,0.04,0.03,128,89,106,2010-2011,61.47,95.33,156.79,-33.86,6.62,87.14,annual
2011-2012,LATVIA,96.18,143.7,239.88,-47.53,0.03,0.03,0.03,117,96,107,2010-2011,103.19,196.32,299.51,-93.12,-6.8,-26.8,annual
2011-2012,PAPUA N GNA,35.9,199.81,235.71,-163.91,0.01,0.04,0.03,149,84,108,2010-2011,21.95,216.94,238.89,-194.98,63.54,-7.89,annual
2011-2012,EQUTL GUINEA,17.15,206.11,223.26,-188.95,0.01,0.04,0.03,164,80,109,2010-2011,11.42,0.12,11.55,11.3,50.14,168506.33,annual
2011-2012,BULGARIA,108.78,101.65,210.43,7.13,0.04,0.02,0.03,112,103,110,2010-2011,69.71,57.58,127.28,12.13,56.05,76.55,annual
2011-2012,MADAGASCAR,123.63,82.42,206.05,41.21,0.04,0.02,0.03,107,106,111,2010-2011,79.33,32.08,111.41,47.25,55.84,156.91,annual
2011-2012,GUATEMALA,191.29,6.72,198,184.57,0.06,0,0.02,99,150,112,2010-2011,112.68,40.18,152.86,72.49,69.76,-83.28,annual
2011-2012,GABON,47,146.22,193.22,-99.22,0.02,0.03,0.02,138,95,113,2010-2011,37.55,307.71,345.26,-270.17,25.18,-52.48,annual
2011-2012,SLOVAK REP,94.36,86.48,180.84,7.88,0.03,0.02,0.02,118,105,114,2010-2011,59.47,88.03,147.5,-28.56,58.67,-1.76,annual
2011-2012,GEORGIA,121.74,58.95,180.69,62.79,0.04,0.01,0.02,108,108,115,2010-2011,72.86,37.83,110.7,35.03,67.08,55.81,annual
2011-2012,MALAWI,148.26,23.69,171.96,124.57,0.05,0,0.02,100,127,116,2010-2011,101.45,19.89,121.34,81.55,46.15,19.11,annual
2011-2012,URUGUAY,140.68,27.63,168.31,113.06,0.05,0.01,0.02,102,124,117,2010-2011,85.34,17.32,102.66,68.01,64.86,59.47,annual
2011-2012,NIGER,88.07,73.68,161.75,14.39,0.03,0.02,0.02,121,107,118,2010-2011,47.08,10.47,57.55,36.61,87.07,603.85,annual
2011-2012,ALBANIA,12.63,141.11,153.74,-128.48,0,0.03,0.02,166,97,119,2010-2011,11.5,0.12,11.62,11.39,9.79,122440.93,annual
2011-2012,SOMALIA,144.72,3.4,148.12,141.32,0.05,0,0.02,101,162,120,2010-2011,89.45,9.24,98.69,80.21,61.79,-63.21,annual
2011-2012,MALDIVES,124.6,18.91,143.51,105.69,0.04,0,0.02,106,133,121,2010-2011,100.14,31.38,131.52,68.77,24.42,-39.72,annual
2011-2012,CROATIA,114.77,23.97,138.74,90.8,0.04,0,0.02,111,126,122,2010-2011,97.69,28.06,125.75,69.64,17.48,-14.57,annual
2011-2012,PUERTO RICO,103.03,34.53,137.56,68.51,0.03,0.01,0.02,114,119,123,2010-2011,65,28.89,93.88,36.11,58.52,19.52,annual
2011-2012,ZIMBABWE,129.32,2.98,132.3,126.34,0.04,0,0.02,105,167,124,2010-2011,113.15,11.62,124.77,101.53,14.29,-74.36,annual
2011-2012,UZBEKISTAN,89.39,30.25,119.64,59.13,0.03,0.01,0.02,120,120,125,2010-2011,60.42,20.63,81.05,39.8,47.94,46.69,annual
2011-2012,DOMINIC REP,103.43,6.17,109.6,97.26,0.03,0,0.01,113,152,126,2010-2011,82.75,15.77,98.53,66.98,24.99,-60.87,annual
2011-2012,FR GUIANA,1.62,106.46,108.08,-104.83,0,0.02,0.01,188,101,127,2010-2011,3.6,0.21,3.81,3.39,-54.9,49777.17,annual
2011-2012,CAMBODIA,99.45,7.28,106.73,92.17,0.03,0,0.01,115,149,128,2010-2011,66.94,8.01,74.95,58.93,48.57,-9.1,annual
2011-2012,MALI,98.37,6.19,104.56,92.18,0.03,0,0.01,116,151,129,2010-2011,65.45,3.32,68.77,62.13,50.31,86.38,annual
2011-2012,GAMBIA,64.21,40.02,104.23,24.19,0.02,0.01,0.01,130,116,130,2010-2011,41.7,14.73,56.42,26.97,53.99,171.75,annual
2011-2012,LAO PD RP,14.97,89.14,104.11,-74.16,0,0.02,0.01,165,104,131,2010-2011,13.11,0.22,13.33,12.89,14.21,40620.18,annual
2011-2012,BOTSWANA,50.44,51.39,101.83,-0.94,0.02,0.01,0.01,134,111,132,2010-2011,33.59,26.77,60.36,6.82,50.18,91.99,annual
2011-2012,BURKINA FASO,85.05,16.41,101.46,68.64,0.03,0,0.01,123,136,133,2010-2011,45.85,4.11,49.96,41.74,85.5,299.23,annual
2011-2012,HONDURAS,91.66,7.75,99.41,83.91,0.03,0,0.01,119,148,134,2010-2011,63.07,1.43,64.5,61.63,45.35,440.14,annual
2011-2012,LIBYA,60.98,38.33,99.31,22.65,0.02,0.01,0.01,131,118,135,2010-2011,131.99,969.09,1101.08,-837.1,-53.8,-96.04,annual
2011-2012,SIERRA LEONE,86.23,5.53,91.76,80.71,0.03,0,0.01,122,154,136,2010-2011,54.3,6.67,60.98,47.63,58.8,-17.18,annual
2011-2012,LIBERIA,78.78,8.99,87.77,69.79,0.03,0,0.01,125,145,137,2010-2011,43.96,17.75,61.71,26.21,79.21,-49.34,annual
2011-2012,CYPRUS,56.62,28.29,84.92,28.33,0.02,0.01,0.01,133,122,138,2010-2011,43.31,20.4,63.71,22.91,30.74,38.68,annual
2011-2012,CHAD,38.91,45.98,84.89,-7.08,0.01,0.01,0.01,144,113,139,2010-2011,12,0.57,12.57,11.43,224.21,7957.56,annual
2011-2012,PARAGUAY,66.93,11.05,77.97,55.88,0.02,0,0.01,127,141,140,2010-2011,41.53,5.31,46.84,36.22,61.14,108.02,annual
2011-2012,REUNION,48.03,27.55,75.58,20.47,0.02,0.01,0.01,137,125,141,2010-2011,38.21,18.33,56.55,19.88,25.68,50.29,annual
2011-2012,NAMIBIA,64.33,10.21,74.53,54.12,0.02,0,0.01,129,142,142,2010-2011,55.41,36.76,92.17,18.64,16.1,-72.24,annual
2011-2012,NEW CALEDONIA,59.5,11.27,70.77,48.23,0.02,0,0.01,132,140,143,2010-2011,16.76,6.78,23.54,9.98,255.01,66.2,annual
2011-2012,SWAZILAND,22.91,46.24,69.15,-23.33,0.01,0.01,0.01,160,112,144,2010-2011,86.9,109.49,196.39,-22.59,-73.63,-57.77,annual
2011-2012,NETHERLANDANTIL,39.31,28.24,67.55,11.07,0.01,0.01,0.01,143,123,145,2010-2011,52.32,3.47,55.79,48.85,-24.87,713.06,annual
2011-2012,LUXEMBOURG,9.1,56.77,65.87,-47.67,0,0.01,0.01,171,110,146,2010-2011,18.76,36.62,55.39,-17.86,-51.52,55.01,annual
2011-2012,TURKMENISTAN,43.95,19.71,63.67,24.24,0.01,0,0.01,141,131,147,2010-2011,26.16,9.73,35.89,16.43,68.04,102.64,annual
2011-2012,PANAMA C Z,0.46,58.6,59.06,-58.13,0,0.01,0.01,208,109,148,2010-2011,0.45,0,0.45,0.45,4,,annual
2011-2012,MAURITANIA,46.52,4.44,50.95,42.08,0.02,0,0.01,139,156,149,2010-2011,33.5,1.95,35.46,31.55,38.84,127.07,annual
2011-2012,HAITI,48.3,1.94,50.24,46.35,0.02,0,0.01,135,174,150,2010-2011,60.53,1.33,61.87,59.2,-20.22,45.8,annual
2011-2012,MONGOLIA,34.97,15.17,50.14,19.8,0.01,0,0.01,151,138,151,2010-2011,20.77,1.97,22.74,18.8,68.4,669.5,annual
2011-2012,RWANDA,48.28,0.15,48.43,48.13,0.02,0,0.01,136,190,152,2010-2011,32.46,0.03,32.49,32.43,48.74,448.81,annual
2011-2012,NICARAGUA,45.7,0.98,46.68,44.72,0.01,0,0.01,140,178,153,2010-2011,30.01,0.91,30.91,29.1,52.31,7.92,annual
2011-2012,EL SALVADOR,37.52,8.3,45.81,29.22,0.01,0,0.01,146,147,154,2010-2011,24.06,5.4,29.46,18.67,55.91,53.75,annual
2011-2012,ARMENIA,38.29,6.16,44.45,32.14,0.01,0,0.01,145,153,155,2010-2011,19.83,7.07,26.9,12.76,93.11,-12.89,annual
2011-2012,UNION OF SERBIA & MONTENEGRO,41.7,2.32,44.02,39.39,0.01,0,0.01,142,171,156,2010-2011,23.56,3.08,26.64,20.49,76.96,-24.77,annual
2011-2012,CUBA,36.67,4.07,40.75,32.6,0.01,0,0.01,148,158,157,2010-2011,25.51,1.12,26.63,24.39,43.76,264.96,annual
2011-2012,FIJI IS,36.78,2.51,39.3,34.27,0.01,0,0,147,170,158,2010-2011,28.47,2.99,31.46,25.48,29.21,-15.87,annual
2011-2012,ICELAND,34.03,4.67,38.7,29.36,0.01,0,0,153,155,159,2010-2011,84.36,4.63,88.99,79.74,-59.66,0.99,annual
2011-2012,SEYCHELLES,34.72,2.59,37.31,32.13,0.01,0,0,152,168,160,2010-2011,27.02,9.29,36.31,17.72,28.52,-72.12,annual
2011-2012,ERITREA,31.52,3.58,35.1,27.95,0.01,0,0,154,160,161,2010-2011,24.5,0.75,25.25,23.74,28.69,373.86,annual
2011-2012,PACIFIC IS,35.03,0.01,35.04,35.02,0.01,0,0,150,211,162,2010-2011,0,0,0,0,,,annual
2011-2012,KYRGHYZSTAN,30.55,0.93,31.48,29.62,0.01,0,0,155,179,163,2010-2011,25.79,1.2,26.98,24.59,18.46,-22.24,annual
2011-2012,GUYANA,21.53,9.08,30.61,12.44,0.01,0,0,161,144,164,2010-2011,16.04,9.24,25.28,6.8,34.23,-1.69,annual
2011-2012,TAJIKISTAN,21.28,8.86,30.14,12.42,0.01,0,0,162,146,165,2010-2011,18.31,23.02,41.33,-4.72,16.22,-61.51,annual
2011-2012,TIMOR LESTE,7.42,22.17,29.59,-14.75,0,0,0,175,128,166,2010-2011,546.08,1.7,547.78,544.37,-98.64,1200.42,annual
2011-2012,BOLIVIA,24.84,4.06,28.91,20.78,0.01,0,0,158,159,167,2010-2011,15.71,6.69,22.4,9.02,58.16,-39.26,annual
2011-2012,JAMAICA,26.66,1.57,28.23,25.09,0.01,0,0,156,176,168,2010-2011,22.34,0.77,23.11,21.57,19.34,103.64,annual
2011-2012,BELIZE,26.1,0.08,26.17,26.02,0.01,0,0,157,196,169,2010-2011,14.3,0.21,14.51,14.1,82.43,-62.72,annual
2011-2012,BURUNDI,24.12,0.52,24.64,23.6,0.01,0,0,159,183,170,2010-2011,16.12,0.24,16.36,15.88,49.59,115.68,annual
2011-2012,LESOTHO,21.2,3.04,24.24,18.16,0.01,0,0,163,165,171,2010-2011,18.64,1.13,19.77,17.5,13.73,168.33,annual
2011-2012,BOSNIA-HRZGOVIN,5.79,18.41,24.2,-12.62,0,0,0,180,134,172,2010-2011,3.2,19.09,22.28,-15.89,81,-3.54,annual
2011-2012,MACEDONIA,8.86,14.77,23.64,-5.91,0,0,0,172,139,173,2010-2011,8.34,1.02,9.36,7.32,6.21,1348.98,annual
2011-2012,SOLOMON IS,1.18,22.1,23.27,-20.92,0,0,0,193,129,174,2010-2011,1.14,0.04,1.18,1.1,3.55,53868.99,annual
2011-2012,NAURU RP,0.21,15.18,15.39,-14.97,0,0,0,214,137,175,2010-2011,0.11,4.05,4.15,-3.94,93.77,275.25,annual
2011-2012,SURINAME,10.43,4.39,14.82,6.04,0,0,0,170,157,176,2010-2011,12.06,0.88,12.95,11.18,-13.54,397.25,annual
2011-2012,COMOROS,10.98,3.26,14.24,7.72,0,0,0,169,163,177,2010-2011,8.61,8.56,17.17,0.05,27.47,-61.93,annual
2011-2012,FR POLYNESIA,11.95,0.02,11.98,11.93,0,0,0,168,206,178,2010-2011,1.08,0.01,1.09,1.07,1006.95,116.66,annual
2011-2012,MARSHALL ISLAND,0.53,9.8,10.34,-9.27,0,0,0,205,143,179,2010-2011,0.2,1.36,1.56,-1.16,168.62,620.39,annual
2011-2012,GUADELOUPE,7.09,1.89,8.98,5.21,0,0,0,176,175,180,2010-2011,6.21,0.05,6.26,6.16,14.26,3776.7,annual
2011-2012,C AFRI REP,6.28,2.02,8.29,4.26,0,0,0,179,173,181,2010-2011,3.52,1.55,5.07,1.98,78.19,30.38,annual
2011-2012,BARBADOS,7.55,0.58,8.12,6.97,0,0,0,173,182,182,2010-2011,5.44,0.15,5.6,5.29,38.58,277.06,annual
2011-2012,MOLDOVA,7.5,0.45,7.95,7.05,0,0,0,174,184,183,2010-2011,7.54,0.12,7.66,7.41,-0.48,271.37,annual
2011-2012,CONGO D. REP.,6.88,0.02,6.9,6.87,0,0,0,177,205,184,2010-2011,6.68,9.82,16.5,-3.13,2.98,-99.81,annual
2011-2012,MARTINIQUE,6.46,0,6.46,6.46,0,0,0,178,222,185,2010-2011,4.87,0.01,4.88,4.85,32.6,,annual
2011-2012,FALKLAND IS,1.39,3,4.39,-1.62,0,0,0,190,166,186,2010-2011,0.04,1.35,1.39,-1.31,3500.61,122.16,annual
2011-2012,VIRGIN IS US,3.72,0.09,3.81,3.63,0,0,0,181,195,187,2010-2011,1.33,0.34,1.68,0.99,179.05,-73.59,annual
2011-2012,CAPE VERDE IS,0.47,3.23,3.7,-2.76,0,0,0,207,164,188,2010-2011,0.5,2.08,2.57,-1.58,-5.2,55.86,annual
2011-2012,AMERI SAMOA,2.05,1.41,3.45,0.64,0,0,0,186,177,189,2010-2011,0.2,0.15,0.36,0.05,900.92,812.01,annual
2011-2012,MONACO,0.52,2.58,3.1,-2.06,0,0,0,206,169,190,2010-2011,1.04,1.41,2.45,-0.37,-50.09,82.3,annual
2011-2012,DOMINICA,2.82,0.26,3.08,2.56,0,0,0,182,188,191,2010-2011,2.47,0.34,2.81,2.13,14.2,-22.65,annual
2011-2012,ARUBA,2.68,0.11,2.79,2.57,0,0,0,183,193,192,2010-2011,1.49,1.92,3.42,-0.43,79.26,-94.32,annual
2011-2012,VANUATU REP,2.67,0,2.67,2.67,0,0,0,184,228,193,2010-2011,2.49,0.07,2.56,2.42,7.16,,annual
2011-2012,SAMOA,2.2,0.16,2.35,2.04,0,0,0,185,189,194,2010-2011,1.53,0.12,1.65,1.4,43.81,28.28,annual
2011-2012,MACAO,1.48,0.83,2.31,0.65,0,0,0,189,180,195,2010-2011,1.44,0.2,1.64,1.25,2.27,324.19,annual
2011-2012,GUAM,1.93,0.01,1.94,1.92,0,0,0,187,210,196,2010-2011,1.84,0.05,1.89,1.79,4.9,-78.92,annual
2011-2012,ST LUCIA,1.32,0.39,1.71,0.93,0,0,0,191,186,197,2010-2011,2.56,0.32,2.88,2.24,-48.47,22.55,annual
2011-2012,BR VIRGN IS,1.04,0.42,1.46,0.63,0,0,0,194,185,198,2010-2011,0.42,0.87,1.28,-0.45,150.07,-51.95,annual
2011-2012,KIRIBATI REP,1.21,0,1.21,1.21,0,0,0,192,221,199,2010-2011,0.13,0.45,0.58,-0.32,862.05,,annual
2011-2012,GRENADA,1.03,0.03,1.06,1.01,0,0,0,195,204,200,2010-2011,1.01,0.01,1.03,1,1.9,98.4,annual
2011-2012,BERMUDA,1.02,0,1.02,1.02,0,0,0,196,217,201,2010-2011,0.9,0,0.9,0.9,13.79,,annual
2011-2012,CAYMAN IS,0.98,0.01,0.98,0.97,0,0,0,197,209,202,2010-2011,0.29,0.03,0.31,0.26,240.29,-70.21,annual
2011-2012,ANTIGUA,0.87,0.06,0.94,0.81,0,0,0,198,198,203,2010-2011,0.94,15.63,16.57,-14.69,-7.55,-99.6,annual
2011-2012,FAROE IS.,0.86,0.04,0.9,0.82,0,0,0,199,200,204,2010-2011,0.75,7.36,8.11,-6.61,14.42,-99.49,annual
2011-2012,LIECHTENSTEIN,0.14,0.76,0.9,-0.62,0,0,0,217,181,205,2010-2011,0.16,0.22,0.39,-0.06,-16.4,241.38,annual
2011-2012,SAO TOME,0.77,0.02,0.79,0.75,0,0,0,200,208,206,2010-2011,1.05,0.11,1.16,0.94,-26.93,-82.12,annual
2011-2012,TONGA,0.77,0.01,0.79,0.76,0,0,0,201,214,207,2010-2011,0.72,0.22,0.94,0.5,7.94,-93.27,annual
2011-2012,COCOS IS,0.74,0.03,0.77,0.71,0,0,0,202,202,208,2010-2011,0.92,48.88,49.8,-47.96,-19.98,-99.94,annual
2011-2012,ST KITT N A,0.66,0.1,0.76,0.56,0,0,0,203,194,209,2010-2011,0.74,0,0.74,0.74,-10.67,,annual
2011-2012,ST VINCENT,0.61,0,0.61,0.61,0,0,0,204,227,210,2010-2011,0.36,0,0.37,0.36,67.67,,annual
2011-2012,NORFOLK IS,0.24,0.14,0.38,0.11,0,0,0,212,192,211,2010-2011,0.76,0.16,0.92,0.6,-68.06,-14.25,annual
2011-2012,ANTARTICA,0.06,0.28,0.34,-0.22,0,0,0,220,187,212,2010-2011,0.17,0.08,0.25,0.09,-63.61,257.09,annual
2011-2012,GREENLAND,0.27,0.02,0.29,0.25,0,0,0,210,207,213,2010-2011,0.1,0.04,0.14,0.07,160.83,-34.85,annual
2011-2012,ANDORRA,0.25,0.03,0.28,0.22,0,0,0,211,201,214,2010-2011,0.27,0.01,0.27,0.26,-8,340.92,annual
2011-2012,MONTSERRAT,0.28,0,0.28,0.28,0,0,0,209,223,215,2010-2011,0.53,0,0.53,0.52,-47.07,,annual
2011-2012,ANGUILLA,0.12,0.14,0.26,-0.02,0,0,0,218,191,216,2010-2011,0.17,0.01,0.17,0.16,-28.02,1772.16,annual
2011-2012,PALAU,0.22,0.01,0.23,0.21,0,0,0,213,212,217,2010-2011,0.04,0.01,0.05,0.03,473.78,3.13,annual
2011-2012,WALLIS F IS,0.21,0,0.21,0.21,0,0,0,215,229,218,2010-2011,0.08,0,0.08,0.07,172.36,,annual
2011-2012,TURKS C IS,0.17,0.01,0.18,0.16,0,0,0,216,215,219,2010-2011,0.05,0.08,0.13,-0.02,226.28,-82.04,annual
2011-2012,COOK IS,0.12,0.03,0.15,0.08,0,0,0,219,203,220,2010-2011,0.04,0.08,0.13,-0.04,175.04,-58.96,annual
2011-2012,ST HELENA,0.04,0.07,0.11,-0.03,0,0,0,222,197,221,2010-2011,0.19,0.18,0.36,0.01,-76.61,-60.78,annual
2011-2012,TOKELAU IS,0.05,0.01,0.05,0.04,0,0,0,221,213,222,2010-2011,14.94,0.01,14.96,14.93,-99.69,-51.38,annual
2011-2012,CHRISTMAS IS.,0.02,0,0.02,0.02,0,0,0,223,218,223,2010-2011,1.18,0.06,1.23,1.12,-98.48,-96.72,annual
2011-2012,FR S ANT TR,0.02,0,0.02,0.02,0,0,0,224,219,224,2010-2011,0,0.01,0.01,-0.01,608.24,,annual
2011-2012,N. MARIANA IS.,0.02,0,0.02,0.02,0,0,0,225,224,225,2010-2011,0.14,0.06,0.2,0.07,-82.62,,annual
2011-2012,TUVALU,0.01,0.01,0.02,0.01,0,0,0,226,216,226,2010-2011,0.12,0,0.12,0.12,-88.47,,annual
2011-2012,NIUE IS,0,0,0.01,0,0,0,0,228,225,227,2010-2011,0.01,0,0.01,0.01,-45.69,481.67,annual
2011-2012,HEARD MACDONALD,0,0,0,0,0,0,0,227,220,228,2010-2011,0.45,0,0.45,0.45,,,annual
2011-2012,ST PIERRE,0,0,0,0,0,0,0,229,226,229,2010-2011,0.06,0.01,0.07,0.04,,,annual
2012-2013,U ARAB EMTS,36316.65,39138.36,75455.01,-2821.71,12.09,7.98,9.54,1,2,1,2011-2012,35925.52,36768.16,72693.68,-842.64,1.09,6.45,annual
2012-2013,CHINA P RP,13579.51,52248.33,65827.84,-38668.81,4.52,10.65,8.32,4,1,2,2011-2012,18118.18,54688.19,72806.36,-36570.01,-25.05,-4.46,annual
2012-2013,U S A,36160.84,25204.73,61365.57,10956.11,12.04,5.14,7.76,2,5,3,2011-2012,34745.52,23380.86,58126.38,11364.66,4.07,7.8,annual
2012-2013,SAUDI ARAB,9785.84,33998.11,43783.95,-24212.27,3.26,6.93,5.53,7,3,4,2011-2012,5683.29,32107.74,37791.03,-26424.44,72.19,5.89,annual
2012-2013,SWITZERLAND,1118.17,32166.54,33284.71,-31048.36,0.37,6.55,4.21,45,4,5,2011-2012,1095.73,35241.74,36337.47,-34146.01,2.05,-8.73,annual
2012-2013,GERMANY,7253.38,14325.79,21579.17,-7072.4,2.41,2.92,2.73,9,10,6,2011-2012,7946.19,15498.62,23444.81,-7552.43,-8.72,-7.57,annual
2012-2013,SINGAPORE,13619.31,7486.38,21105.7,6132.93,4.53,1.53,2.67,3,21,7,2011-2012,16857.77,8339.36,25197.13,8518.4,-19.21,-10.23,annual
2012-2013,IRAQ,1278.13,19247.31,20525.44,-17969.18,0.43,3.92,2.59,43,6,8,2011-2012,763.97,18919.32,19683.29,-18155.34,67.3,1.73,annual
2012-2013,INDONESIA,5331.31,14879.49,20210.8,-9548.18,1.77,3.03,2.55,14,9,9,2011-2012,6678,14839.39,21517.39,-8161.39,-20.17,0.27,annual
2012-2013,HONG KONG,12279.2,7907.17,20186.37,4372.04,4.09,1.61,2.55,5,20,10,2011-2012,12931.9,10416.95,23348.85,2514.94,-5.05,-24.09,annual
2012-2013,JAPAN,6101.24,12412.29,18513.54,-6311.05,2.03,2.53,2.34,10,14,11,2011-2012,6330.22,11965.38,18295.6,-5635.16,-3.62,3.74,annual
2012-2013,KUWAIT,1061.08,16588.13,17649.21,-15527.05,0.35,3.38,2.23,47,7,12,2011-2012,1181.41,16333.51,17514.91,-15152.1,-10.19,1.56,annual
2012-2013,KOREA RP,4205.67,13105.12,17310.79,-8899.44,1.4,2.67,2.19,20,12,13,2011-2012,4355.22,12793.34,17148.56,-8438.12,-3.43,2.44,annual
2012-2013,QATAR,687.18,15693.08,16380.26,-15005.89,0.23,3.2,2.07,57,8,14,2011-2012,807.95,12927.08,13735.03,-12119.14,-14.95,21.4,annual
2012-2013,BELGIUM,5507.32,10046.87,15554.19,-4539.55,1.83,2.05,1.97,12,17,15,2011-2012,7161.16,10373.86,17535.02,-3212.7,-23.09,-3.15,annual
2012-2013,AUSTRALIA,2348.65,13085.7,15434.34,-10737.05,0.78,2.67,1.95,35,13,16,2011-2012,2476.84,15783.44,18260.27,-13306.6,-5.18,-17.09,annual
2012-2013,IRAN,3351.21,11594.46,14945.67,-8243.25,1.12,2.36,1.89,27,16,17,2011-2012,2411.36,13720.97,16132.33,-11309.62,38.98,-15.5,annual
2012-2013,U K,8649.24,6293.09,14942.32,2356.15,2.88,1.28,1.89,8,23,18,2011-2012,8628.12,7130.41,15758.53,1497.7,0.24,-11.74,annual
2012-2013,NIGERIA,2740.04,12086.11,14826.15,-9346.07,0.91,2.46,1.87,32,15,19,2011-2012,2702.01,14755.19,17457.21,-12053.18,1.41,-18.09,annual
2012-2013,MALAYSIA,4444.1,9951.06,14395.15,-5506.96,1.48,2.03,1.82,18,18,20,2011-2012,3980.36,9473.63,13453.99,-5493.26,11.65,5.04,annual
2012-2013,VENEZUELA,234.14,14117.67,14351.81,-13883.54,0.08,2.88,1.81,92,11,21,2011-2012,249.74,6666.74,6916.48,-6416.99,-6.25,111.76,annual
2012-2013,SOUTH AFRICA,5106.93,8887.89,13994.82,-3780.95,1.7,1.81,1.77,16,19,22,2011-2012,4731.18,11237.99,15969.17,-6506.81,7.94,-20.91,annual
2012-2013,NETHERLAND,10566.46,2379.09,12945.55,8187.36,3.52,0.48,1.64,6,35,23,2011-2012,9152.61,2604.9,11757.52,6547.71,15.45,-8.67,annual
2012-2013,BRAZIL,6048.57,4825.76,10874.33,1222.81,2.01,0.98,1.37,11,25,24,2011-2012,5769.75,4271.3,10041.04,1498.45,4.83,12.98,annual
2012-2013,FRANCE,4986.64,4652.36,9639,334.27,1.66,0.95,1.22,17,27,25,2011-2012,4558.33,4300.2,8858.53,258.14,9.4,8.19,annual
2012-2013,THAILAND,3733.17,5352.61,9085.78,-1619.44,1.24,1.09,1.15,26,24,26,2011-2012,2961.01,5278.71,8239.72,-2317.71,26.08,1.4,annual
2012-2013,ITALY,4373.1,4711.27,9084.37,-338.17,1.46,0.96,1.15,19,26,27,2011-2012,4885.38,5045.26,9930.64,-159.88,-10.49,-6.62,annual
2012-2013,ANGOLA,488.79,7157.54,7646.33,-6668.75,0.16,1.46,0.97,66,22,28,2011-2012,454.33,6624.74,7079.06,-6170.41,7.59,8.04,annual
2012-2013,UNSPECIFIED,5332.69,1924.94,7257.64,3407.75,1.78,0.39,0.92,13,41,29,2011-2012,16336.76,1043.88,17380.64,15292.88,-67.36,84.4,annual
2012-2013,TAIWAN,3043.99,3963.35,7007.34,-919.36,1.01,0.81,0.89,29,30,30,2011-2012,3348.44,4805.43,8153.87,-1456.99,-9.09,-17.52,annual
2012-2013,RUSSIA,2295.68,4231.56,6527.25,-1935.88,0.76,0.86,0.83,36,28,31,2011-2012,1778.27,4787.11,6565.38,-3008.84,29.1,-11.61,annual
2012-2013,VIETNAM SOC REP,3967.37,2314.78,6282.15,1652.6,1.32,0.47,0.79,22,38,32,2011-2012,3719.09,1717.49,5436.58,2001.6,6.68,34.78,annual
2012-2013,ISRAEL,3740.19,2356.66,6096.85,1383.53,1.25,0.48,0.77,25,36,33,2011-2012,4041.78,2647.42,6689.2,1394.37,-7.46,-10.98,annual
2012-2013,TURKEY,3963.66,2034.18,5997.84,1929.48,1.32,0.41,0.76,23,39,34,2011-2012,3547.26,1222.56,4769.82,2324.71,11.74,66.39,annual
2012-2013,BANGLADESH PR,5144.99,639.33,5784.32,4505.67,1.71,0.13,0.73,15,62,35,2011-2012,3789.21,585.73,4374.94,3203.47,35.78,9.15,annual
2012-2013,MEXICO,1628.24,4037.62,5665.86,-2409.37,0.54,0.82,0.72,40,29,36,2011-2012,1368.21,2566.79,3935,-1198.58,19,57.3,annual
2012-2013,EGYPT A RP,2897.33,2553.47,5450.8,343.86,0.96,0.52,0.69,30,34,37,2011-2012,2421.95,3004.45,5426.4,-582.51,19.63,-15.01,annual
2012-2013,CANADA,2036.58,2800.22,4836.8,-763.64,0.68,0.57,0.61,39,32,38,2011-2012,2053.56,2897.55,4951.11,-843.99,-0.83,-3.36,annual
2012-2013,SPAIN,2865.9,1815.66,4681.55,1050.24,0.95,0.37,0.59,31,43,39,2011-2012,2999.7,1817.73,4817.43,1181.98,-4.46,-0.11,annual
2012-2013,SRI LANKA DSR,3983.87,625.81,4609.68,3358.06,1.33,0.13,0.58,21,63,40,2011-2012,4378.79,578.04,4956.83,3800.76,-9.02,8.26,annual
2012-2013,OMAN,2599.49,2009.72,4609.21,589.78,0.87,0.41,0.58,34,40,41,2011-2012,1322.13,3347.17,4669.3,-2025.03,96.61,-39.96,annual
2012-2013,KENYA,3770.35,105.95,3876.3,3664.4,1.26,0.02,0.49,24,99,42,2011-2012,2277.48,113.3,2390.77,2164.18,65.55,-6.48,annual
2012-2013,CHILE,690,2992.31,3682.31,-2302.31,0.23,0.61,0.47,56,31,43,2011-2012,522.09,2194.15,2716.24,-1672.06,32.16,36.38,annual
2012-2013,NEPAL,3088.84,543.1,3631.94,2545.73,1.03,0.11,0.46,28,65,44,2011-2012,2721.57,549.89,3271.45,2171.68,13.49,-1.23,annual
2012-2013,COLOMBIA,912.12,2352.79,3264.91,-1440.67,0.3,0.48,0.41,50,37,45,2011-2012,892.42,560.27,1452.69,332.15,2.21,319.94,annual
2012-2013,UKRAINE,520.09,2657.47,3177.56,-2137.38,0.17,0.54,0.4,64,33,46,2011-2012,491.28,2492.87,2984.15,-2001.59,5.86,6.6,annual
2012-2013,TANZANIA REP,2152.25,752.88,2905.13,1399.37,0.72,0.15,0.37,37,57,47,2011-2012,1614.69,240.57,1855.26,1374.13,33.29,212.96,annual
2012-2013,BAHAMAS,2669.86,102.28,2772.14,2567.58,0.89,0.02,0.35,33,101,48,2011-2012,2243.52,3.54,2247.06,2239.98,19,2786.35,annual
2012-2013,PAKISTAN IR,2064.89,541.87,2606.75,1523.02,0.69,0.11,0.33,38,66,49,2011-2012,1541.57,361.93,1903.5,1179.65,33.95,49.72,annual
2012-2013,YEMEN REPUBLC,1477.27,958.92,2436.19,518.35,0.49,0.2,0.31,41,49,50,2011-2012,730.62,970.92,1701.53,-240.3,102.19,-1.24,annual
2012-2013,SWEDEN,686.15,1681.43,2367.58,-995.29,0.23,0.34,0.3,58,44,51,2011-2012,825,1910.63,2735.64,-1085.63,-16.83,-12,annual
2012-2013,LIBYA,215.3,1834.8,2050.09,-1619.5,0.07,0.37,0.26,96,42,52,2011-2012,60.98,38.33,99.31,22.65,253.07,4687.03,annual
2012-2013,MYANMAR,544.66,1412.69,1957.35,-868.03,0.18,0.29,0.25,61,45,53,2011-2012,545.38,1386.1,1931.47,-840.72,-0.13,1.92,annual
2012-2013,JORDAN,1000.57,942.28,1942.85,58.29,0.33,0.19,0.25,49,51,54,2011-2012,821.08,1483.43,2304.51,-662.36,21.86,-36.48,annual
2012-2013,ALGERIA,1088.73,683.55,1772.28,405.18,0.36,0.14,0.22,46,59,55,2011-2012,835.65,2161.26,2996.91,-1325.61,30.29,-68.37,annual
2012-2013,ARGENTINA,539.96,1198.71,1738.67,-658.75,0.18,0.24,0.22,62,47,56,2011-2012,473.63,1105.7,1579.33,-632.07,14,8.41,annual
2012-2013,MOROCCO,426.56,1309.03,1735.59,-882.47,0.14,0.27,0.22,70,46,57,2011-2012,372.1,1658.15,2030.25,-1286.04,14.63,-21.05,annual
2012-2013,PHILIPPINES,1187.19,504,1691.18,683.19,0.4,0.1,0.21,44,71,58,2011-2012,992.91,437.49,1430.4,555.42,19.57,15.2,annual
2012-2013,POLAND,810.91,863.25,1674.16,-52.35,0.27,0.18,0.21,51,54,59,2011-2012,787,578.01,1365.01,208.99,3.04,49.35,annual
2012-2013,FINLAND,317.47,1106.85,1424.33,-789.38,0.11,0.23,0.18,77,48,60,2011-2012,314.49,2112.55,2427.03,-1798.06,0.95,-47.61,annual
2012-2013,MAURITIUS,1310.8,28.44,1339.24,1282.36,0.44,0.01,0.17,42,122,61,2011-2012,1400.51,38.38,1438.88,1362.13,-6.41,-25.89,annual
2012-2013,MOZAMBIQUE,1001.18,291.49,1292.68,709.69,0.33,0.06,0.16,48,79,62,2011-2012,533.36,104.34,637.7,429.02,87.71,179.37,annual
2012-2013,BAHARAIN IS,603.47,664.66,1268.13,-61.19,0.2,0.14,0.16,60,60,63,2011-2012,439.99,910.01,1349.99,-470.02,37.16,-26.96,annual
2012-2013,AUSTRIA,328.71,929.22,1257.93,-600.51,0.11,0.19,0.16,75,52,64,2011-2012,341.84,1064.6,1406.44,-722.76,-3.84,-12.72,annual
2012-2013,DENMARK,707.29,541.71,1249,165.58,0.24,0.11,0.16,55,67,65,2011-2012,757.51,610.4,1367.91,147.11,-6.63,-11.25,annual
2012-2013,PERU,637.97,561.32,1199.29,76.65,0.21,0.11,0.15,59,64,66,2011-2012,564.3,556.12,1120.42,8.19,13.05,0.94,annual
2012-2013,NORWAY,234.6,944.98,1179.59,-710.38,0.08,0.19,0.15,91,50,67,2011-2012,334.23,855.5,1189.73,-521.27,-29.81,10.46,annual
2012-2013,ECUADOR,263.55,872.54,1136.1,-608.99,0.09,0.18,0.14,85,53,68,2011-2012,231.55,44.19,275.75,187.36,13.82,1874.34,annual
2012-2013,GHANA,744.12,277.61,1021.74,466.51,0.25,0.06,0.13,54,80,69,2011-2012,800.35,331.21,1131.56,469.14,-7.03,-16.18,annual
2012-2013,NEW ZEALAND,302.06,696.62,998.68,-394.56,0.1,0.14,0.13,78,58,70,2011-2012,251.64,827.09,1078.74,-575.45,20.04,-15.78,annual
2012-2013,PORTUGAL,528.46,378.21,906.67,150.25,0.18,0.08,0.11,63,76,71,2011-2012,525.27,296.76,822.03,228.51,0.61,27.45,annual
2012-2013,CZECH REPUBLIC,251.4,644.26,895.67,-392.86,0.08,0.13,0.11,87,61,72,2011-2012,271.85,726.81,998.67,-454.96,-7.52,-11.36,annual
2012-2013,IRELAND,387.12,497.15,884.27,-110.04,0.13,0.1,0.11,74,72,73,2011-2012,380.63,409.47,790.11,-28.84,1.7,21.41,annual
2012-2013,SUDAN,755.12,127.14,882.26,627.99,0.25,0.03,0.11,52,95,74,2011-2012,717.37,429.67,1147.04,287.7,5.26,-70.41,annual
2012-2013,GABON,54.17,817.04,871.21,-762.87,0.02,0.17,0.11,140,55,75,2011-2012,47,146.22,193.22,-99.22,15.24,458.77,annual
2012-2013,BRUNEI,40.02,814.8,854.82,-774.78,0.01,0.17,0.11,148,56,76,2011-2012,895.49,604.97,1500.47,290.52,-95.53,34.68,annual
2012-2013,ETHIOPIA,748.82,38.56,787.38,710.27,0.25,0.01,0.1,53,115,77,2011-2012,464.17,29.39,493.55,434.78,61.33,31.21,annual
2012-2013,COTE D' IVOIRE,395.97,384.23,780.2,11.75,0.13,0.08,0.1,73,75,78,2011-2012,282.53,466.79,749.32,-184.26,40.15,-17.69,annual
2012-2013,GUINEA,206.07,527.83,733.9,-321.76,0.07,0.11,0.09,97,68,79,2011-2012,131.94,262.21,394.14,-130.27,56.19,101.3,annual
2012-2013,BENIN,479.13,245.73,724.86,233.39,0.16,0.05,0.09,67,83,80,2011-2012,654.69,254.7,909.39,400,-26.82,-3.52,annual
2012-2013,CAMEROON,250.98,443.18,694.16,-192.2,0.08,0.09,0.09,88,74,81,2011-2012,196.39,523.58,719.98,-327.19,27.79,-15.36,annual
2012-2013,CONGO P REP,199.12,454.72,653.84,-255.6,0.07,0.09,0.08,99,73,82,2011-2012,347.4,254.95,602.35,92.45,-42.68,78.36,annual
2012-2013,AFGHANISTAN,472.63,159.55,632.18,313.07,0.16,0.03,0.08,68,90,83,2011-2012,510.9,133.03,643.94,377.87,-7.49,19.94,annual
2012-2013,AZERBAIJAN,87.16,521.39,608.55,-434.22,0.03,0.11,0.08,121,70,84,2011-2012,71.62,494.35,565.98,-422.73,21.7,5.47,annual
2012-2013,ROMANIA,283.15,311.12,594.27,-27.97,0.09,0.06,0.08,83,78,85,2011-2012,269.54,459.46,729,-189.92,5.05,-32.29,annual
2012-2013,HUNGARY,323.74,262.91,586.66,60.83,0.11,0.05,0.07,76,81,86,2011-2012,316,428.23,744.22,-112.23,2.45,-38.6,annual
2012-2013,ZAMBIA,243.08,324.87,567.95,-81.79,0.08,0.07,0.07,90,77,87,2011-2012,210.91,168.72,379.63,42.19,15.25,92.55,annual
2012-2013,EQUTL GUINEA,21.31,524.83,546.14,-503.52,0.01,0.11,0.07,162,69,88,2011-2012,17.15,206.11,223.26,-188.95,24.23,154.64,annual
2012-2013,TUNISIA,298.79,215.34,514.12,83.45,0.1,0.04,0.06,81,86,89,2011-2012,285.62,164.16,449.78,121.46,4.61,31.18,annual
2012-2013,UGANDA,465,27.4,492.4,437.6,0.15,0.01,0.06,69,124,90,2011-2012,435.08,18.23,453.31,416.85,6.88,50.31,annual
2012-2013,SENEGAL,490.24,0.39,490.63,489.85,0.16,0,0.06,65,186,91,2011-2012,365.05,19.57,384.62,345.49,34.29,-98,annual
2012-2013,TOGO,299.88,177.41,477.29,122.47,0.1,0.04,0.06,80,88,92,2011-2012,355,150.32,505.31,204.68,-15.53,18.03,annual
2012-2013,KOREA DP RP,202.83,259.39,462.22,-56.56,0.07,0.05,0.06,98,82,93,2011-2012,229.19,197.72,426.91,31.48,-11.5,31.19,annual
2012-2013,MALTA,398.22,42.6,440.81,355.62,0.13,0.01,0.06,72,114,94,2011-2012,848.99,42.17,891.16,806.81,-53.1,1,annual
2012-2013,KAZAKHSTAN,286.23,139.99,426.22,146.24,0.1,0.03,0.05,82,93,95,2011-2012,244.39,195.67,440.06,48.72,17.12,-28.46,annual
2012-2013,DJIBOUTI,411.86,5.18,417.04,406.67,0.14,0,0.05,71,158,96,2011-2012,475.34,2.16,477.5,473.18,-13.35,139.77,annual
2012-2013,GREECE,300.13,111.87,412.01,188.26,0.1,0.02,0.05,79,97,97,2011-2012,790.06,111.81,901.86,678.25,-62.01,0.06,annual
2012-2013,BHUTAN,233.22,164,397.22,69.22,0.08,0.03,0.05,93,89,98,2011-2012,229.86,202.55,432.41,27.3,1.46,-19.03,annual
2012-2013,SLOVENIA,273.91,117.5,391.41,156.41,0.09,0.02,0.05,84,96,99,2011-2012,227.02,156.83,383.85,70.19,20.65,-25.08,annual
2012-2013,SYRIA,258.77,80.37,339.14,178.4,0.09,0.02,0.04,86,103,100,2011-2012,536.48,178.66,715.14,357.82,-51.77,-55.02,annual
2012-2013,PANAMA REPUBLIC,226.49,109.55,336.04,116.95,0.08,0.02,0.04,94,98,101,2011-2012,232.17,159.08,391.25,73.1,-2.45,-31.14,annual
2012-2013,ESTONIA,91.88,219.9,311.78,-128.01,0.03,0.04,0.04,120,84,102,2011-2012,116.48,231.46,347.94,-114.99,-21.11,-5,annual
2012-2013,COSTA RICA,74.28,219.72,294,-145.44,0.02,0.04,0.04,127,85,103,2011-2012,65.53,178.4,243.93,-112.86,13.34,23.16,annual
2012-2013,LEBANON,250.55,30.01,280.55,220.54,0.08,0.01,0.04,89,120,104,2011-2012,231.87,21.46,253.33,210.42,8.05,39.85,annual
2012-2013,BELARUS,55.27,214.55,269.81,-159.28,0.02,0.04,0.03,138,87,105,2011-2012,121.72,178.52,300.24,-56.8,-54.6,20.18,annual
2012-2013,BULGARIA,156.98,90.09,247.07,66.88,0.05,0.02,0.03,102,102,106,2011-2012,108.78,101.65,210.43,7.13,44.31,-11.37,annual
2012-2013,GUATEMALA,224.61,8.31,232.92,216.3,0.07,0,0.03,95,152,107,2011-2012,191.29,6.72,198,184.57,17.42,23.67,annual
2012-2013,MADAGASCAR,154.42,72.88,227.3,81.54,0.05,0.01,0.03,103,105,108,2011-2012,123.63,82.42,206.05,41.21,24.91,-11.58,annual
2012-2013,CHAD,46.42,157.16,203.57,-110.74,0.02,0.03,0.03,144,91,109,2011-2012,38.91,45.98,84.89,-7.08,19.3,241.76,annual
2012-2013,MALAWI,153.3,43.11,196.4,110.19,0.05,0.01,0.02,104,113,110,2011-2012,148.26,23.69,171.96,124.57,3.4,81.93,annual
2012-2013,SOMALIA,182.32,12.54,194.86,169.78,0.06,0,0.02,101,141,111,2011-2012,144.72,3.4,148.12,141.32,25.98,268.83,annual
2012-2013,LITHUANIA,147.43,45.91,193.34,101.52,0.05,0.01,0.02,106,112,112,2011-2012,134.89,203.09,337.98,-68.2,9.3,-77.4,annual
2012-2013,SIERRA LEONE,184.23,5.8,190.02,178.43,0.06,0,0.02,100,156,113,2011-2012,86.23,5.53,91.76,80.71,113.64,4.89,annual
2012-2013,ZIMBABWE,153.19,34.54,187.73,118.65,0.05,0.01,0.02,105,116,114,2011-2012,129.32,2.98,132.3,126.34,18.46,1059.02,annual
2012-2013,GEORGIA,124.16,57.53,181.69,66.63,0.04,0.01,0.02,112,110,115,2011-2012,121.74,58.95,180.69,62.79,1.99,-2.4,annual
2012-2013,LATVIA,104.08,73.63,177.71,30.45,0.03,0.02,0.02,119,104,116,2011-2012,96.18,143.7,239.88,-47.53,8.22,-48.76,annual
2012-2013,SLOVAK REP,107.01,63.44,170.45,43.58,0.04,0.01,0.02,117,108,117,2011-2012,94.36,86.48,180.84,7.88,13.41,-26.65,annual
2012-2013,URUGUAY,143.19,24.41,167.6,118.78,0.05,0,0.02,108,126,118,2011-2012,140.68,27.63,168.31,113.06,1.78,-11.63,annual
2012-2013,LAO PD RP,28.91,138.64,167.56,-109.73,0.01,0.03,0.02,157,94,119,2011-2012,14.97,89.14,104.11,-74.16,93.1,55.54,annual
2012-2013,UZBEKISTAN,124.9,31.85,156.75,93.05,0.04,0.01,0.02,111,117,120,2011-2012,89.39,30.25,119.64,59.13,39.73,5.27,annual
2012-2013,CROATIA,133.96,18.05,152.01,115.9,0.04,0,0.02,109,133,121,2011-2012,114.77,23.97,138.74,90.8,16.72,-24.68,annual
2012-2013,GUINEA BISSAU,10.88,140.2,151.09,-129.32,0,0.03,0.02,168,92,122,2011-2012,12.42,235.68,248.09,-223.26,-12.34,-40.51,annual
2012-2013,LIBERIA,127.02,21.02,148.04,106,0.04,0,0.02,110,131,123,2011-2012,78.78,8.99,87.77,69.79,61.23,133.78,annual
2012-2013,CONGO D. REP.,147.29,0,147.29,147.29,0.05,0,0.02,107,214,124,2011-2012,6.88,0.02,6.9,6.87,2039.73,,annual
2012-2013,PAPUA N GNA,29.77,104.64,134.42,-74.87,0.01,0.02,0.02,155,100,125,2011-2012,35.9,199.81,235.71,-163.91,-17.07,-47.63,annual
2012-2013,PUERTO RICO,106.29,23.2,129.49,83.1,0.04,0,0.02,118,127,126,2011-2012,103.03,34.53,137.56,68.51,3.17,-32.82,annual
2012-2013,MALDIVES,122.36,6.29,128.65,116.08,0.04,0,0.02,113,155,127,2011-2012,124.6,18.91,143.51,105.69,-1.79,-66.76,annual
2012-2013,HONDURAS,109.99,17.82,127.82,92.17,0.04,0,0.02,115,134,128,2011-2012,91.66,7.75,99.41,83.91,19.99,129.97,annual
2012-2013,NIGER,56.18,69.05,125.23,-12.87,0.02,0.01,0.02,135,107,129,2011-2012,88.07,73.68,161.75,14.39,-36.21,-6.29,annual
2012-2013,CAMBODIA,112.28,11.9,124.18,100.38,0.04,0,0.02,114,142,130,2011-2012,99.45,7.28,106.73,92.17,12.9,63.48,annual
2012-2013,DOMINIC REP,108.86,10.81,119.67,98.05,0.04,0,0.02,116,145,131,2011-2012,103.43,6.17,109.6,97.26,5.25,75.15,annual
2012-2013,SWAZILAND,47.26,70.71,117.97,-23.45,0.02,0.01,0.01,143,106,132,2011-2012,22.91,46.24,69.15,-23.33,106.28,52.92,annual
2012-2013,BOTSWANA,51.48,57.61,109.09,-6.12,0.02,0.01,0.01,141,109,133,2011-2012,50.44,51.39,101.83,-0.94,2.06,12.1,annual
2012-2013,MALI,78.66,29.55,108.21,49.12,0.03,0.01,0.01,125,121,134,2011-2012,98.37,6.19,104.56,92.18,-20.03,377.57,annual
2012-2013,BURKINA FASO,86.1,14.66,100.76,71.44,0.03,0,0.01,122,137,135,2011-2012,85.05,16.41,101.46,68.64,1.23,-10.68,annual
2012-2013,PARAGUAY,82.94,8.66,91.61,74.28,0.03,0,0.01,123,149,136,2011-2012,66.93,11.05,77.97,55.88,23.93,-21.57,annual
2012-2013,TRINIDAD,81.52,8.9,90.42,72.63,0.03,0,0.01,124,148,137,2011-2012,82.46,203.75,286.21,-121.29,-1.14,-95.63,annual
2012-2013,GAMBIA,55.56,30.31,85.87,25.25,0.02,0.01,0.01,137,119,138,2011-2012,64.21,40.02,104.23,24.19,-13.47,-24.25,annual
2012-2013,UNION OF SERBIA & MONTENEGRO,71,13.15,84.15,57.85,0.02,0,0.01,128,139,139,2011-2012,41.7,2.32,44.02,39.39,70.26,467.97,annual
2012-2013,TURKMENISTAN,69.92,8.33,78.25,61.59,0.02,0,0.01,129,151,140,2011-2012,43.95,19.71,63.67,24.24,59.08,-57.75,annual
2012-2013,RWANDA,77.86,0.24,78.1,77.62,0.03,0,0.01,126,188,141,2011-2012,48.28,0.15,48.43,48.13,61.28,61.4,annual
2012-2013,REUNION,48.87,27.74,76.61,21.13,0.02,0.01,0.01,142,123,142,2011-2012,48.03,27.55,75.58,20.47,1.76,0.69,annual
2012-2013,CYPRUS,54.99,21.27,76.27,33.72,0.02,0,0.01,139,129,143,2011-2012,56.62,28.29,84.92,28.33,-2.88,-24.81,annual
2012-2013,NETHERLANDANTIL,59.87,15.73,75.6,44.15,0.02,0,0.01,131,135,144,2011-2012,39.31,28.24,67.55,11.07,52.32,-44.31,annual
2012-2013,NAMIBIA,56.82,9.19,66.01,47.62,0.02,0,0.01,134,147,145,2011-2012,64.33,10.21,74.53,54.12,-11.67,-9.92,annual
2012-2013,HAITI,63.69,1.32,65.01,62.36,0.02,0,0.01,130,175,146,2011-2012,48.3,1.94,50.24,46.35,31.86,-31.86,annual
2012-2013,BOLIVIA,57.39,7.41,64.79,49.98,0.02,0,0.01,133,154,147,2011-2012,24.84,4.06,28.91,20.78,131,82.29,annual
2012-2013,EL SALVADOR,56.06,8.64,64.71,47.42,0.02,0,0.01,136,150,148,2011-2012,37.52,8.3,45.81,29.22,49.44,4.2,annual
2012-2013,NICARAGUA,59.26,0.82,60.07,58.44,0.02,0,0.01,132,179,149,2011-2012,45.7,0.98,46.68,44.72,29.66,-16.81,annual
2012-2013,LUXEMBOURG,8.2,48.09,56.29,-39.89,0,0.01,0.01,172,111,150,2011-2012,9.1,56.77,65.87,-47.67,-9.83,-15.29,annual
2012-2013,MAURITANIA,41.84,11.25,53.09,30.59,0.01,0,0.01,145,143,151,2011-2012,46.52,4.44,50.95,42.08,-10.05,153.66,annual
2012-2013,ALBANIA,17.48,31.04,48.52,-13.57,0.01,0.01,0.01,166,118,152,2011-2012,12.63,141.11,153.74,-128.48,38.38,-78,annual
2012-2013,TAJIKISTAN,35.16,12.86,48.01,22.3,0.01,0,0.01,151,140,153,2011-2012,21.28,8.86,30.14,12.42,65.25,45.09,annual
2012-2013,SURINAME,30.34,13.4,43.74,16.94,0.01,0,0.01,154,138,154,2011-2012,10.43,4.39,14.82,6.04,190.86,205.31,annual
2012-2013,FIJI IS,41.01,1.38,42.38,39.63,0.01,0,0.01,146,173,155,2011-2012,36.78,2.51,39.3,34.27,11.48,-45.16,annual
2012-2013,ARMENIA,40.48,1.48,41.96,39,0.01,0,0.01,147,171,156,2011-2012,38.29,6.16,44.45,32.14,5.71,-75.94,annual
2012-2013,SEYCHELLES,38.87,2.4,41.28,36.47,0.01,0,0.01,149,165,157,2011-2012,34.72,2.59,37.31,32.13,11.97,-7.31,annual
2012-2013,CUBA,35.82,3.95,39.77,31.87,0.01,0,0.01,150,161,158,2011-2012,36.67,4.07,40.75,32.6,-2.32,-2.94,annual
2012-2013,NEW CALEDONIA,12.52,27.07,39.6,-14.55,0,0.01,0.01,167,125,159,2011-2012,59.5,11.27,70.77,48.23,-78.96,140.19,annual
2012-2013,KYRGHYZSTAN,34.99,2.09,37.07,32.9,0.01,0,0,152,167,160,2011-2012,30.55,0.93,31.48,29.62,14.53,124.02,annual
2012-2013,MONGOLIA,23.66,10.18,33.85,13.48,0.01,0,0,159,146,161,2011-2012,34.97,15.17,50.14,19.8,-32.34,-32.88,annual
2012-2013,BURUNDI,32.67,0.23,32.9,32.45,0.01,0,0,153,190,162,2011-2012,24.12,0.52,24.64,23.6,35.47,-56.54,annual
2012-2013,JAMAICA,29.7,2.4,32.1,27.3,0.01,0,0,156,164,163,2011-2012,26.66,1.57,28.23,25.09,11.41,52.68,annual
2012-2013,MACEDONIA,9.12,22.94,32.06,-13.82,0,0,0,169,128,164,2011-2012,8.86,14.77,23.64,-5.91,2.89,55.3,annual
2012-2013,ERITREA,18.99,10.9,29.89,8.09,0.01,0,0,164,144,165,2011-2012,31.52,3.58,35.1,27.95,-39.77,204.78,annual
2012-2013,COMOROS,20.74,8.02,28.75,12.72,0.01,0,0,163,153,166,2011-2012,10.98,3.26,14.24,7.72,88.89,145.92,annual
2012-2013,ICELAND,25.92,2.21,28.13,23.71,0.01,0,0,158,166,167,2011-2012,34.03,4.67,38.7,29.36,-23.84,-52.69,annual
2012-2013,BOSNIA-HRZGOVIN,6.91,19.82,26.74,-12.91,0,0,0,173,132,168,2011-2012,5.79,18.41,24.2,-12.62,19.45,7.68,annual
2012-2013,GUYANA,21.94,4.59,26.53,17.36,0.01,0,0,161,159,169,2011-2012,21.53,9.08,30.61,12.44,1.94,-49.5,annual
2012-2013,BELIZE,23.56,0.21,23.78,23.35,0.01,0,0,160,191,170,2011-2012,26.1,0.08,26.17,26.02,-9.7,171.27,annual
2012-2013,LESOTHO,18.25,4.36,22.61,13.89,0.01,0,0,165,160,171,2011-2012,21.2,3.04,24.24,18.16,-13.91,43.34,annual
2012-2013,NAURU RP,0,21.03,21.03,-21.03,0,0,0,227,130,172,2011-2012,0.21,15.18,15.39,-14.97,-99.11,38.53,annual
2012-2013,SOLOMON IS,1.52,15.13,16.66,-13.61,0,0,0,185,136,173,2011-2012,1.18,22.1,23.27,-20.92,29.35,-31.52,annual
2012-2013,C AFRI REP,8.45,1.99,10.44,6.46,0,0,0,171,168,174,2011-2012,6.28,2.02,8.29,4.26,34.66,-1.06,annual
2012-2013,MOLDOVA,8.94,0.69,9.63,8.25,0,0,0,170,181,175,2011-2012,7.5,0.45,7.95,7.05,19.19,52.19,annual
2012-2013,VANUATU REP,3.43,5.37,8.8,-1.94,0,0,0,177,157,176,2011-2012,2.67,0,2.67,2.67,28.73,,annual
2012-2013,GUADELOUPE,6.58,0.42,6.99,6.16,0,0,0,174,183,177,2011-2012,7.09,1.89,8.98,5.21,-7.28,-77.93,annual
2012-2013,BARBADOS,5.87,0.1,5.97,5.77,0,0,0,176,194,178,2011-2012,7.55,0.58,8.12,6.97,-22.21,-83.47,annual
2012-2013,MARTINIQUE,5.88,0.04,5.92,5.84,0,0,0,175,205,179,2011-2012,6.46,0,6.46,6.46,-8.91,,annual
2012-2013,FR GUIANA,3.3,1.38,4.68,1.92,0,0,0,178,174,180,2011-2012,1.62,106.46,108.08,-104.83,103.13,-98.71,annual
2012-2013,CAPE VERDE IS,0.95,3.42,4.37,-2.48,0,0,0,193,162,181,2011-2012,0.47,3.23,3.7,-2.76,101.59,5.78,annual
2012-2013,DOMINICA,2.4,1.58,3.98,0.82,0,0,0,180,169,182,2011-2012,2.82,0.26,3.08,2.56,-14.78,501.81,annual
2012-2013,MONACO,0.75,3.23,3.98,-2.48,0,0,0,196,163,183,2011-2012,0.52,2.58,3.1,-2.06,43.84,25.19,annual
2012-2013,ARUBA,2.88,0.24,3.11,2.64,0,0,0,179,187,184,2011-2012,2.68,0.11,2.79,2.57,7.41,116.29,annual
2012-2013,MACAO,0.96,1.5,2.46,-0.54,0,0,0,192,170,185,2011-2012,1.48,0.83,2.31,0.65,-34.85,80.83,annual
2012-2013,TIMOR LESTE,2.15,0.05,2.2,2.1,0,0,0,181,202,186,2011-2012,7.42,22.17,29.59,-14.75,-70.99,-99.77,annual
2012-2013,SAMOA,2.01,0.18,2.19,1.83,0,0,0,182,192,187,2011-2012,2.2,0.16,2.35,2.04,-8.59,13.39,annual
2012-2013,VIRGIN IS US,1.43,0.4,1.83,1.02,0,0,0,187,185,188,2011-2012,3.72,0.09,3.81,3.63,-61.62,348.28,annual
2012-2013,FR POLYNESIA,1.78,0.01,1.79,1.76,0,0,0,183,208,189,2011-2012,11.95,0.02,11.98,11.93,-85.13,-40.23,annual
2012-2013,TONGA,1.68,0.07,1.75,1.6,0,0,0,184,199,190,2011-2012,0.77,0.01,0.79,0.76,116.96,385.36,annual
2012-2013,ANTIGUA,1.36,0.23,1.59,1.13,0,0,0,188,189,191,2011-2012,0.87,0.06,0.94,0.81,55.85,261.43,annual
2012-2013,BR VIRGN IS,0.55,0.97,1.52,-0.42,0,0,0,199,176,192,2011-2012,1.04,0.42,1.46,0.63,-47.18,133.75,annual
2012-2013,FAROE IS.,1.46,0,1.46,1.46,0,0,0,186,216,193,2011-2012,0.86,0.04,0.9,0.82,70.09,,annual
2012-2013,FALKLAND IS,0,1.44,1.44,-1.44,0,0,0,223,172,194,2011-2012,1.39,3,4.39,-1.62,-99.91,-52.15,annual
2012-2013,ST LUCIA,1.03,0.41,1.44,0.62,0,0,0,190,184,195,2011-2012,1.32,0.39,1.71,0.93,-21.9,4.4,annual
2012-2013,BERMUDA,1.35,0.04,1.39,1.3,0,0,0,189,204,196,2011-2012,1.02,0,1.02,1.02,31.26,,annual
2012-2013,AMERI SAMOA,0.37,0.78,1.15,-0.41,0,0,0,203,180,197,2011-2012,2.05,1.41,3.45,0.64,-81.81,-44.61,annual
2012-2013,LIECHTENSTEIN,0.27,0.85,1.13,-0.58,0,0,0,207,178,198,2011-2012,0.14,0.76,0.9,-0.62,97.2,12.58,annual
2012-2013,NORFOLK IS,0.49,0.54,1.03,-0.04,0,0,0,200,182,199,2011-2012,0.24,0.14,0.38,0.11,104,297.04,annual
2012-2013,GUAM,1.01,0,1.02,1.01,0,0,0,191,218,200,2011-2012,1.93,0.01,1.94,1.92,-47.34,-95.83,annual
2012-2013,MARSHALL ISLAND,0.09,0.88,0.97,-0.79,0,0,0,212,177,201,2011-2012,0.53,9.8,10.34,-9.27,-83.18,-91.02,annual
2012-2013,SAO TOME,0.91,0,0.91,0.91,0,0,0,194,225,202,2011-2012,0.77,0.02,0.79,0.75,18.02,-96.73,annual
2012-2013,GRENADA,0.85,0,0.85,0.85,0,0,0,195,217,203,2011-2012,1.03,0.03,1.06,1.01,-17.52,-96.04,annual
2012-2013,PANAMA C Z,0.73,0,0.73,0.73,0,0,0,197,224,204,2011-2012,0.46,58.6,59.06,-58.13,56.61,,annual
2012-2013,ST KITT N A,0.63,0,0.63,0.63,0,0,0,198,226,205,2011-2012,0.66,0.1,0.76,0.56,-4.52,-99.68,annual
2012-2013,GREENLAND,0.47,0.06,0.52,0.41,0,0,0,201,200,206,2011-2012,0.27,0.02,0.29,0.25,72.62,127.07,annual
2012-2013,KIRIBATI REP,0.37,0.08,0.44,0.29,0,0,0,204,198,207,2011-2012,1.21,0,1.21,1.21,-69.88,,annual
2012-2013,CAYMAN IS,0.39,0,0.39,0.39,0,0,0,202,212,208,2011-2012,0.98,0.01,0.98,0.97,-60.44,-97.46,annual
2012-2013,TURKS C IS,0.32,0.05,0.37,0.28,0,0,0,205,203,209,2011-2012,0.17,0.01,0.18,0.16,92.36,260.2,annual
2012-2013,GIBRALTAR,0.27,0.09,0.36,0.17,0,0,0,206,196,210,2011-2012,292.79,0.06,292.85,292.73,-99.91,62.36,annual
2012-2013,MICRONESIA,0.18,0,0.19,0.18,0,0,0,208,219,211,2011-2012,0,0,0,0,,,annual
2012-2013,ANTARTICA,0.17,0,0.17,0.17,0,0,0,209,211,212,2011-2012,0.06,0.28,0.34,-0.22,177.28,,annual
2012-2013,HEARD MACDONALD,0,0.16,0.16,-0.16,0,0,0,224,193,213,2011-2012,0,0,0,0,,,annual
2012-2013,ANGUILLA,0.15,0,0.15,0.15,0,0,0,210,210,214,2011-2012,0.12,0.14,0.26,-0.02,20.75,-99.82,annual
2012-2013,ST HELENA,0.03,0.1,0.13,-0.06,0,0,0,218,195,215,2011-2012,0.04,0.07,0.11,-0.03,-24.31,40.65,annual
2012-2013,ANDORRA,0.11,0.01,0.12,0.1,0,0,0,211,207,216,2011-2012,0.25,0.03,0.28,0.22,-56.6,-70.03,annual
2012-2013,CHRISTMAS IS.,0.03,0.08,0.11,-0.05,0,0,0,217,197,217,2011-2012,0.02,0,0.02,0.02,54.23,4200.46,annual
2012-2013,TOKELAU IS,0.03,0.06,0.09,-0.03,0,0,0,219,201,218,2011-2012,0.05,0.01,0.05,0.04,-29.93,814.92,annual
2012-2013,COCOS IS,0.05,0,0.05,0.05,0,0,0,213,213,219,2011-2012,0.74,0.03,0.77,0.71,-93.35,,annual
2012-2013,COOK IS,0.05,0,0.05,0.05,0,0,0,214,215,220,2011-2012,0.12,0.03,0.15,0.08,-60.17,,annual
2012-2013,NIUE IS,0.04,0.01,0.05,0.03,0,0,0,215,209,221,2011-2012,0,0,0.01,0,679.88,94.83,annual
2012-2013,PALAU,0.04,0,0.04,0.04,0,0,0,216,223,222,2011-2012,0.22,0.01,0.23,0.21,-83.83,,annual
2012-2013,FR S ANT TR,0.01,0.02,0.03,-0.02,0,0,0,220,206,223,2011-2012,0.02,0,0.02,0.02,-65.89,,annual
2012-2013,PACIFIC IS,0.01,0,0.01,0.01,0,0,0,221,222,224,2011-2012,35.03,0.01,35.04,35.02,-99.99,,annual
2012-2013,TUVALU,0.01,0,0.01,0.01,0,0,0,222,229,225,2011-2012,0.01,0.01,0.02,0.01,-56.84,,annual
2012-2013,MONTSERRAT,0,0,0,0,0,0,0,225,220,226,2011-2012,0.28,0,0.28,0.28,,,annual
2012-2013,N. MARIANA IS.,0,0,0,0,0,0,0,226,221,227,2011-2012,0.02,0,0.02,0.02,,,annual
2012-2013,ST PIERRE,0,0,0,0,0,0,0,228,227,228,2011-2012,0,0,0,0,,,annual
2012-2013,ST VINCENT,0,0,0,0,0,0,0,229,228,229,2011-2012,0.61,0,0.61,0.61,,,annual
2012-2013,WALLIS F IS,0,0,0,0,0,0,0,230,230,230,2011-2012,0.21,0,0.21,0.21,,,annual
2013-2014,CHINA P RP,14867.1,51034.62,65901.72,-36167.52,4.73,11.34,8.62,3,1,1,2012-2013,13579.51,52248.33,65827.84,-38668.81,9.48,-2.32,annual
2013-2014,U S A,39158.02,22505.08,61663.1,16652.94,12.45,5,8.06,1,4,2,2012-2013,36160.84,25204.73,61365.57,10956.11,8.29,-10.71,annual
2013-2014,U ARAB EMTS,30520.42,29019.82,59540.24,1500.6,9.71,6.45,7.79,2,3,3,2012-2013,36316.65,39138.36,75455.01,-2821.71,-15.96,-25.85,annual
2013-2014,SAUDI ARAB,12218.96,36403.65,48622.61,-24184.69,3.89,8.09,6.36,6,2,4,2012-2013,9785.84,33998.11,43783.95,-24212.27,24.86,7.08,annual
2013-2014,SWITZERLAND,1797.27,19311.01,21108.27,-17513.74,0.57,4.29,2.76,40,5,5,2012-2013,1118.17,32166.54,33284.71,-31048.36,60.73,-39.97,annual
2013-2014,GERMANY,7522.72,12932.41,20455.13,-5409.68,2.39,2.87,2.68,10,12,6,2012-2013,7253.38,14325.79,21579.17,-7072.4,3.71,-9.73,annual
2013-2014,HONG KONG,12731.74,7322.2,20053.94,5409.54,4.05,1.63,2.62,4,19,7,2012-2013,12279.2,7907.17,20186.37,4372.04,3.69,-7.4,annual
2013-2014,INDONESIA,4850.21,14748.3,19598.51,-9898.09,1.54,3.28,2.56,20,9,8,2012-2013,5331.31,14879.49,20210.8,-9548.18,-9.02,-0.88,annual
2013-2014,IRAQ,918.03,18520.86,19438.89,-17602.83,0.29,4.11,2.54,51,6,9,2012-2013,1278.13,19247.31,20525.44,-17969.18,-28.17,-3.77,annual
2013-2014,SINGAPORE,12511,6762.49,19273.49,5748.51,3.98,1.5,2.52,5,20,10,2012-2013,13619.31,7486.38,21105.7,6132.93,-8.14,-9.67,annual
2013-2014,KUWAIT,1061.14,17153.55,18214.69,-16092.41,0.34,3.81,2.38,46,7,11,2012-2013,1061.08,16588.13,17649.21,-15527.05,0.01,3.41,annual
2013-2014,BELGIUM,6377.35,10752.04,17129.38,-4374.69,2.03,2.39,2.24,12,14,12,2012-2013,5507.32,10046.87,15554.19,-4539.55,15.8,7.02,annual
2013-2014,NIGERIA,2667.75,14097.84,16765.59,-11430.1,0.85,3.13,2.19,32,10,13,2012-2013,2740.04,12086.11,14826.15,-9346.07,-2.64,16.64,annual
2013-2014,KOREA RP,4209.37,12470.6,16679.97,-8261.23,1.34,2.77,2.18,23,13,14,2012-2013,4205.67,13105.12,17310.79,-8899.44,0.09,-4.84,annual
2013-2014,QATAR,969.06,15707.99,16677.04,-14738.93,0.31,3.49,2.18,50,8,15,2012-2013,687.18,15693.08,16380.26,-15005.89,41.02,0.1,annual
2013-2014,JAPAN,6814.45,9480.75,16295.2,-2666.3,2.17,2.11,2.13,11,17,16,2012-2013,6101.24,12412.29,18513.54,-6311.05,11.69,-23.62,annual
2013-2014,U K,9821.65,6045.1,15866.75,3776.56,3.12,1.34,2.08,8,22,17,2012-2013,8649.24,6293.09,14942.32,2356.15,13.56,-3.94,annual
2013-2014,UNSPECIFIED,11428.36,4097.07,15525.43,7331.29,3.63,0.91,2.03,7,27,18,2012-2013,5332.69,1924.94,7257.64,3407.75,114.31,112.84,annual
2013-2014,IRAN,4971.98,10307.16,15279.14,-5335.19,1.58,2.29,2,19,15,19,2012-2013,3351.21,11594.46,14945.67,-8243.25,48.36,-11.1,annual
2013-2014,VENEZUELA,196.96,13940.13,14137.09,-13743.17,0.06,3.1,1.85,102,11,20,2012-2013,234.14,14117.67,14351.81,-13883.54,-15.88,-1.26,annual
2013-2014,MALAYSIA,4198.07,9229.88,13427.94,-5031.81,1.34,2.05,1.76,24,18,21,2012-2013,4444.1,9951.06,14395.15,-5506.96,-5.54,-7.25,annual
2013-2014,AUSTRALIA,2300.28,9822.52,12122.81,-7522.24,0.73,2.18,1.59,34,16,22,2012-2013,2348.65,13085.7,15434.34,-10737.05,-2.06,-24.94,annual
2013-2014,SOUTH AFRICA,5074.29,6075.26,11149.56,-1000.97,1.61,1.35,1.46,18,21,23,2012-2013,5106.93,8887.89,13994.82,-3780.95,-0.64,-31.65,annual
2013-2014,NETHERLAND,7997.6,3138.92,11136.53,4858.68,2.54,0.7,1.46,9,34,24,2012-2013,10566.46,2379.09,12945.55,8187.36,-24.31,31.94,annual
2013-2014,ITALY,5273.53,4156.61,9430.14,1116.91,1.68,0.92,1.23,16,26,25,2012-2013,4373.1,4711.27,9084.37,-338.17,20.59,-11.77,annual
2013-2014,BRAZIL,5552.47,3720.94,9273.4,1831.53,1.77,0.83,1.21,14,30,26,2012-2013,6048.57,4825.76,10874.33,1222.81,-8.2,-22.89,annual
2013-2014,THAILAND,3703.28,5340.2,9043.47,-1636.92,1.18,1.19,1.18,27,24,27,2012-2013,3733.17,5352.61,9085.78,-1619.44,-0.8,-0.23,annual
2013-2014,FRANCE,5108.76,3691.89,8800.65,1416.87,1.62,0.82,1.15,17,31,28,2012-2013,4986.64,4652.36,9639,334.27,2.45,-20.64,annual
2013-2014,VIETNAM SOC REP,5441.94,2594.25,8036.19,2847.7,1.73,0.58,1.05,15,36,29,2012-2013,3967.37,2314.78,6282.15,1652.6,37.17,12.07,annual
2013-2014,BANGLADESH PR,6166.97,484.34,6651.3,5682.63,1.96,0.11,0.87,13,67,30,2012-2013,5144.99,639.33,5784.32,4505.67,19.86,-24.24,annual
2013-2014,ANGOLA,536.03,5992.31,6528.34,-5456.28,0.17,1.33,0.85,64,23,31,2012-2013,488.79,7157.54,7646.33,-6668.75,9.66,-16.28,annual
2013-2014,ISRAEL,3746.95,2311.58,6058.53,1435.37,1.19,0.51,0.79,26,39,32,2012-2013,3740.19,2356.66,6096.85,1383.53,0.18,-1.91,annual
2013-2014,TAIWAN,1989.88,4040.88,6030.76,-2051,0.63,0.9,0.79,39,28,33,2012-2013,3043.99,3963.35,7007.34,-919.36,-34.63,1.96,annual
2013-2014,RUSSIA,2121.26,3894.4,6015.66,-1773.14,0.67,0.87,0.79,37,29,34,2012-2013,2295.68,4231.56,6527.25,-1935.88,-7.6,-7.97,annual
2013-2014,COLOMBIA,1007.51,4970.62,5978.13,-3963.11,0.32,1.1,0.78,47,25,35,2012-2013,912.12,2352.79,3264.91,-1440.67,10.46,111.26,annual
2013-2014,MEXICO,2227.58,3672.43,5900.01,-1444.86,0.71,0.82,0.77,36,32,36,2012-2013,1628.24,4037.62,5665.86,-2409.37,36.81,-9.04,annual
2013-2014,OMAN,2812.27,2951.18,5763.45,-138.91,0.89,0.66,0.75,31,35,37,2012-2013,2599.49,2009.72,4609.21,589.78,8.19,46.85,annual
2013-2014,SRI LANKA DSR,4534.35,666.93,5201.27,3867.42,1.44,0.15,0.68,21,56,38,2012-2013,3983.87,625.81,4609.68,3358.06,13.82,6.57,annual
2013-2014,TURKEY,4433.76,760.43,5194.18,3673.33,1.41,0.17,0.68,22,53,39,2012-2013,3963.66,2034.18,5997.84,1929.48,11.86,-62.62,annual
2013-2014,CANADA,2037.37,3148.25,5185.63,-1110.88,0.65,0.7,0.68,38,33,40,2012-2013,2036.58,2800.22,4836.8,-763.64,0.04,12.43,annual
2013-2014,EGYPT A RP,2562.16,2388.96,4951.11,173.2,0.81,0.53,0.65,33,38,41,2012-2013,2897.33,2553.47,5450.8,343.86,-11.57,-6.44,annual
2013-2014,SPAIN,2885.04,1843.42,4728.46,1041.63,0.92,0.41,0.62,30,40,42,2012-2013,2865.9,1815.66,4681.55,1050.24,0.67,1.53,annual
2013-2014,TANZANIA REP,3400.76,724.45,4125.21,2676.32,1.08,0.16,0.54,29,55,43,2012-2013,2152.25,752.88,2905.13,1399.37,58.01,-3.78,annual
2013-2014,NEPAL,3592.3,529.93,4122.23,3062.37,1.14,0.12,0.54,28,63,44,2012-2013,3088.84,543.1,3631.94,2545.73,16.3,-2.43,annual
2013-2014,KENYA,3882.16,126.63,4008.79,3755.53,1.23,0.03,0.52,25,94,45,2012-2013,3770.35,105.95,3876.3,3664.4,2.97,19.52,annual
2013-2014,CHILE,663.99,2507.87,3171.86,-1843.88,0.21,0.56,0.41,59,37,46,2012-2013,690,2992.31,3682.31,-2302.31,-3.77,-16.19,annual
2013-2014,PAKISTAN IR,2274.3,426.88,2701.18,1847.41,0.72,0.09,0.35,35,71,47,2012-2013,2064.89,541.87,2606.75,1523.02,10.14,-21.22,annual
2013-2014,SWEDEN,733.45,1679.42,2412.86,-945.97,0.23,0.37,0.32,58,42,48,2012-2013,686.15,1681.43,2367.58,-995.29,6.89,-0.12,annual
2013-2014,UKRAINE,481.32,1804.75,2286.07,-1323.44,0.15,0.4,0.3,66,41,49,2012-2013,520.09,2657.47,3177.56,-2137.38,-7.46,-32.09,annual
2013-2014,JORDAN,1595.89,610.71,2206.59,985.18,0.51,0.14,0.29,41,60,50,2012-2013,1000.57,942.28,1942.85,58.29,59.5,-35.19,annual
2013-2014,MYANMAR,787.01,1395.67,2182.68,-608.67,0.25,0.31,0.29,55,43,51,2012-2013,544.66,1412.69,1957.35,-868.03,44.5,-1.2,annual
2013-2014,YEMEN REPUBLC,1306.99,782.18,2089.17,524.81,0.42,0.17,0.27,43,51,52,2012-2013,1477.27,958.92,2436.19,518.35,-11.53,-18.43,annual
2013-2014,ARGENTINA,611.49,1338.35,1949.84,-726.86,0.19,0.3,0.26,63,44,53,2012-2013,539.96,1198.71,1738.67,-658.75,13.25,11.65,annual
2013-2014,ALGERIA,1069.53,860.9,1930.43,208.62,0.34,0.19,0.25,45,49,54,2012-2013,1088.73,683.55,1772.28,405.18,-1.76,25.95,annual
2013-2014,PHILIPPINES,1419,391.59,1810.59,1027.41,0.45,0.09,0.24,42,72,55,2012-2013,1187.19,504,1691.18,683.19,19.53,-22.3,annual
2013-2014,POLAND,995.52,622.57,1618.08,372.95,0.32,0.14,0.21,49,58,56,2012-2013,810.91,863.25,1674.16,-52.35,22.77,-27.88,annual
2013-2014,MOZAMBIQUE,1257.26,292.96,1550.22,964.3,0.4,0.07,0.2,44,79,57,2012-2013,1001.18,291.49,1292.68,709.69,25.58,0.5,annual
2013-2014,FINLAND,415.73,1054.09,1469.82,-638.36,0.13,0.23,0.19,70,46,58,2012-2013,317.47,1106.85,1424.33,-789.38,30.95,-4.77,annual
2013-2014,SUDAN,863.04,436.43,1299.47,426.61,0.27,0.1,0.17,52,70,59,2012-2013,755.12,127.14,882.26,627.99,14.29,243.28,annual
2013-2014,MOROCCO,385.61,879.18,1264.79,-493.58,0.12,0.2,0.17,73,47,60,2012-2013,426.56,1309.03,1735.59,-882.47,-9.6,-32.84,annual
2013-2014,AZERBAIJAN,123.89,1136.83,1260.72,-1012.94,0.04,0.25,0.16,112,45,61,2012-2013,87.16,521.39,608.55,-434.22,42.13,118.04,annual
2013-2014,DENMARK,761.79,445.1,1206.89,316.68,0.24,0.1,0.16,57,69,62,2012-2013,707.29,541.71,1249,165.58,7.71,-17.83,annual
2013-2014,BAHARAIN IS,639.36,563.24,1202.6,76.12,0.2,0.13,0.16,60,61,63,2012-2013,603.47,664.66,1268.13,-61.19,5.95,-15.26,annual
2013-2014,GHANA,831.48,370.56,1202.04,460.92,0.26,0.08,0.16,53,75,64,2012-2013,744.12,277.61,1021.74,466.51,11.74,33.48,annual
2013-2014,AUSTRIA,336.47,828.77,1165.24,-492.29,0.11,0.18,0.15,77,50,65,2012-2013,328.71,929.22,1257.93,-600.51,2.36,-10.81,annual
2013-2014,PERU,620.55,524.2,1144.75,96.36,0.2,0.12,0.15,62,64,66,2012-2013,637.97,561.32,1199.29,76.65,-2.73,-6.61,annual
2013-2014,MAURITIUS,1000.18,20.79,1020.97,979.4,0.32,0,0.13,48,126,67,2012-2013,1310.8,28.44,1339.24,1282.36,-23.7,-26.91,annual
2013-2014,NORWAY,229.08,745.14,974.22,-516.06,0.07,0.17,0.13,92,54,68,2012-2013,234.6,944.98,1179.59,-710.38,-2.35,-21.15,annual
2013-2014,IRELAND,414.38,558.38,972.76,-144,0.13,0.12,0.13,71,62,69,2012-2013,387.12,497.15,884.27,-110.04,7.04,12.32,annual
2013-2014,PORTUGAL,627.04,339.98,967.02,287.05,0.2,0.08,0.13,61,76,70,2012-2013,528.46,378.21,906.67,150.25,18.65,-10.11,annual
2013-2014,BENIN,763.98,167.61,931.59,596.37,0.24,0.04,0.12,56,89,71,2012-2013,479.13,245.73,724.86,233.39,59.45,-31.79,annual
2013-2014,GABON,52.59,868.47,921.06,-815.87,0.02,0.19,0.12,145,48,72,2012-2013,54.17,817.04,871.21,-762.87,-2.91,6.29,annual
2013-2014,KAZAKHSTAN,261.51,656.33,917.84,-394.81,0.08,0.15,0.12,87,57,73,2012-2013,286.23,139.99,426.22,146.24,-8.64,368.85,annual
2013-2014,CZECH REPUBLIC,387.08,517.97,905.05,-130.89,0.12,0.12,0.12,72,65,74,2012-2013,251.4,644.26,895.67,-392.86,53.97,-19.6,annual
2013-2014,NEW ZEALAND,276.68,614.52,891.2,-337.83,0.09,0.14,0.12,85,59,75,2012-2013,302.06,696.62,998.68,-394.56,-8.4,-11.79,annual
2013-2014,ETHIOPIA,816.92,28.4,845.32,788.52,0.26,0.01,0.11,54,119,76,2012-2013,748.82,38.56,787.38,710.27,9.09,-26.34,annual
2013-2014,BRUNEI,32.45,763.6,796.05,-731.14,0.01,0.17,0.1,155,52,77,2012-2013,40.02,814.8,854.82,-774.78,-18.91,-6.28,annual
2013-2014,LIBYA,287.2,451.54,738.73,-164.34,0.09,0.1,0.1,83,68,78,2012-2013,215.3,1834.8,2050.09,-1619.5,33.39,-75.39,annual
2013-2014,BAHAMAS,228.03,494.21,722.23,-266.18,0.07,0.11,0.09,93,66,79,2012-2013,2669.86,102.28,2772.14,2567.58,-91.46,383.2,annual
2013-2014,AFGHANISTAN,474.34,208.77,683.1,265.57,0.15,0.05,0.09,67,84,80,2012-2013,472.63,159.55,632.18,313.07,0.36,30.84,annual
2013-2014,ROMANIA,286.38,375.64,662.02,-89.26,0.09,0.08,0.09,84,74,81,2012-2013,283.15,311.12,594.27,-27.97,1.14,20.74,annual
2013-2014,ZAMBIA,377.3,243.15,620.45,134.15,0.12,0.05,0.08,74,82,82,2012-2013,243.08,324.87,567.95,-81.79,55.22,-25.15,annual
2013-2014,TOGO,443.93,156.34,600.27,287.58,0.14,0.03,0.08,68,91,83,2012-2013,299.88,177.41,477.29,122.47,48.04,-11.87,annual
2013-2014,COTE D' IVOIRE,298.95,298.4,597.35,0.55,0.1,0.07,0.08,80,78,84,2012-2013,395.97,384.23,780.2,11.75,-24.5,-22.34,annual
2013-2014,SENEGAL,426.48,153.6,580.08,272.89,0.14,0.03,0.08,69,92,85,2012-2013,490.24,0.39,490.63,489.85,-13.01,39143.47,annual
2013-2014,HUNGARY,343.62,220.48,564.1,123.15,0.11,0.05,0.07,76,83,86,2012-2013,323.74,262.91,586.66,60.83,6.14,-16.14,annual
2013-2014,UGANDA,530.62,33.14,563.76,497.47,0.17,0.01,0.07,65,116,87,2012-2013,465,27.4,492.4,437.6,14.11,20.96,annual
2013-2014,ECUADOR,290.4,255.43,545.83,34.96,0.09,0.06,0.07,82,81,88,2012-2013,263.55,872.54,1136.1,-608.99,10.19,-70.73,annual
2013-2014,CAMEROON,259.66,268.31,527.97,-8.65,0.08,0.06,0.07,88,80,89,2012-2013,250.98,443.18,694.16,-192.2,3.46,-39.46,annual
2013-2014,BHUTAN,355.6,152.17,507.77,203.43,0.11,0.03,0.07,75,93,90,2012-2013,233.22,164,397.22,69.22,52.47,-7.21,annual
2013-2014,GREECE,335.14,109.44,444.58,225.71,0.11,0.02,0.06,78,99,91,2012-2013,300.13,111.87,412.01,188.26,11.67,-2.18,annual
2013-2014,BOTSWANA,54.44,382.98,437.42,-328.55,0.02,0.09,0.06,140,73,92,2012-2013,51.48,57.61,109.09,-6.12,5.74,564.82,annual
2013-2014,GUINEA,203.42,194.4,397.82,9.01,0.06,0.04,0.05,101,87,93,2012-2013,206.07,527.83,733.9,-321.76,-1.29,-63.17,annual
2013-2014,TUNISIA,274.1,91.56,365.66,182.54,0.09,0.02,0.05,86,102,94,2012-2013,298.79,215.34,514.12,83.45,-8.26,-57.48,annual
2013-2014,LEBANON,293.52,37.25,330.77,256.27,0.09,0.01,0.04,81,114,95,2012-2013,250.55,30.01,280.55,220.54,17.15,24.13,annual
2013-2014,SLOVENIA,212.26,118.12,330.37,94.14,0.07,0.03,0.04,97,96,96,2012-2013,273.91,117.5,391.41,156.41,-22.51,0.53,annual
2013-2014,EQUTL GUINEA,17.24,301.82,319.06,-284.58,0.01,0.07,0.04,168,77,97,2012-2013,21.31,524.83,546.14,-503.52,-19.08,-42.49,annual
2013-2014,DJIBOUTI,307.04,4.15,311.19,302.89,0.1,0,0.04,79,158,98,2012-2013,411.86,5.18,417.04,406.67,-25.45,-19.92,annual
2013-2014,SYRIA,234.1,76.62,310.72,157.48,0.07,0.02,0.04,91,104,99,2012-2013,258.77,80.37,339.14,178.4,-9.53,-4.66,annual
2013-2014,CONGO P REP,210.32,89.53,299.85,120.78,0.07,0.02,0.04,100,103,100,2012-2013,199.12,454.72,653.84,-255.6,5.63,-80.31,annual
2013-2014,MADAGASCAR,238.71,52.84,291.56,185.87,0.08,0.01,0.04,90,108,101,2012-2013,154.42,72.88,227.3,81.54,54.59,-27.5,annual
2013-2014,COSTA RICA,81.09,203.99,285.07,-122.9,0.03,0.05,0.04,130,85,102,2012-2013,74.28,219.72,294,-145.44,9.16,-7.16,annual
2013-2014,LIBERIA,253.68,26.86,280.54,226.82,0.08,0.01,0.04,89,121,103,2012-2013,127.02,21.02,148.04,106,99.71,27.78,annual
2013-2014,BULGARIA,168.1,93.65,261.75,74.45,0.05,0.02,0.03,105,101,104,2012-2013,156.98,90.09,247.07,66.88,7.08,3.95,annual
2013-2014,SOMALIA,210.89,46.39,257.27,164.5,0.07,0.01,0.03,99,110,105,2012-2013,182.32,12.54,194.86,169.78,15.67,269.97,annual
2013-2014,PANAMA REPUBLIC,211.4,41.64,253.04,169.76,0.07,0.01,0.03,98,112,106,2012-2013,226.49,109.55,336.04,116.95,-6.66,-61.99,annual
2013-2014,MALAWI,221.05,15.15,236.2,205.9,0.07,0,0.03,94,132,107,2012-2013,153.3,43.11,196.4,110.19,44.2,-64.85,annual
2013-2014,CONGO D. REP.,181.45,47.29,228.75,134.16,0.06,0.01,0.03,104,109,108,2012-2013,147.29,0,147.29,147.29,23.19,,annual
2013-2014,GUATEMALA,212.36,13.12,225.48,199.24,0.07,0,0.03,96,135,109,2012-2013,224.61,8.31,232.92,216.3,-5.45,57.93,annual
2013-2014,NAMIBIA,212.39,13,225.39,199.39,0.07,0,0.03,95,136,110,2012-2013,56.82,9.19,66.01,47.62,273.8,41.39,annual
2013-2014,PAPUA N GNA,43.96,178.3,222.26,-134.33,0.01,0.04,0.03,149,88,111,2012-2013,29.77,104.64,134.42,-74.87,47.65,70.38,annual
2013-2014,ALBANIA,18.73,198.8,217.53,-180.07,0.01,0.04,0.03,167,86,112,2012-2013,17.48,31.04,48.52,-13.57,7.16,540.39,annual
2013-2014,BELARUS,53.34,157.77,211.11,-104.43,0.02,0.04,0.03,142,90,113,2012-2013,55.27,214.55,269.81,-159.28,-3.48,-26.46,annual
2013-2014,LATVIA,102.08,103.89,205.97,-1.81,0.03,0.02,0.03,121,100,114,2012-2013,104.08,73.63,177.71,30.45,-1.92,41.1,annual
2013-2014,MALTA,167.91,34.45,202.36,133.46,0.05,0.01,0.03,106,115,115,2012-2013,398.22,42.6,440.81,355.62,-57.83,-19.12,annual
2013-2014,KOREA DP RP,186.8,12.48,199.29,174.32,0.06,0,0.03,103,140,116,2012-2013,202.83,259.39,462.22,-56.56,-7.9,-95.19,annual
2013-2014,ESTONIA,79.13,115.3,194.43,-36.17,0.03,0.03,0.03,131,97,117,2012-2013,91.88,219.9,311.78,-128.01,-13.88,-47.57,annual
2013-2014,URUGUAY,160.98,20.42,181.4,140.57,0.05,0,0.02,107,128,118,2012-2013,143.19,24.41,167.6,118.78,12.43,-16.37,annual
2013-2014,MALI,108.78,70.91,179.7,37.87,0.03,0.02,0.02,114,105,119,2012-2013,78.66,29.55,108.21,49.12,38.29,140,annual
2013-2014,ZIMBABWE,158.06,12.5,170.56,145.56,0.05,0,0.02,108,139,120,2012-2013,153.19,34.54,187.73,118.65,3.18,-63.82,annual
2013-2014,LITHUANIA,104.94,53.7,158.64,51.23,0.03,0.01,0.02,117,106,121,2012-2013,147.43,45.91,193.34,101.52,-28.82,16.99,annual
2013-2014,SLOVAK REP,104.42,53.14,157.56,51.29,0.03,0.01,0.02,119,107,122,2012-2013,107.01,63.44,170.45,43.58,-2.42,-16.24,annual
2013-2014,CAMBODIA,141.31,12.72,154.04,128.59,0.04,0,0.02,109,137,123,2012-2013,112.28,11.9,124.18,100.38,25.86,6.9,annual
2013-2014,CROATIA,139.14,9.72,148.86,129.42,0.04,0,0.02,110,142,124,2012-2013,133.96,18.05,152.01,115.9,3.87,-46.15,annual
2013-2014,SWAZILAND,22.81,124.66,147.47,-101.86,0.01,0.03,0.02,163,95,125,2012-2013,47.26,70.71,117.97,-23.45,-51.74,76.3,annual
2013-2014,UZBEKISTAN,114.07,31.5,145.56,82.57,0.04,0.01,0.02,113,117,126,2012-2013,124.9,31.85,156.75,93.05,-8.67,-1.11,annual
2013-2014,DOMINIC REP,125.7,12.5,138.2,113.21,0.04,0,0.02,111,138,127,2012-2013,108.86,10.81,119.67,98.05,15.47,15.58,annual
2013-2014,HONDURAS,107.9,22.59,130.49,85.31,0.03,0.01,0.02,115,124,128,2012-2013,109.99,17.82,127.82,92.17,-1.9,26.73,annual
2013-2014,GUINEA BISSAU,19.02,109.68,128.69,-90.66,0.01,0.02,0.02,166,98,129,2012-2013,10.88,140.2,151.09,-129.32,74.7,-21.77,annual
2013-2014,BURKINA FASO,103.21,16.55,119.76,86.67,0.03,0,0.02,120,131,130,2012-2013,86.1,14.66,100.76,71.44,19.88,12.88,annual
2013-2014,GEORGIA,91.29,23.82,115.11,67.47,0.03,0.01,0.02,124,122,131,2012-2013,124.16,57.53,181.69,66.63,-26.47,-58.6,annual
2013-2014,GAMBIA,85.13,29.2,114.33,55.93,0.03,0.01,0.01,129,118,132,2012-2013,55.56,30.31,85.87,25.25,53.22,-3.67,annual
2013-2014,PUERTO RICO,90.84,20.61,111.45,70.23,0.03,0,0.01,125,127,133,2012-2013,106.29,23.2,129.49,83.1,-14.54,-11.15,annual
2013-2014,TRINIDAD,104.83,5.35,110.18,99.48,0.03,0,0.01,118,152,134,2012-2013,81.52,8.9,90.42,72.63,28.59,-39.84,annual
2013-2014,MALDIVES,106.07,3.97,110.05,102.1,0.03,0,0.01,116,159,135,2012-2013,122.36,6.29,128.65,116.08,-13.31,-36.81,annual
2013-2014,SIERRA LEONE,100.99,5.56,106.55,95.44,0.03,0,0.01,122,151,136,2012-2013,184.23,5.8,190.02,178.43,-45.18,-4.12,annual
2013-2014,GIBRALTAR,97.61,0.13,97.74,97.47,0.03,0,0.01,123,197,137,2012-2013,0.27,0.09,0.36,0.17,36680.82,44.54,annual
2013-2014,PARAGUAY,88.91,5.28,94.19,83.63,0.03,0,0.01,126,154,138,2012-2013,82.94,8.66,91.61,74.28,7.2,-39.05,annual
2013-2014,LAO PD RP,49.89,39.4,89.29,10.5,0.02,0.01,0.01,147,113,139,2012-2013,28.91,138.64,167.56,-109.73,72.56,-71.59,annual
2013-2014,RWANDA,87.56,0.25,87.81,87.3,0.03,0,0.01,127,190,140,2012-2013,77.86,0.24,78.1,77.62,12.45,5.94,annual
2013-2014,TURKMENISTAN,73.62,14.1,87.73,59.52,0.02,0,0.01,132,133,141,2012-2013,69.92,8.33,78.25,61.59,5.29,69.34,annual
2013-2014,NIGER,86.31,0.54,86.85,85.78,0.03,0,0.01,128,183,142,2012-2013,56.18,69.05,125.23,-12.87,53.63,-99.22,annual
2013-2014,CYPRUS,61.57,20.31,81.88,41.25,0.02,0,0.01,136,129,143,2012-2013,54.99,21.27,76.27,33.72,11.95,-4.51,annual
2013-2014,REUNION,52.38,22.79,75.18,29.59,0.02,0.01,0.01,146,123,144,2012-2013,48.87,27.74,76.61,21.13,7.19,-17.84,annual
2013-2014,ARMENIA,72.47,1.7,74.17,70.77,0.02,0,0.01,133,171,145,2012-2013,40.48,1.48,41.96,39,79.01,14.48,annual
2013-2014,EL SALVADOR,65.11,7.99,73.1,57.12,0.02,0,0.01,135,144,146,2012-2013,56.06,8.64,64.71,47.42,16.14,-7.58,annual
2013-2014,NETHERLANDANTIL,68.5,4.33,72.84,64.17,0.02,0,0.01,134,157,147,2012-2013,59.87,15.73,75.6,44.15,14.42,-72.45,annual
2013-2014,MAURITANIA,58.02,7.35,65.37,50.67,0.02,0,0.01,139,145,148,2012-2013,41.84,11.25,53.09,30.59,38.67,-34.68,annual
2013-2014,NICARAGUA,59.23,2.65,61.88,56.58,0.02,0,0.01,137,163,149,2012-2013,59.26,0.82,60.07,58.44,-0.04,224.45,annual
2013-2014,HAITI,59.21,0.95,60.17,58.26,0.02,0,0.01,138,176,150,2012-2013,63.69,1.32,65.01,62.36,-7.02,-28.07,annual
2013-2014,LUXEMBOURG,11.74,46.16,57.9,-34.42,0,0.01,0.01,172,111,151,2012-2013,8.2,48.09,56.29,-39.89,43.11,-4.01,annual
2013-2014,BOLIVIA,53.19,2.42,55.61,50.76,0.02,0,0.01,143,166,152,2012-2013,57.39,7.41,64.79,49.98,-7.32,-67.31,annual
2013-2014,TAJIKISTAN,54.27,0.86,55.13,53.42,0.02,0,0.01,141,179,153,2012-2013,35.16,12.86,48.01,22.3,54.37,-93.34,annual
2013-2014,SEYCHELLES,52.72,0.99,53.71,51.73,0.02,0,0.01,144,175,154,2012-2013,38.87,2.4,41.28,36.47,35.63,-58.71,annual
2013-2014,FIJI IS,48.74,2,50.74,46.74,0.02,0,0.01,148,170,155,2012-2013,41.01,1.38,42.38,39.63,18.87,45.11,annual
2013-2014,CHAD,33.02,11.26,44.28,21.76,0.01,0,0.01,154,141,156,2012-2013,46.42,157.16,203.57,-110.74,-28.86,-92.84,annual
2013-2014,FR GUIANA,36.68,2.47,39.14,34.21,0.01,0,0.01,150,165,157,2012-2013,3.3,1.38,4.68,1.92,1011.85,79.01,annual
2013-2014,CUBA,35.53,2.4,37.93,33.13,0.01,0,0,152,167,158,2012-2013,35.82,3.95,39.77,31.87,-0.81,-39.35,annual
2013-2014,SURINAME,24.18,13.15,37.33,11.04,0.01,0,0,162,134,159,2012-2013,30.34,13.4,43.74,16.94,-20.3,-1.91,annual
2013-2014,JAMAICA,36.22,0.9,37.12,35.32,0.01,0,0,151,178,160,2012-2013,29.7,2.4,32.1,27.3,21.95,-62.5,annual
2013-2014,NEW CALEDONIA,8.8,27.79,36.6,-18.99,0,0.01,0,176,120,161,2012-2013,12.52,27.07,39.6,-14.55,-29.69,2.65,annual
2013-2014,UNION OF SERBIA & MONTENEGRO,30.16,5.63,35.79,24.53,0.01,0,0,160,150,162,2012-2013,71,13.15,84.15,57.85,-57.52,-57.16,annual
2013-2014,KYRGHYZSTAN,34.54,0.64,35.18,33.9,0.01,0,0,153,181,163,2012-2013,34.99,2.09,37.07,32.9,-1.27,-69.28,annual
2013-2014,SERBIA,31.52,3.27,34.78,28.25,0.01,0,0,156,160,164,2012-2013,0,0,0,0,,,annual
2013-2014,LESOTHO,31.01,2.51,33.52,28.5,0.01,0,0,157,164,165,2012-2013,18.25,4.36,22.61,13.89,69.92,-42.42,annual
2013-2014,GUYANA,24.19,7.28,31.47,16.9,0.01,0,0,161,146,166,2012-2013,21.94,4.59,26.53,17.36,10.22,58.76,annual
2013-2014,BURUNDI,30.76,0.18,30.94,30.58,0.01,0,0,158,192,167,2012-2013,32.67,0.23,32.9,32.45,-5.86,-19.98,annual
2013-2014,MACEDONIA,10.79,19.92,30.7,-9.13,0,0,0,174,130,168,2012-2013,9.12,22.94,32.06,-13.82,18.3,-13.19,annual
2013-2014,MONTENEGRO,30.57,0.01,30.58,30.56,0.01,0,0,159,214,169,2012-2013,0,0,0,0,,,annual
2013-2014,ICELAND,19.89,6.63,26.51,13.26,0.01,0,0,165,148,170,2012-2013,25.92,2.21,28.13,23.71,-23.28,199.72,annual
2013-2014,MONGOLIA,15.53,8.75,24.27,6.78,0,0,0,170,143,171,2012-2013,23.66,10.18,33.85,13.48,-34.38,-14.1,annual
2013-2014,BELIZE,22.46,1.55,24.01,20.92,0.01,0,0,164,174,172,2012-2013,23.56,0.21,23.78,23.35,-4.68,634.45,annual
2013-2014,PANAMA C Z,0.36,21.41,21.77,-21.05,0,0,0,207,125,173,2012-2013,0.73,0,0.73,0.73,-50.46,,annual
2013-2014,ERITREA,16.45,4.85,21.3,11.6,0.01,0,0,169,155,174,2012-2013,18.99,10.9,29.89,8.09,-13.36,-55.52,annual
2013-2014,COMOROS,13.7,6.59,20.29,7.11,0,0,0,171,149,175,2012-2013,20.74,8.02,28.75,12.72,-33.94,-17.82,annual
2013-2014,BOSNIA-HRZGOVIN,11.57,1.66,13.23,9.9,0,0,0,173,172,176,2012-2013,6.91,19.82,26.74,-12.91,67.26,-91.61,annual
2013-2014,MOLDOVA,10.47,0.52,10.99,9.95,0,0,0,175,184,177,2012-2013,8.94,0.69,9.63,8.25,17.12,-24.69,annual
2013-2014,C AFRI REP,7.73,0.91,8.64,6.82,0,0,0,177,177,178,2012-2013,8.45,1.99,10.44,6.46,-8.51,-54.34,annual
2013-2014,MARSHALL ISLAND,1.18,7.28,8.46,-6.1,0,0,0,200,147,179,2012-2013,0.09,0.88,0.97,-0.79,1220.37,726.36,annual
2013-2014,MARTINIQUE,7.68,0.12,7.8,7.56,0,0,0,178,198,180,2012-2013,5.88,0.04,5.92,5.84,30.64,177.31,annual
2013-2014,SOLOMON IS,2.06,5.3,7.36,-3.25,0,0,0,193,153,181,2012-2013,1.52,15.13,16.66,-13.61,35.08,-64.96,annual
2013-2014,GUADELOUPE,6.53,0.35,6.87,6.18,0,0,0,179,188,182,2012-2013,6.58,0.42,6.99,6.16,-0.77,-16.72,annual
2013-2014,BARBADOS,6.44,0.11,6.56,6.33,0,0,0,180,200,183,2012-2013,5.87,0.1,5.97,5.77,9.74,20.02,annual
2013-2014,VIRGIN IS US,3.9,2.26,6.16,1.64,0,0,0,182,168,184,2012-2013,1.43,0.4,1.83,1.02,172.8,459.95,annual
2013-2014,NAURU RP,0.17,4.76,4.93,-4.58,0,0,0,211,156,185,2012-2013,0,21.03,21.03,-21.03,9286.63,-77.38,annual
2013-2014,CAPE VERDE IS,1.43,3.18,4.61,-1.75,0,0,0,197,161,186,2012-2013,0.95,3.42,4.37,-2.48,51.16,-7.15,annual
2013-2014,SAMOA,4.3,0.02,4.32,4.28,0,0,0,181,210,187,2012-2013,2.01,0.18,2.19,1.83,114.23,-90.44,annual
2013-2014,MACAO,1.62,2.65,4.27,-1.02,0,0,0,195,162,188,2012-2013,0.96,1.5,2.46,-0.54,68.81,76.31,annual
2013-2014,ARUBA,3.33,0.13,3.47,3.2,0,0,0,183,196,189,2012-2013,2.88,0.24,3.11,2.64,15.76,-43.05,annual
2013-2014,CAYMAN IS,3.15,0.01,3.16,3.13,0,0,0,184,213,190,2012-2013,0.39,0,0.39,0.39,714.74,6547.85,annual
2013-2014,FAROE IS.,3.08,0,3.08,3.08,0,0,0,185,220,191,2012-2013,1.46,0,1.46,1.46,110.92,,annual
2013-2014,TIMOR LESTE,2.19,0.83,3.02,1.36,0,0,0,192,180,192,2012-2013,2.15,0.05,2.2,2.1,1.91,1539.14,annual
2013-2014,FR POLYNESIA,2.8,0.02,2.83,2.78,0,0,0,186,208,193,2012-2013,1.78,0.01,1.79,1.76,57.6,57.53,annual
2013-2014,ST LUCIA,2.28,0.5,2.78,1.78,0,0,0,190,185,194,2012-2013,1.03,0.41,1.44,0.62,121.2,20.91,annual
2013-2014,VANUATU REP,2.78,0,2.78,2.78,0,0,0,187,232,195,2012-2013,3.43,5.37,8.8,-1.94,-18.97,,annual
2013-2014,BERMUDA,2.59,0,2.59,2.59,0,0,0,188,217,196,2012-2013,1.35,0.04,1.39,1.3,92.23,,annual
2013-2014,MONACO,0.31,2.17,2.48,-1.86,0,0,0,209,169,197,2012-2013,0.75,3.23,3.98,-2.48,-59.06,-32.77,annual
2013-2014,DOMINICA,2.41,0.07,2.47,2.34,0,0,0,189,204,198,2012-2013,2.4,1.58,3.98,0.82,0.13,-95.72,annual
2013-2014,ANTIGUA,2.19,0.04,2.23,2.14,0,0,0,191,206,199,2012-2013,1.36,0.23,1.59,1.13,60.75,-81.18,annual
2013-2014,GREENLAND,1.73,0,1.73,1.73,0,0,0,194,221,200,2012-2013,0.47,0.06,0.52,0.41,270.26,-99.7,annual
2013-2014,FALKLAND IS,0,1.6,1.6,-1.6,0,0,0,227,173,201,2012-2013,0,1.44,1.44,-1.44,,11,annual
2013-2014,NORFOLK IS,1.36,0.2,1.56,1.16,0,0,0,198,191,202,2012-2013,0.49,0.54,1.03,-0.04,175.33,-62.69,annual
2013-2014,GRENADA,1.46,0,1.47,1.46,0,0,0,196,222,203,2012-2013,0.85,0,0.85,0.85,71.98,131.54,annual
2013-2014,ST KITT N A,1.22,0.02,1.23,1.2,0,0,0,199,211,204,2012-2013,0.63,0,0.63,0.63,92.93,5608.04,annual
2013-2014,TONGA,1.04,0.02,1.06,1.02,0,0,0,201,212,205,2012-2013,1.68,0.07,1.75,1.6,-38.21,-72.19,annual
2013-2014,KIRIBATI REP,0.94,0,0.94,0.93,0,0,0,202,225,206,2012-2013,0.37,0.08,0.44,0.29,156.14,-96.23,annual
2013-2014,SAO TOME,0.92,0,0.92,0.92,0,0,0,203,229,207,2012-2013,0.91,0,0.91,0.91,1.61,,annual
2013-2014,LIECHTENSTEIN,0.32,0.47,0.78,-0.15,0,0,0,208,186,208,2012-2013,0.27,0.85,1.13,-0.58,16.26,-45.57,annual
2013-2014,MICRONESIA,0.57,0.1,0.67,0.47,0,0,0,204,201,209,2012-2013,0.18,0,0.19,0.18,207.65,27739.5,annual
2013-2014,SAN MARINO,0,0.64,0.64,-0.64,0,0,0,230,182,210,2012-2013,0,0,0,0,,,annual
2013-2014,BR VIRGN IS,0.39,0.16,0.55,0.23,0,0,0,206,193,211,2012-2013,0.55,0.97,1.52,-0.42,-28.94,-83.2,annual
2013-2014,TURKS C IS,0.41,0.12,0.53,0.29,0,0,0,205,199,212,2012-2013,0.32,0.05,0.37,0.28,26.52,137.47,annual
2013-2014,ANTARTICA,0.06,0.41,0.47,-0.35,0,0,0,215,187,213,2012-2013,0.17,0,0.17,0.17,-64.04,,annual
2013-2014,TOKELAU IS,0.17,0.3,0.47,-0.13,0,0,0,212,189,214,2012-2013,0.03,0.06,0.09,-0.03,440.88,386.55,annual
2013-2014,GUAM,0.28,0,0.28,0.28,0,0,0,210,223,215,2012-2013,1.01,0,1.02,1.01,-71.94,,annual
2013-2014,N. MARIANA IS.,0.06,0.15,0.22,-0.09,0,0,0,216,194,216,2012-2013,0,0,0,0,,,annual
2013-2014,AMERI SAMOA,0.05,0.13,0.19,-0.08,0,0,0,217,195,217,2012-2013,0.37,0.78,1.15,-0.41,-85.29,-83.06,annual
2013-2014,ANDORRA,0.12,0,0.12,0.12,0,0,0,213,215,218,2012-2013,0.11,0.01,0.12,0.1,12.84,-96.98,annual
2013-2014,ST HELENA,0.03,0.09,0.12,-0.07,0,0,0,220,203,219,2012-2013,0.03,0.1,0.13,-0.06,-13.65,-2.98,annual
2013-2014,WALLIS F IS,0,0.1,0.1,-0.1,0,0,0,232,202,220,2012-2013,0,0,0,0,,,annual
2013-2014,CHRISTMAS IS.,0.01,0.06,0.07,-0.06,0,0,0,223,205,221,2012-2013,0.03,0.08,0.11,-0.05,-73.71,-20.79,annual
2013-2014,MONTSERRAT,0.07,0,0.07,0.07,0,0,0,214,226,222,2012-2013,0,0,0,0,,,annual
2013-2014,FR S ANT TR,0,0.03,0.03,-0.03,0,0,0,228,207,223,2012-2013,0.01,0.02,0.03,-0.02,,14.54,annual
2013-2014,HEARD MACDONALD,0.03,0,0.03,0.03,0,0,0,218,224,224,2012-2013,0,0.16,0.16,-0.16,2161.13,,annual
2013-2014,NIUE IS,0.01,0.02,0.03,-0.01,0,0,0,225,209,225,2012-2013,0.04,0.01,0.05,0.03,-62.81,164.54,annual
2013-2014,PALAU,0.03,0,0.03,0.02,0,0,0,219,228,226,2012-2013,0.04,0,0.04,0.04,-22.11,,annual
2013-2014,ST PIERRE,0.03,0,0.03,0.03,0,0,0,221,230,227,2012-2013,0,0,0,0,,,annual
2013-2014,ANGUILLA,0.02,0,0.02,0.02,0,0,0,222,216,228,2012-2013,0.15,0,0.15,0.15,-83.65,,annual
2013-2014,COCOS IS,0.01,0,0.01,0,0,0,0,224,218,229,2012-2013,0.05,0,0.05,0.05,-89,,annual
2013-2014,COOK IS,0,0,0,0,0,0,0,226,219,230,2012-2013,0.05,0,0.05,0.05,,,annual
2013-2014,PACIFIC IS,0,0,0,0,0,0,0,229,227,231,2012-2013,0.01,0,0.01,0.01,,,annual
2013-2014,TUVALU,0,0,0,0,0,0,0,231,231,232,2012-2013,0.01,0,0.01,0.01,,,annual
2014-2015,CHINA P RP,11957.08,60413.17,72370.25,-48456.09,3.85,13.49,9.54,4,1,1,2013-2014,14867.1,51034.62,65901.72,-36167.52,-19.57,18.38,annual
2014-2015,U S A,42464.22,21814.6,64278.83,20649.62,13.68,4.87,8.48,1,5,2,2013-2014,39158.02,22505.08,61663.1,16652.94,8.44,-3.07,annual
2014-2015,U ARAB EMTS,33028.08,26139.91,59167.99,6888.17,10.64,5.84,7.8,2,3,3,2013-2014,30520.42,29019.82,59540.24,1500.6,8.22,-9.92,annual
2014-2015,SAUDI ARAB,11162.55,28107.56,39270.11,-16945.01,3.6,6.27,5.18,5,2,4,2013-2014,12218.96,36403.65,48622.61,-24184.69,-8.65,-22.79,annual
2014-2015,SWITZERLAND,1069.09,22133.16,23202.25,-21064.07,0.34,4.94,3.06,46,4,5,2013-2014,1797.27,19311.01,21108.27,-17513.74,-40.52,14.61,annual
2014-2015,GERMANY,7539.79,12787.86,20327.65,-5248.07,2.43,2.85,2.68,8,12,6,2013-2014,7522.72,12932.41,20455.13,-5409.68,0.23,-1.12,annual
2014-2015,HONG KONG,13599.88,5571.99,19171.87,8027.89,4.38,1.24,2.53,3,23,7,2013-2014,12731.74,7322.2,20053.94,5409.54,6.82,-23.9,annual
2014-2015,INDONESIA,4043.32,15004.64,19047.96,-10961.32,1.3,3.35,2.51,26,6,8,2013-2014,4850.21,14748.3,19598.51,-9898.09,-16.64,1.74,annual
2014-2015,KOREA RP,4604.19,13529.11,18133.3,-8924.92,1.48,3.02,2.39,21,10,9,2013-2014,4209.37,12470.6,16679.97,-8261.23,9.38,8.49,annual
2014-2015,MALAYSIA,5816.65,11117.74,16934.39,-5301.09,1.87,2.48,2.23,14,14,10,2013-2014,4198.07,9229.88,13427.94,-5031.81,38.56,20.45,annual
2014-2015,SINGAPORE,9809.53,7124.47,16934,2685.06,3.16,1.59,2.23,6,20,11,2013-2014,12511,6762.49,19273.49,5748.51,-21.59,5.35,annual
2014-2015,NIGERIA,2681.37,13682.97,16364.34,-11001.6,0.86,3.05,2.16,33,9,12,2013-2014,2667.75,14097.84,16765.59,-11430.1,0.51,-2.94,annual
2014-2015,BELGIUM,5519.64,10805.92,16325.56,-5286.29,1.78,2.41,2.15,15,15,13,2013-2014,6377.35,10752.04,17129.38,-4374.69,-13.45,0.5,annual
2014-2015,QATAR,1054.98,14604.71,15659.69,-13549.74,0.34,3.26,2.07,48,7,14,2013-2014,969.06,15707.99,16677.04,-14738.93,8.87,-7.02,annual
2014-2015,JAPAN,5385.87,10131.36,15517.23,-4745.5,1.74,2.26,2.05,16,17,15,2013-2014,6814.45,9480.75,16295.2,-2666.3,-20.96,6.86,annual
2014-2015,IRAQ,829.32,14247.66,15076.98,-13418.34,0.27,3.18,1.99,52,8,16,2013-2014,918.03,18520.86,19438.89,-17602.83,-9.66,-23.07,annual
2014-2015,KUWAIT,1198.89,13381.97,14580.85,-12183.08,0.39,2.99,1.92,44,11,17,2013-2014,1061.14,17153.55,18214.69,-16092.41,12.98,-21.99,annual
2014-2015,U K,9354.21,5018.28,14372.48,4335.93,3.01,1.12,1.9,7,25,18,2013-2014,9821.65,6045.1,15866.75,3776.56,-4.76,-16.99,annual
2014-2015,IRAN,4175.11,8955.02,13130.13,-4779.92,1.35,2,1.73,23,18,19,2013-2014,4971.98,10307.16,15279.14,-5335.19,-16.03,-13.12,annual
2014-2015,AUSTRALIA,2782.13,10247.24,13029.38,-7465.11,0.9,2.29,1.72,32,16,20,2013-2014,2300.28,9822.52,12122.81,-7522.24,20.95,4.32,annual
2014-2015,VENEZUELA,258.07,11729.89,11987.96,-11471.82,0.08,2.62,1.58,90,13,21,2013-2014,196.96,13940.13,14137.09,-13743.17,31.03,-15.86,annual
2014-2015,SOUTH AFRICA,5302,6496.52,11798.52,-1194.52,1.71,1.45,1.56,18,21,22,2013-2014,5074.29,6075.26,11149.56,-1000.97,4.49,6.93,annual
2014-2015,UNSPECIFIED,4073.74,7562.83,11636.57,-3489.09,1.31,1.69,1.53,25,19,23,2013-2014,11428.36,4097.07,15525.43,7331.29,-64.35,84.59,annual
2014-2015,BRAZIL,5963.82,5400.91,11364.73,562.91,1.92,1.21,1.5,13,24,24,2013-2014,5552.47,3720.94,9273.4,1831.53,7.41,45.15,annual
2014-2015,FRANCE,4957.25,4416.08,9373.33,541.17,1.6,0.99,1.24,20,27,25,2013-2014,5108.76,3691.89,8800.65,1416.87,-2.97,19.62,annual
2014-2015,THAILAND,3464.83,5865.88,9330.71,-2401.05,1.12,1.31,1.23,27,22,26,2013-2014,3703.28,5340.2,9043.47,-1636.92,-6.44,9.84,annual
2014-2015,ITALY,5093.23,4231.81,9325.03,861.42,1.64,0.94,1.23,19,29,27,2013-2014,5273.53,4156.61,9430.14,1116.91,-3.42,1.81,annual
2014-2015,VIETNAM SOC REP,6257.88,3003.35,9261.23,3254.53,2.02,0.67,1.22,12,34,28,2013-2014,5441.94,2594.25,8036.19,2847.7,14.99,15.77,annual
2014-2015,NETHERLAND,6327.22,2802.9,9130.12,3524.31,2.04,0.63,1.2,11,35,29,2013-2014,7997.6,3138.92,11136.53,4858.68,-20.89,-10.7,annual
2014-2015,SRI LANKA DSR,6703.72,756.17,7459.89,5947.55,2.16,0.17,0.98,9,57,30,2013-2014,4534.35,666.93,5201.27,3867.42,47.84,13.38,annual
2014-2015,BANGLADESH PR,6451.48,621.37,7072.85,5830.12,2.08,0.14,0.93,10,64,31,2013-2014,6166.97,484.34,6651.3,5682.63,4.61,28.29,annual
2014-2015,TURKEY,5358.92,1463.87,6822.79,3895.05,1.73,0.33,0.9,17,44,32,2013-2014,4433.76,760.43,5194.18,3673.33,20.87,92.51,annual
2014-2015,RUSSIA,2097.01,4249.22,6346.23,-2152.21,0.68,0.95,0.84,38,28,33,2013-2014,2121.26,3894.4,6015.66,-1773.14,-1.14,9.11,annual
2014-2015,MEXICO,2861.68,3393.15,6254.83,-531.48,0.92,0.76,0.82,31,32,34,2013-2014,2227.58,3672.43,5900.01,-1444.86,28.47,-7.6,annual
2014-2015,TAIWAN,2181.66,4028.65,6210.31,-1846.98,0.7,0.9,0.82,37,30,35,2013-2014,1989.88,4040.88,6030.76,-2051,9.64,-0.3,annual
2014-2015,CANADA,2196.02,3749.42,5945.43,-1553.4,0.71,0.84,0.78,36,31,36,2013-2014,2037.37,3148.25,5185.63,-1110.88,7.79,19.1,annual
2014-2015,ISRAEL,3289.87,2328.04,5617.91,961.82,1.06,0.52,0.74,28,36,37,2013-2014,3746.95,2311.58,6058.53,1435.37,-12.2,0.71,annual
2014-2015,NEPAL,4558.77,639.91,5198.68,3918.86,1.47,0.14,0.69,22,62,38,2013-2014,3592.3,529.93,4122.23,3062.37,26.9,20.76,annual
2014-2015,ANGOLA,552.64,4617.64,5170.29,-4065,0.18,1.03,0.68,65,26,39,2013-2014,536.03,5992.31,6528.34,-5456.28,3.1,-22.94,annual
2014-2015,SPAIN,3148.38,2005.2,5153.58,1143.18,1.01,0.45,0.68,29,39,40,2013-2014,2885.04,1843.42,4728.46,1041.63,9.13,8.78,annual
2014-2015,EGYPT A RP,3025.6,1741.77,4767.37,1283.83,0.97,0.39,0.63,30,43,41,2013-2014,2562.16,2388.96,4951.11,173.2,18.09,-27.09,annual
2014-2015,KENYA,4117.93,117.42,4235.36,4000.51,1.33,0.03,0.56,24,103,42,2013-2014,3882.16,126.63,4008.79,3755.53,6.07,-7.27,annual
2014-2015,OMAN,2379.44,1752.24,4131.69,627.2,0.77,0.39,0.54,35,41,43,2013-2014,2812.27,2951.18,5763.45,-138.91,-15.39,-40.63,annual
2014-2015,CHILE,565.82,3080.63,3646.45,-2514.81,0.18,0.69,0.48,63,33,44,2013-2014,663.99,2507.87,3171.86,-1843.88,-14.78,22.84,annual
2014-2015,TANZANIA REP,2484.61,1089.03,3573.64,1395.58,0.8,0.24,0.47,34,47,45,2013-2014,3400.76,724.45,4125.21,2676.32,-26.94,50.33,annual
2014-2015,COLOMBIA,1105.15,2134.94,3240.08,-1029.79,0.36,0.48,0.43,45,38,46,2013-2014,1007.51,4970.62,5978.13,-3963.11,9.69,-57.05,annual
2014-2015,UKRAINE,349.03,2238.99,2588.02,-1889.95,0.11,0.5,0.34,78,37,47,2013-2014,481.32,1804.75,2286.07,-1323.44,-27.48,24.06,annual
2014-2015,SWEDEN,740.47,1748.4,2488.87,-1007.93,0.24,0.39,0.33,57,42,48,2013-2014,733.45,1679.42,2412.86,-945.97,0.96,4.11,annual
2014-2015,ARGENTINA,460.21,1992.25,2452.46,-1532.03,0.15,0.44,0.32,69,40,49,2013-2014,611.49,1338.35,1949.84,-726.86,-24.74,48.86,annual
2014-2015,MOZAMBIQUE,2070.84,325.74,2396.58,1745.1,0.67,0.07,0.32,39,78,50,2013-2014,1257.26,292.96,1550.22,964.3,64.71,11.19,annual
2014-2015,PAKISTAN IR,1857.29,497.31,2354.6,1359.98,0.6,0.11,0.31,41,73,51,2013-2014,2274.3,426.88,2701.18,1847.41,-18.34,16.5,annual
2014-2015,JORDAN,1431.11,857.85,2288.96,573.26,0.46,0.19,0.3,42,53,52,2013-2014,1595.89,610.71,2206.59,985.18,-10.32,40.47,annual
2014-2015,MYANMAR,773.24,1231.54,2004.78,-458.3,0.25,0.27,0.26,55,46,53,2013-2014,787.01,1395.67,2182.68,-608.67,-1.75,-11.76,annual
2014-2015,GHANA,680.39,1257.6,1938,-577.21,0.22,0.28,0.26,60,45,54,2013-2014,831.48,370.56,1202.04,460.92,-18.17,239.38,annual
2014-2015,MAURITIUS,1909.55,21.19,1930.74,1888.36,0.62,0,0.25,40,141,55,2013-2014,1000.18,20.79,1020.97,979.4,90.92,1.93,annual
2014-2015,PHILIPPINES,1395.58,423.04,1818.62,972.55,0.45,0.09,0.24,43,76,56,2013-2014,1419,391.59,1810.59,1027.41,-1.65,8.03,annual
2014-2015,POLAND,1050.82,635.6,1686.41,415.22,0.34,0.14,0.22,49,63,57,2013-2014,995.52,622.57,1618.08,372.95,5.55,2.09,annual
2014-2015,ALGERIA,1063.73,551.82,1615.55,511.92,0.34,0.12,0.21,47,68,58,2013-2014,1069.53,860.9,1930.43,208.62,-0.54,-35.9,annual
2014-2015,YEMEN REPUBLC,992.13,540.68,1532.82,451.45,0.32,0.12,0.2,50,69,59,2013-2014,1306.99,782.18,2089.17,524.81,-24.09,-30.87,annual
2014-2015,SUDAN,882.47,569.66,1452.13,312.81,0.28,0.13,0.19,51,67,60,2013-2014,863.04,436.43,1299.47,426.61,2.25,30.53,annual
2014-2015,PERU,819.86,590.4,1410.25,229.46,0.26,0.13,0.19,53,66,61,2013-2014,620.55,524.2,1144.75,96.36,32.12,12.63,annual
2014-2015,IRELAND,759.74,533.19,1292.94,226.55,0.24,0.12,0.17,56,70,62,2013-2014,414.38,558.38,972.76,-144,83.34,-4.51,annual
2014-2015,ECUADOR,225.04,1065.74,1290.77,-840.7,0.07,0.24,0.17,99,48,63,2013-2014,290.4,255.43,545.83,34.96,-22.51,317.23,annual
2014-2015,NORWAY,263.41,1001.11,1264.52,-737.7,0.08,0.22,0.17,89,50,64,2013-2014,229.08,745.14,974.22,-516.06,14.99,34.35,annual
2014-2015,MOROCCO,326.31,936.25,1262.56,-609.93,0.11,0.21,0.17,82,51,65,2013-2014,385.61,879.18,1264.79,-493.58,-15.38,6.49,annual
2014-2015,FINLAND,330.6,917.48,1248.08,-586.88,0.11,0.2,0.16,80,52,66,2013-2014,415.73,1054.09,1469.82,-638.36,-20.48,-12.96,annual
2014-2015,DENMARK,724.38,457.95,1182.33,266.42,0.23,0.1,0.16,58,74,67,2013-2014,761.79,445.1,1206.89,316.68,-4.91,2.89,annual
2014-2015,AUSTRIA,363.1,815.92,1179.02,-452.82,0.12,0.18,0.16,74,55,68,2013-2014,336.47,828.77,1165.24,-492.29,7.91,-1.55,annual
2014-2015,BOTSWANA,44.46,1012.89,1057.35,-968.42,0.01,0.23,0.14,147,49,69,2013-2014,54.44,382.98,437.42,-328.55,-18.32,164.47,annual
2014-2015,GUINEA,283.81,729.69,1013.5,-445.88,0.09,0.16,0.13,86,60,70,2013-2014,203.42,194.4,397.82,9.01,39.52,275.34,annual
2014-2015,CAMEROON,249.13,745.36,994.49,-496.22,0.08,0.17,0.13,95,59,71,2013-2014,259.66,268.31,527.97,-8.65,-4.05,177.79,annual
2014-2015,KAZAKHSTAN,250.68,701.67,952.35,-450.98,0.08,0.16,0.13,93,61,72,2013-2014,261.51,656.33,917.84,-394.81,-4.14,6.91,annual
2014-2015,BAHARAIN IS,472.98,446.25,919.23,26.74,0.15,0.1,0.12,68,75,73,2013-2014,639.36,563.24,1202.6,76.12,-26.02,-20.77,annual
2014-2015,NEW ZEALAND,322.1,591.4,913.49,-269.3,0.1,0.13,0.12,83,65,74,2013-2014,276.68,614.52,891.2,-337.83,16.41,-3.76,annual
2014-2015,CZECH REPUBLIC,378.56,517.87,896.43,-139.31,0.12,0.12,0.12,72,72,75,2013-2014,387.08,517.97,905.05,-130.89,-2.2,-0.02,annual
2014-2015,TOGO,688.42,195.65,884.07,492.78,0.22,0.04,0.12,59,90,76,2013-2014,443.93,156.34,600.27,287.58,55.07,25.14,annual
2014-2015,BRUNEI,41.99,840.88,882.87,-798.89,0.01,0.19,0.12,151,54,77,2013-2014,32.45,763.6,796.05,-731.14,29.38,10.12,annual
2014-2015,COTE D' IVOIRE,309.75,532.1,841.85,-222.34,0.1,0.12,0.11,84,71,78,2013-2014,298.95,298.4,597.35,0.55,3.61,78.31,annual
2014-2015,GABON,42.7,793.06,835.76,-750.36,0.01,0.18,0.11,148,56,79,2013-2014,52.59,868.47,921.06,-815.87,-18.81,-8.68,annual
2014-2015,ETHIOPIA,783.13,44.26,827.39,738.88,0.25,0.01,0.11,54,117,80,2013-2014,816.92,28.4,845.32,788.52,-4.14,55.84,annual
2014-2015,PORTUGAL,636.46,145.05,781.51,491.41,0.21,0.03,0.1,62,97,81,2013-2014,627.04,339.98,967.02,287.05,1.5,-57.34,annual
2014-2015,EQUTL GUINEA,15.01,749.38,764.4,-734.37,0,0.17,0.1,168,58,82,2013-2014,17.24,301.82,319.06,-284.58,-12.92,148.29,annual
2014-2015,SENEGAL,518.75,208.13,726.89,310.62,0.17,0.05,0.1,66,87,83,2013-2014,426.48,153.6,580.08,272.89,21.63,35.51,annual
2014-2015,BENIN,497.95,222.12,720.07,275.83,0.16,0.05,0.09,67,85,84,2013-2014,763.98,167.61,931.59,596.37,-34.82,32.52,annual
2014-2015,ROMANIA,416.79,296.45,713.24,120.33,0.13,0.07,0.09,71,79,85,2013-2014,286.38,375.64,662.02,-89.26,45.54,-21.08,annual
2014-2015,AFGHANISTAN,422.56,261.91,684.47,160.65,0.14,0.06,0.09,70,82,86,2013-2014,474.34,208.77,683.1,265.57,-10.92,25.46,annual
2014-2015,ZAMBIA,366.59,283.35,649.94,83.24,0.12,0.06,0.09,73,81,87,2013-2014,377.3,243.15,620.45,134.15,-2.84,16.53,annual
2014-2015,GIBRALTAR,637.83,0,637.83,637.83,0.21,0,0.08,61,226,88,2013-2014,97.61,0.13,97.74,97.47,553.48,-99.74,annual
2014-2015,CONGO P REP,252.89,365.52,618.42,-112.63,0.08,0.08,0.08,92,77,89,2013-2014,210.32,89.53,299.85,120.78,20.24,308.26,annual
2014-2015,UGANDA,553.93,37.69,591.61,516.24,0.18,0.01,0.08,64,123,90,2013-2014,530.62,33.14,563.76,497.47,4.39,13.71,annual
2014-2015,HUNGARY,349.26,239.55,588.81,109.71,0.11,0.05,0.08,77,83,91,2013-2014,343.62,220.48,564.1,123.15,1.64,8.65,annual
2014-2015,GREECE,360.84,127.75,488.59,233.09,0.12,0.03,0.06,75,100,92,2013-2014,335.14,109.44,444.58,225.71,7.67,16.73,annual
2014-2015,BHUTAN,333.94,149.87,483.81,184.08,0.11,0.03,0.06,79,96,93,2013-2014,355.6,152.17,507.77,203.43,-6.09,-1.51,annual
2014-2015,TUNISIA,249.83,196.19,446.02,53.64,0.08,0.04,0.06,94,89,94,2013-2014,274.1,91.56,365.66,182.54,-8.85,114.27,annual
2014-2015,DOMINIC REP,140.91,290.66,431.57,-149.74,0.05,0.06,0.06,114,80,95,2013-2014,125.7,12.5,138.2,113.21,12.1,2226.08,annual
2014-2015,SOMALIA,352.81,38.25,391.05,314.56,0.11,0.01,0.05,76,122,96,2013-2014,210.89,46.39,257.27,164.5,67.3,-17.55,annual
2014-2015,CONGO D. REP.,254.16,126.45,380.61,127.71,0.08,0.03,0.05,91,101,97,2013-2014,181.45,47.29,228.75,134.16,40.07,167.38,annual
2014-2015,BULGARIA,266.45,103.66,370.11,162.79,0.09,0.02,0.05,88,106,98,2013-2014,168.1,93.65,261.75,74.45,58.51,10.69,annual
2014-2015,MALTA,327.59,28.42,356.01,299.17,0.11,0.01,0.05,81,131,99,2013-2014,167.91,34.45,202.36,133.46,95.1,-17.51,annual
2014-2015,SLOVENIA,245.77,104.54,350.31,141.23,0.08,0.02,0.05,96,105,100,2013-2014,212.26,118.12,330.37,94.14,15.79,-11.49,annual
2014-2015,PANAMA REPUBLIC,302.4,30.46,332.87,271.94,0.1,0.01,0.04,85,129,101,2013-2014,211.4,41.64,253.04,169.76,43.05,-26.85,annual
2014-2015,LEBANON,279.66,39.74,319.39,239.92,0.09,0.01,0.04,87,121,102,2013-2014,293.52,37.25,330.77,256.27,-4.72,6.68,annual
2014-2015,AZERBAIJAN,110.42,198.54,308.96,-88.13,0.04,0.04,0.04,119,88,103,2013-2014,123.89,1136.83,1260.72,-1012.94,-10.88,-82.54,annual
2014-2015,SLOVAK REP,136.9,137.04,273.94,-0.13,0.04,0.03,0.04,115,98,104,2013-2014,104.42,53.14,157.56,51.29,31.11,157.9,annual
2014-2015,BURKINA FASO,112.76,151.64,264.4,-38.88,0.04,0.03,0.03,118,95,105,2013-2014,103.21,16.55,119.76,86.67,9.25,816.42,annual
2014-2015,LIBERIA,206.53,57.68,264.21,148.85,0.07,0.01,0.03,103,114,106,2013-2014,253.68,26.86,280.54,226.82,-18.59,114.75,annual
2014-2015,MADAGASCAR,167.19,95.29,262.48,71.9,0.05,0.02,0.03,108,107,107,2013-2014,238.71,52.84,291.56,185.87,-29.96,80.34,annual
2014-2015,ZIMBABWE,223.96,32.7,256.65,191.26,0.07,0.01,0.03,100,128,108,2013-2014,158.06,12.5,170.56,145.56,41.69,161.6,annual
2014-2015,COSTA RICA,95.84,155.3,251.13,-59.46,0.03,0.03,0.03,125,94,109,2013-2014,81.09,203.99,285.07,-122.9,18.19,-23.87,annual
2014-2015,MALAWI,214.02,36.78,250.8,177.24,0.07,0.01,0.03,101,124,110,2013-2014,221.05,15.15,236.2,205.9,-3.18,142.71,annual
2014-2015,GUATEMALA,229.01,17.12,246.13,211.89,0.07,0,0.03,98,145,111,2013-2014,212.36,13.12,225.48,199.24,7.84,30.46,annual
2014-2015,ERITREA,14.06,230.68,244.73,-216.62,0,0.05,0.03,170,84,112,2013-2014,16.45,4.85,21.3,11.6,-14.56,4659.37,annual
2014-2015,DJIBOUTI,237.96,1.47,239.43,236.48,0.08,0,0.03,97,171,113,2013-2014,307.04,4.15,311.19,302.89,-22.5,-64.48,annual
2014-2015,TRINIDAD,165.48,68.42,233.9,97.06,0.05,0.02,0.03,109,112,114,2013-2014,104.83,5.35,110.18,99.48,57.86,1178.02,annual
2014-2015,LIBYA,163.74,70.14,233.87,93.6,0.05,0.02,0.03,110,111,115,2013-2014,287.2,451.54,738.73,-164.34,-42.99,-84.47,annual
2014-2015,BELARUS,48.16,182.16,230.31,-134,0.02,0.04,0.03,146,91,116,2013-2014,53.34,157.77,211.11,-104.43,-9.71,15.46,annual
2014-2015,URUGUAY,208.32,20.35,228.68,187.97,0.07,0,0.03,102,142,117,2013-2014,160.98,20.42,181.4,140.57,29.41,-0.3,annual
2014-2015,SURINAME,17.62,210.87,228.49,-193.26,0.01,0.05,0.03,167,86,118,2013-2014,24.18,13.15,37.33,11.04,-27.16,1504.06,annual
2014-2015,UZBEKISTAN,170.44,55.86,226.31,114.58,0.05,0.01,0.03,107,115,119,2013-2014,114.07,31.5,145.56,82.57,49.43,77.37,annual
2014-2015,SYRIA,187.89,28.34,216.23,159.55,0.06,0.01,0.03,104,132,120,2013-2014,234.1,76.62,310.72,157.48,-19.74,-63.01,annual
2014-2015,LITHUANIA,103.23,111.91,215.15,-8.68,0.03,0.02,0.03,122,104,121,2013-2014,104.94,53.7,158.64,51.23,-1.62,108.39,annual
2014-2015,HONDURAS,187.56,25.31,212.87,162.25,0.06,0.01,0.03,105,134,122,2013-2014,107.9,22.59,130.49,85.31,73.83,12.06,annual
2014-2015,MALI,134.12,78.59,212.72,55.53,0.04,0.02,0.03,116,110,123,2013-2014,108.78,70.91,179.7,37.87,23.29,10.83,annual
2014-2015,PAPUA N GNA,52.19,157.29,209.49,-105.1,0.02,0.04,0.03,142,93,124,2013-2014,43.96,178.3,222.26,-134.33,18.72,-11.78,annual
2014-2015,KOREA DP RP,76.52,131.93,208.45,-55.41,0.02,0.03,0.03,132,99,125,2013-2014,186.8,12.48,199.29,174.32,-59.03,956.75,annual
2014-2015,CROATIA,176.39,28.65,205.04,147.75,0.06,0.01,0.03,106,130,126,2013-2014,139.14,9.72,148.86,129.42,26.77,194.63,annual
2014-2015,PARAGUAY,106.48,88.12,194.59,18.36,0.03,0.02,0.03,121,108,127,2013-2014,88.91,5.28,94.19,83.63,19.76,1568.82,annual
2014-2015,ESTONIA,68.09,118.06,186.15,-49.97,0.02,0.03,0.02,135,102,128,2013-2014,79.13,115.3,194.43,-36.17,-13.95,2.39,annual
2014-2015,GUINEA BISSAU,9.76,158.38,168.14,-148.61,0,0.04,0.02,173,92,129,2013-2014,19.02,109.68,128.69,-90.66,-48.65,44.41,annual
2014-2015,CAMBODIA,142.53,17.96,160.49,124.57,0.05,0,0.02,113,144,130,2013-2014,141.31,12.72,154.04,128.59,0.86,41.13,annual
2014-2015,MALDIVES,152.38,4.32,156.7,148.06,0.05,0,0.02,111,159,131,2013-2014,106.07,3.97,110.05,102.1,43.66,8.7,annual
2014-2015,LAO PD RP,67.31,85.28,152.58,-17.97,0.02,0.02,0.02,136,109,132,2013-2014,49.89,39.4,89.29,10.5,34.9,116.46,annual
2014-2015,RWANDA,149.27,1.21,150.47,148.06,0.05,0,0.02,112,176,133,2013-2014,87.56,0.25,87.81,87.3,70.48,374.66,annual
2014-2015,NAMIBIA,107.82,34.42,142.24,73.4,0.03,0.01,0.02,120,127,134,2013-2014,212.39,13,225.39,199.39,-49.23,164.73,annual
2014-2015,LATVIA,98.12,36.22,134.34,61.91,0.03,0.01,0.02,124,125,135,2013-2014,102.08,103.89,205.97,-1.81,-3.88,-65.14,annual
2014-2015,PUERTO RICO,99.02,26.08,125.1,72.93,0.03,0.01,0.02,123,133,136,2013-2014,90.84,20.61,111.45,70.23,9,26.55,annual
2014-2015,BAHAMAS,123.5,0.67,124.17,122.83,0.04,0,0.02,117,187,137,2013-2014,228.03,494.21,722.23,-266.18,-45.84,-99.86,annual
2014-2015,GAMBIA,73.53,36.08,109.61,37.45,0.02,0.01,0.01,133,126,138,2013-2014,85.13,29.2,114.33,55.93,-13.62,23.56,annual
2014-2015,TURKMENISTAN,91.98,13.05,105.03,78.94,0.03,0,0.01,126,148,139,2013-2014,73.62,14.1,87.73,59.52,24.94,-7.51,annual
2014-2015,GEORGIA,86.67,18.35,105.02,68.32,0.03,0,0.01,128,143,140,2013-2014,91.29,23.82,115.11,67.47,-5.06,-22.96,annual
2014-2015,SIERRA LEONE,80.4,23.59,103.99,56.82,0.03,0.01,0.01,130,136,141,2013-2014,100.99,5.56,106.55,95.44,-20.39,324.32,annual
2014-2015,CHAD,40.69,62.78,103.46,-22.09,0.01,0.01,0.01,153,113,142,2013-2014,33.02,11.26,44.28,21.76,23.22,457.53,annual
2014-2015,MAURITANIA,58.94,43.36,102.3,15.58,0.02,0.01,0.01,140,119,143,2013-2014,58.02,7.35,65.37,50.67,1.58,490.01,annual
2014-2015,ARMENIA,91.47,0.82,92.29,90.65,0.03,0,0.01,127,183,144,2013-2014,72.47,1.7,74.17,70.77,26.22,-51.56,annual
2014-2015,HAITI,85.45,1.57,87.02,83.88,0.03,0,0.01,129,170,145,2013-2014,59.21,0.95,60.17,58.26,44.31,65.03,annual
2014-2015,NIGER,78.22,0.55,78.78,77.67,0.03,0,0.01,131,190,146,2013-2014,86.31,0.54,86.85,85.78,-9.37,3.59,annual
2014-2015,BOLIVIA,70.84,3.56,74.4,67.28,0.02,0,0.01,134,162,147,2013-2014,53.19,2.42,55.61,50.76,33.19,47.06,annual
2014-2015,CYPRUS,51.11,22.82,73.94,28.29,0.02,0.01,0.01,143,137,148,2013-2014,61.57,20.31,81.88,41.25,-16.98,12.35,annual
2014-2015,EL SALVADOR,61.48,10.27,71.76,51.21,0.02,0,0.01,138,152,149,2013-2014,65.11,7.99,73.1,57.12,-5.57,28.58,annual
2014-2015,REUNION,48.76,22.61,71.37,26.15,0.02,0.01,0.01,145,138,150,2013-2014,52.38,22.79,75.18,29.59,-6.92,-0.81,annual
2014-2015,ALBANIA,19.42,50.76,70.18,-31.35,0.01,0.01,0.01,164,116,151,2013-2014,18.73,198.8,217.53,-180.07,3.68,-74.47,annual
2014-2015,NICARAGUA,65.51,2.19,67.7,63.32,0.02,0,0.01,137,165,152,2013-2014,59.23,2.65,61.88,56.58,10.61,-17.24,annual
2014-2015,SERBIA,42.39,23.71,66.09,18.68,0.01,0.01,0.01,149,135,153,2013-2014,31.52,3.27,34.78,28.25,34.5,625.47,annual
2014-2015,SWAZILAND,39.94,22.03,61.96,17.91,0.01,0,0.01,154,139,154,2013-2014,22.81,124.66,147.47,-101.86,75.1,-82.33,annual
2014-2015,FR GUIANA,59.04,1.41,60.45,57.64,0.02,0,0.01,139,174,155,2013-2014,36.68,2.47,39.14,34.21,60.99,-42.99,annual
2014-2015,TAJIKISTAN,53.71,4.39,58.1,49.32,0.02,0,0.01,141,158,156,2013-2014,54.27,0.86,55.13,53.42,-1.04,412.47,annual
2014-2015,NETHERLANDANTIL,40.94,11.26,52.2,29.68,0.01,0,0.01,152,150,157,2013-2014,68.5,4.33,72.84,64.17,-40.24,159.86,annual
2014-2015,FIJI IS,49.75,1.8,51.55,47.94,0.02,0,0.01,144,166,158,2013-2014,48.74,2,50.74,46.74,2.06,-9.78,annual
2014-2015,LUXEMBOURG,9.59,41.81,51.41,-32.22,0,0.01,0.01,174,120,159,2013-2014,11.74,46.16,57.9,-34.42,-18.27,-9.42,annual
2014-2015,PANAMA C Z,0.07,44.25,44.32,-44.18,0,0.01,0.01,219,118,160,2013-2014,0.36,21.41,21.77,-21.05,-80.62,106.71,annual
2014-2015,MONTENEGRO,42.31,1.16,43.47,41.15,0.01,0,0.01,150,180,161,2013-2014,30.57,0.01,30.58,30.56,38.41,12878.69,annual
2014-2015,LESOTHO,38.22,1.38,39.6,36.83,0.01,0,0.01,155,175,162,2013-2014,31.01,2.51,33.52,28.5,23.25,-44.85,annual
2014-2015,JAMAICA,37.8,1.78,39.58,36.02,0.01,0,0.01,156,167,163,2013-2014,36.22,0.9,37.12,35.32,4.36,97.62,annual
2014-2015,CUBA,37.32,1.57,38.89,35.75,0.01,0,0.01,158,169,164,2013-2014,35.53,2.4,37.93,33.13,5.05,-34.5,annual
2014-2015,KYRGHYZSTAN,37.76,0.77,38.53,36.99,0.01,0,0.01,157,185,165,2013-2014,34.54,0.64,35.18,33.9,9.32,20.14,annual
2014-2015,GUYANA,24.41,10.3,34.72,14.11,0.01,0,0,162,151,166,2013-2014,24.19,7.28,31.47,16.9,0.93,41.45,annual
2014-2015,SEYCHELLES,32.56,1.17,33.74,31.39,0.01,0,0,159,179,167,2013-2014,52.72,0.99,53.71,51.73,-38.24,18.46,annual
2014-2015,NEW CALEDONIA,10.77,21.38,32.15,-10.61,0,0,0,171,140,168,2013-2014,8.8,27.79,36.6,-18.99,22.35,-23.07,annual
2014-2015,BURUNDI,31.44,0.29,31.74,31.15,0.01,0,0,160,195,169,2013-2014,30.76,0.18,30.94,30.58,2.22,61.72,annual
2014-2015,COMOROS,17.76,11.3,29.05,6.46,0.01,0,0,166,149,170,2013-2014,13.7,6.59,20.29,7.11,29.6,71.49,annual
2014-2015,BELIZE,24.49,0.21,24.71,24.28,0.01,0,0,161,196,171,2013-2014,22.46,1.55,24.01,20.92,9.03,-86.11,annual
2014-2015,ICELAND,19.93,4.69,24.62,15.24,0.01,0,0,163,157,172,2013-2014,19.89,6.63,26.51,13.26,0.22,-29.27,annual
2014-2015,MACEDONIA,14.51,9.05,23.56,5.46,0,0,0,169,154,173,2013-2014,10.79,19.92,30.7,-9.13,34.52,-54.55,annual
2014-2015,BOSNIA-HRZGOVIN,17.88,4.26,22.13,13.62,0.01,0,0,165,161,174,2013-2014,11.57,1.66,13.23,9.9,54.57,155.89,annual
2014-2015,UNION OF SERBIA & MONTENEGRO,6.68,15.35,22.03,-8.66,0,0,0,179,146,175,2013-2014,30.16,5.63,35.79,24.53,-77.84,172.49,annual
2014-2015,SOLOMON IS,5.22,13.47,18.69,-8.25,0,0,0,181,147,176,2013-2014,2.06,5.3,7.36,-3.25,153.63,154.01,annual
2014-2015,MONGOLIA,7.92,4.3,12.22,3.62,0,0,0,176,160,177,2013-2014,15.53,8.75,24.27,6.78,-49.01,-50.85,annual
2014-2015,BARBADOS,10.19,0.17,10.36,10.03,0,0,0,172,197,178,2013-2014,6.44,0.11,6.56,6.33,58.24,45.83,annual
2014-2015,MOLDOVA,8.79,1.43,10.22,7.37,0,0,0,175,172,179,2013-2014,10.47,0.52,10.99,9.95,-16.02,174.48,annual
2014-2015,NAURU RP,0.02,10.19,10.21,-10.17,0,0,0,225,153,180,2013-2014,0.17,4.76,4.93,-4.58,-88.6,114.23,annual
2014-2015,C AFRI REP,7.76,0.63,8.39,7.13,0,0,0,177,188,181,2013-2014,7.73,0.91,8.64,6.82,0.33,-30.58,annual
2014-2015,CAPE VERDE IS,4.12,2.97,7.09,1.15,0,0,0,184,163,182,2013-2014,1.43,3.18,4.61,-1.75,188.24,-6.54,annual
2014-2015,CAYMAN IS,6.75,0,6.75,6.75,0,0,0,178,221,183,2013-2014,3.15,0.01,3.16,3.13,114.59,-97.22,annual
2014-2015,MARTINIQUE,6.15,0.09,6.24,6.05,0,0,0,180,204,184,2013-2014,7.68,0.12,7.8,7.56,-19.97,-22.25,annual
2014-2015,ANDORRA,0.26,5.28,5.54,-5.02,0,0,0,209,155,185,2013-2014,0.12,0,0.12,0.12,115.35,1865585.58,annual
2014-2015,VIRGIN IS US,4.83,0.6,5.42,4.23,0,0,0,182,189,186,2013-2014,3.9,2.26,6.16,1.64,23.83,-73.61,annual
2014-2015,ANTARTICA,0,4.84,4.84,-4.83,0,0,0,227,156,187,2013-2014,0.06,0.41,0.47,-0.35,-93.91,1084.41,annual
2014-2015,MACAO,2.43,2.3,4.73,0.12,0,0,0,192,164,188,2013-2014,1.62,2.65,4.27,-1.02,49.36,-12.95,annual
2014-2015,GUADELOUPE,4.17,0.08,4.24,4.09,0,0,0,183,207,189,2013-2014,6.53,0.35,6.87,6.18,-36.19,-77.1,annual
2014-2015,ARUBA,3.88,0.03,3.91,3.85,0,0,0,185,212,190,2013-2014,3.33,0.13,3.47,3.2,16.42,-79.38,annual
2014-2015,SAMOA,2.48,1.18,3.66,1.31,0,0,0,191,177,191,2013-2014,4.3,0.02,4.32,4.28,-42.23,6790.89,annual
2014-2015,TIMOR LESTE,3.24,0.31,3.56,2.93,0,0,0,186,194,192,2013-2014,2.19,0.83,3.02,1.36,47.98,-62.47,annual
2014-2015,FR POLYNESIA,3.07,0.03,3.1,3.04,0,0,0,187,213,193,2013-2014,2.8,0.02,2.83,2.78,9.49,20.36,annual
2014-2015,BERMUDA,2.73,0.09,2.82,2.64,0,0,0,188,203,194,2013-2014,2.59,0,2.59,2.59,5.68,,annual
2014-2015,FAROE IS.,2.62,0.07,2.69,2.56,0,0,0,189,209,195,2013-2014,3.08,0,3.08,3.08,-14.74,26254.96,annual
2014-2015,DOMINICA,2.53,0.1,2.63,2.43,0,0,0,190,202,196,2013-2014,2.41,0.07,2.47,2.34,5.19,52.74,annual
2014-2015,MONACO,0.87,1.71,2.58,-0.84,0,0,0,202,168,197,2013-2014,0.31,2.17,2.48,-1.86,183.7,-21.33,annual
2014-2015,ANTIGUA,2.07,0.49,2.56,1.58,0,0,0,194,191,198,2013-2014,2.19,0.04,2.23,2.14,-5.16,1040.48,annual
2014-2015,ST LUCIA,2.13,0.14,2.27,1.99,0,0,0,193,199,199,2013-2014,2.28,0.5,2.78,1.78,-6.67,-72.18,annual
2014-2015,VANUATU REP,1.86,0.01,1.87,1.85,0,0,0,195,220,200,2013-2014,2.78,0,2.78,2.78,-33.09,,annual
2014-2015,ST KITT N A,1.25,0.37,1.62,0.88,0,0,0,198,192,201,2013-2014,1.22,0.02,1.23,1.2,2.95,2006.5,annual
2014-2015,US MINOR OUTLYING ISLANDS,0.68,0.85,1.53,-0.17,0,0,0,204,182,202,2013-2014,0,0,0,0,,,annual
2014-2015,SAO TOME,1.47,0.05,1.52,1.42,0,0,0,196,211,203,2013-2014,0.92,0,0.92,0.92,60.04,,annual
2014-2015,BR VIRGN IS,0.66,0.82,1.48,-0.16,0,0,0,205,184,204,2013-2014,0.39,0.16,0.55,0.23,68.92,404.39,annual
2014-2015,TUVALU,0.03,1.42,1.45,-1.39,0,0,0,224,173,205,2013-2014,0,0,0,0,,,annual
2014-2015,LIECHTENSTEIN,0.19,1.17,1.36,-0.98,0,0,0,213,178,206,2013-2014,0.32,0.47,0.78,-0.15,-38.79,151.56,annual
2014-2015,GRENADA,1.34,0,1.34,1.34,0,0,0,197,227,207,2013-2014,1.46,0,1.47,1.46,-8.1,,annual
2014-2015,GREENLAND,1.13,0.07,1.2,1.06,0,0,0,199,210,208,2013-2014,1.73,0,1.73,1.73,-34.59,41293.41,annual
2014-2015,WALLIS F IS,0.04,1.02,1.05,-0.98,0,0,0,223,181,209,2013-2014,0,0.1,0.1,-0.1,5153.46,933.41,annual
2014-2015,KIRIBATI REP,1,0.01,1.02,0.99,0,0,0,200,215,210,2013-2014,0.94,0,0.94,0.93,7.41,323.43,annual
2014-2015,TONGA,0.92,0.01,0.92,0.91,0,0,0,201,218,211,2013-2014,1.04,0.02,1.06,1.02,-11.64,-55.01,annual
2014-2015,AMERI SAMOA,0.19,0.67,0.86,-0.48,0,0,0,212,186,212,2013-2014,0.05,0.13,0.19,-0.08,248.14,406.71,annual
2014-2015,ST VINCENT,0.76,0,0.76,0.76,0,0,0,203,234,213,2013-2014,0,0,0,0,,,annual
2014-2015,GUAM,0.41,0,0.41,0.41,0,0,0,206,228,214,2013-2014,0.28,0,0.28,0.28,44.41,,annual
2014-2015,SAN MARINO,0.05,0.33,0.37,-0.28,0,0,0,222,193,215,2013-2014,0,0.64,0.64,-0.64,15214.49,-49.16,annual
2014-2015,MONTSERRAT,0.33,0,0.34,0.33,0,0,0,207,231,216,2013-2014,0.07,0,0.07,0.07,391.01,77.6,annual
2014-2015,COOK IS,0.32,0,0.32,0.31,0,0,0,208,223,217,2013-2014,0,0,0,0,,,annual
2014-2015,ST HELENA,0.21,0.09,0.3,0.12,0,0,0,211,205,218,2013-2014,0.03,0.09,0.12,-0.07,631.2,-4.81,annual
2014-2015,VATICAN CITY,0.12,0.17,0.29,-0.05,0,0,0,216,198,219,2013-2014,0,0,0,0,,,annual
2014-2015,MICRONESIA,0.23,0,0.23,0.23,0,0,0,210,230,220,2013-2014,0.57,0.1,0.67,0.47,-59.03,,annual
2014-2015,NORFOLK IS,0.06,0.13,0.19,-0.07,0,0,0,220,200,221,2013-2014,1.36,0.2,1.56,1.16,-95.65,-37.24,annual
2014-2015,TURKS C IS,0.15,0.01,0.16,0.14,0,0,0,214,219,222,2013-2014,0.41,0.12,0.53,0.29,-64.41,-90.83,annual
2014-2015,MARSHALL ISLAND,0.12,0.01,0.14,0.11,0,0,0,215,216,223,2013-2014,1.18,7.28,8.46,-6.1,-89.49,-99.82,annual
2014-2015,ANGUILLA,0.05,0.07,0.12,-0.02,0,0,0,221,208,224,2013-2014,0.02,0,0.02,0.02,112.58,,annual
2014-2015,PITCAIRN IS.,0,0.11,0.11,-0.11,0,0,0,233,201,225,2013-2014,0,0,0,0,,,annual
2014-2015,CHRISTMAS IS.,0.01,0.08,0.09,-0.07,0,0,0,226,206,226,2013-2014,0.01,0.06,0.07,-0.06,27.71,27.71,annual
2014-2015,N. MARIANA IS.,0.08,0,0.08,0.08,0,0,0,217,232,227,2013-2014,0.06,0.15,0.22,-0.09,39.02,,annual
2014-2015,PALAU,0.07,0.01,0.08,0.06,0,0,0,218,217,228,2013-2014,0.03,0,0.03,0.02,139.62,132.06,annual
2014-2015,NIUE IS,0,0.03,0.03,-0.03,0,0,0,232,214,229,2013-2014,0.01,0.02,0.03,-0.01,,25.21,annual
2014-2015,COCOS IS,0,0,0,0,0,0,0,228,222,230,2013-2014,0.01,0,0.01,0,,,annual
2014-2015,FALKLAND IS,0,0,0,0,0,0,0,229,224,231,2013-2014,0,1.6,1.6,-1.6,,,annual
2014-2015,FR S ANT TR,0,0,0,0,0,0,0,230,225,232,2013-2014,0,0.03,0.03,-0.03,,,annual
2014-2015,HEARD MACDONALD,0,0,0,0,0,0,0,231,229,233,2013-2014,0.03,0,0.03,0.03,,,annual
2014-2015,ST PIERRE,0,0,0,0,0,0,0,234,233,234,2013-2014,0.03,0,0.03,0.03,-97.31,,annual
2014-2015,TOKELAU IS,0,0,0,0,0,0,0,235,235,235,2013-2014,0.17,0.3,0.47,-0.13,-99.84,-99.42,annual
2015-2016,CHINA P RP,9014.55,61707.95,70722.5,-52693.41,3.44,16.2,10.99,4,1,1,2014-2015,11957.08,60413.17,72370.25,-48456.09,-24.61,2.14,annual
2015-2016,U S A,40340.03,21781.39,62121.41,18558.64,15.38,5.72,9.66,1,2,2,2014-2015,42464.22,21814.6,64278.83,20649.62,-5,-0.15,annual
2015-2016,U ARAB EMTS,30316.5,19445.68,49762.18,10870.82,11.56,5.1,7.74,2,4,3,2014-2015,33028.08,26139.91,59167.99,6888.17,-8.21,-25.61,annual
2015-2016,SAUDI ARAB,6381.72,20321.33,26703.05,-13939.62,2.43,5.33,4.15,8,3,4,2014-2015,11162.55,28107.56,39270.11,-16945.01,-42.83,-27.7,annual
2015-2016,SWITZERLAND,977.21,19299.49,20276.7,-18322.28,0.37,5.07,3.15,47,5,5,2014-2015,1069.09,22133.16,23202.25,-21064.07,-8.59,-12.8,annual
2015-2016,GERMANY,7094.55,12088.37,19182.92,-4993.82,2.7,3.17,2.98,7,8,6,2014-2015,7539.79,12787.86,20327.65,-5248.07,-5.91,-5.47,annual
2015-2016,HONG KONG,12092.28,6051.66,18143.93,6040.62,4.61,1.59,2.82,3,19,7,2014-2015,13599.88,5571.99,19171.87,8027.89,-11.09,8.61,annual
2015-2016,KOREA RP,3524.51,13047.12,16571.63,-9522.61,1.34,3.42,2.58,21,7,8,2014-2015,4604.19,13529.11,18133.3,-8924.92,-23.45,-3.56,annual
2015-2016,INDONESIA,2819.49,13131.93,15951.43,-10312.44,1.07,3.45,2.48,28,6,9,2014-2015,4043.32,15004.64,19047.96,-10961.32,-30.27,-12.48,annual
2015-2016,SINGAPORE,7719.97,7308.38,15028.35,411.58,2.94,1.92,2.34,6,17,10,2014-2015,9809.53,7124.47,16934,2685.06,-21.3,2.58,annual
2015-2016,JAPAN,4663.09,9850.22,14513.31,-5187.14,1.78,2.59,2.26,14,11,11,2014-2015,5385.87,10131.36,15517.23,-4745.5,-13.42,-2.77,annual
2015-2016,U K,8857.77,5192.54,14050.3,3665.23,3.38,1.36,2.18,5,23,12,2014-2015,9354.21,5018.28,14372.48,4335.93,-5.31,3.47,annual
2015-2016,BELGIUM,5027.65,8256.06,13283.7,-3228.41,1.92,2.17,2.06,12,16,13,2014-2015,5519.64,10805.92,16325.56,-5286.29,-8.91,-23.6,annual
2015-2016,MALAYSIA,3706.88,9083.83,12790.71,-5376.95,1.41,2.38,1.99,19,12,14,2014-2015,5816.65,11117.74,16934.39,-5301.09,-36.27,-18.29,annual
2015-2016,NIGERIA,2221.9,9949.17,12171.07,-7727.27,0.85,2.61,1.89,33,10,15,2014-2015,2681.37,13682.97,16364.34,-11001.6,-17.14,-27.29,annual
2015-2016,AUSTRALIA,3262.98,8898.78,12161.77,-5635.8,1.24,2.34,1.89,22,14,16,2014-2015,2782.13,10247.24,13029.38,-7465.11,17.28,-13.16,annual
2015-2016,IRAQ,1004.39,10837.58,11841.98,-9833.19,0.38,2.84,1.84,46,9,17,2014-2015,829.32,14247.66,15076.98,-13418.34,21.11,-23.93,annual
2015-2016,UNSPECIFIED,2435.78,8709.59,11145.37,-6273.82,0.93,2.29,1.73,31,15,18,2014-2015,4073.74,7562.83,11636.57,-3489.09,-40.21,15.16,annual
2015-2016,QATAR,902.13,9022.16,9924.29,-8120.02,0.34,2.37,1.54,48,13,19,2014-2015,1054.98,14604.71,15659.69,-13549.74,-14.49,-38.22,annual
2015-2016,SOUTH AFRICA,3588.08,5948.42,9536.49,-2360.34,1.37,1.56,1.48,20,20,20,2014-2015,5302,6496.52,11798.52,-1194.52,-32.33,-8.44,annual
2015-2016,IRAN,2781.52,6278.75,9060.27,-3497.23,1.06,1.65,1.41,29,18,21,2014-2015,4175.11,8955.02,13130.13,-4779.92,-33.38,-29.89,annual
2015-2016,THAILAND,2987.86,5510.16,8498.03,-2522.3,1.14,1.45,1.32,25,22,22,2014-2015,3464.83,5865.88,9330.71,-2401.05,-13.77,-6.06,annual
2015-2016,FRANCE,4633.77,3730.31,8364.08,903.45,1.77,0.98,1.3,15,29,23,2014-2015,4957.25,4416.08,9373.33,541.17,-6.53,-15.53,annual
2015-2016,ITALY,4218.21,4072.22,8290.43,145.99,1.61,1.07,1.29,16,27,24,2014-2015,5093.23,4231.81,9325.03,861.42,-17.18,-3.77,annual
2015-2016,VIETNAM SOC REP,5265.99,2560.39,7826.38,2705.6,2.01,0.67,1.22,11,33,25,2014-2015,6257.88,3003.35,9261.23,3254.53,-15.85,-14.75,annual
2015-2016,BANGLADESH PR,6034.96,727.15,6762.1,5307.81,2.3,0.19,1.05,9,54,26,2014-2015,6451.48,621.37,7072.85,5830.12,-6.46,17.02,annual
2015-2016,BRAZIL,2650.34,4040.09,6690.43,-1389.74,1.01,1.06,1.04,30,28,27,2014-2015,5963.82,5400.91,11364.73,562.91,-55.56,-25.2,annual
2015-2016,NETHERLAND,4727.39,1859.9,6587.29,2867.49,1.8,0.49,1.02,13,38,28,2014-2015,6327.22,2802.9,9130.12,3524.31,-25.28,-33.64,annual
2015-2016,CANADA,2018.42,4234.03,6252.45,-2215.61,0.77,1.11,0.97,36,26,29,2014-2015,2196.02,3749.42,5945.43,-1553.4,-8.09,12.93,annual
2015-2016,KUWAIT,1247.51,4969.69,6217.21,-3722.18,0.48,1.3,0.97,41,24,30,2014-2015,1198.89,13381.97,14580.85,-12183.08,4.06,-62.86,annual
2015-2016,RUSSIA,1587.81,4584.98,6172.79,-2997.17,0.61,1.2,0.96,38,25,31,2014-2015,2097.01,4249.22,6346.23,-2152.21,-24.28,7.9,annual
2015-2016,SRI LANKA DSR,5310.75,742.79,6053.54,4567.96,2.02,0.19,0.94,10,53,32,2014-2015,6703.72,756.17,7459.89,5947.55,-20.78,-1.77,annual
2015-2016,VENEZUELA,130.65,5701.81,5832.47,-5571.16,0.05,1.5,0.91,111,21,33,2014-2015,258.07,11729.89,11987.96,-11471.82,-49.37,-51.39,annual
2015-2016,MEXICO,2865.13,2283.19,5148.32,581.93,1.09,0.6,0.8,26,35,34,2014-2015,2861.68,3393.15,6254.83,-531.48,0.12,-32.71,annual
2015-2016,TURKEY,4140.01,776.94,4916.94,3363.07,1.58,0.2,0.76,17,52,35,2014-2015,5358.92,1463.87,6822.79,3895.05,-22.75,-46.93,annual
2015-2016,ISRAEL,2821.25,2095.33,4916.58,725.92,1.08,0.55,0.76,27,36,36,2014-2015,3289.87,2328.04,5617.91,961.82,-14.24,-10,annual
2015-2016,SPAIN,3237.46,1646.02,4883.48,1591.44,1.23,0.43,0.76,23,41,37,2014-2015,3148.38,2005.2,5153.58,1143.18,2.83,-17.91,annual
2015-2016,TAIWAN,1428.81,3354.28,4783.09,-1925.47,0.54,0.88,0.74,39,30,38,2014-2015,2181.66,4028.65,6210.31,-1846.98,-34.51,-16.74,annual
2015-2016,NEPAL,3902.7,470.59,4373.29,3432.12,1.49,0.12,0.68,18,68,39,2014-2015,4558.77,639.91,5198.68,3918.86,-14.39,-26.46,annual
2015-2016,OMAN,2190.96,1674.71,3865.66,516.25,0.84,0.44,0.6,34,40,40,2014-2015,2379.44,1752.24,4131.69,627.2,-7.92,-4.43,annual
2015-2016,GHANA,623.73,2981.27,3605.01,-2357.54,0.24,0.78,0.56,59,31,41,2014-2015,680.39,1257.6,1938,-577.21,-8.33,137.06,annual
2015-2016,EGYPT A RP,2337.68,1221.2,3558.88,1116.48,0.89,0.32,0.55,32,43,42,2014-2015,3025.6,1741.77,4767.37,1283.83,-22.74,-29.89,annual
2015-2016,KENYA,3025.85,127.55,3153.4,2898.3,1.15,0.03,0.49,24,100,43,2014-2015,4117.93,117.42,4235.36,4000.51,-26.52,8.62,annual
2015-2016,ARGENTINA,536.5,2471.52,3008.03,-1935.02,0.2,0.65,0.47,64,34,44,2014-2015,460.21,1992.25,2452.46,-1532.03,16.58,24.06,annual
2015-2016,ANGOLA,223.19,2766.81,2990,-2543.62,0.09,0.73,0.46,90,32,45,2014-2015,552.64,4617.64,5170.29,-4065,-59.61,-40.08,annual
2015-2016,CHILE,679.32,1960.67,2639.99,-1281.35,0.26,0.51,0.41,57,37,46,2014-2015,565.82,3080.63,3646.45,-2514.81,20.06,-36.35,annual
2015-2016,PAKISTAN IR,2171.19,441.03,2612.22,1730.17,0.83,0.12,0.41,35,70,47,2014-2015,1857.29,497.31,2354.6,1359.98,16.9,-11.32,annual
2015-2016,TANZANIA REP,1654.64,924.79,2579.43,729.85,0.63,0.24,0.4,37,47,48,2014-2015,2484.61,1089.03,3573.64,1395.58,-33.4,-15.08,annual
2015-2016,SWEDEN,683.54,1484.85,2168.4,-801.31,0.26,0.39,0.34,56,42,49,2014-2015,740.47,1748.4,2488.87,-1007.93,-7.69,-15.07,annual
2015-2016,MYANMAR,1070.65,984.27,2054.92,86.38,0.41,0.26,0.32,44,46,50,2014-2015,773.24,1231.54,2004.78,-458.3,38.46,-20.08,annual
2015-2016,UKRAINE,259.12,1751.1,2010.21,-1491.98,0.1,0.46,0.31,85,39,51,2014-2015,349.03,2238.99,2588.02,-1889.95,-25.76,-21.79,annual
2015-2016,PHILIPPINES,1353.34,542.16,1895.5,811.18,0.52,0.14,0.29,40,64,52,2014-2015,1395.58,423.04,1818.62,972.55,-3.03,28.16,annual
2015-2016,COLOMBIA,886.89,807.79,1694.68,79.1,0.34,0.21,0.26,49,51,53,2014-2015,1105.15,2134.94,3240.08,-1029.79,-19.75,-62.16,annual
2015-2016,MOZAMBIQUE,1241.94,362.88,1604.82,879.06,0.47,0.1,0.25,42,73,54,2014-2015,2070.84,325.74,2396.58,1745.1,-40.03,11.4,annual
2015-2016,POLAND,1025.3,569.66,1594.96,455.64,0.39,0.15,0.25,45,57,55,2014-2015,1050.82,635.6,1686.41,415.22,-2.43,-10.37,annual
2015-2016,PERU,703.12,820.22,1523.35,-117.1,0.27,0.22,0.24,54,50,56,2014-2015,819.86,590.4,1410.25,229.46,-14.24,38.93,annual
2015-2016,MOROCCO,342.19,1077.58,1419.77,-735.39,0.13,0.28,0.22,76,44,57,2014-2015,326.31,936.25,1262.56,-609.93,4.87,15.1,annual
2015-2016,JORDAN,499.76,853.12,1352.88,-353.36,0.19,0.22,0.21,68,48,58,2014-2015,1431.11,857.85,2288.96,573.26,-65.08,-0.55,annual
2015-2016,FINLAND,248.57,1002.37,1250.94,-753.79,0.09,0.26,0.19,88,45,59,2014-2015,330.6,917.48,1248.08,-586.88,-24.81,9.25,annual
2015-2016,GIBRALTAR,1182.88,0,1182.88,1182.88,0.45,0,0.18,43,219,60,2014-2015,637.83,0,637.83,637.83,85.46,,annual
2015-2016,AUSTRIA,339.83,827.11,1166.93,-487.28,0.13,0.22,0.18,77,49,61,2014-2015,363.1,815.92,1179.02,-452.82,-6.41,1.37,annual
2015-2016,NORWAY,541.63,585.37,1127,-43.74,0.21,0.15,0.18,63,55,62,2014-2015,263.41,1001.11,1264.52,-737.7,105.62,-41.53,annual
2015-2016,DENMARK,688.85,428.54,1117.39,260.3,0.26,0.11,0.17,55,71,63,2014-2015,724.38,457.95,1182.33,266.42,-4.9,-6.42,annual
2015-2016,ALGERIA,787.81,299.44,1087.24,488.37,0.3,0.08,0.17,52,79,64,2014-2015,1063.73,551.82,1615.55,511.92,-25.94,-45.74,annual
2015-2016,IRELAND,526.12,551.51,1077.63,-25.39,0.2,0.14,0.17,67,61,65,2014-2015,759.74,533.19,1292.94,226.55,-30.75,3.44,annual
2015-2016,BAHARAIN IS,654.14,356.9,1011.04,297.24,0.25,0.09,0.16,58,74,66,2014-2015,472.98,446.25,919.23,26.74,38.3,-20.02,annual
2015-2016,CZECH REPUBLIC,488.59,507.89,996.48,-19.3,0.19,0.13,0.15,69,65,67,2014-2015,378.56,517.87,896.43,-139.31,29.07,-1.93,annual
2015-2016,COTE D' IVOIRE,397.27,572.48,969.75,-175.21,0.15,0.15,0.15,74,56,68,2014-2015,309.75,532.1,841.85,-222.34,28.26,7.59,annual
2015-2016,SUDAN,782.35,149.2,931.56,633.15,0.3,0.04,0.14,53,96,69,2014-2015,882.47,569.66,1452.13,312.81,-11.34,-73.81,annual
2015-2016,MAURITIUS,855.73,20.36,876.09,835.36,0.33,0.01,0.14,50,138,70,2014-2015,1909.55,21.19,1930.74,1888.36,-55.19,-3.89,annual
2015-2016,NEW ZEALAND,308.04,547.61,855.64,-239.57,0.12,0.14,0.13,81,62,71,2014-2015,322.1,591.4,913.49,-269.3,-4.37,-7.4,annual
2015-2016,ETHIOPIA,793.62,60.99,854.61,732.63,0.3,0.02,0.13,51,118,72,2014-2015,783.13,44.26,827.39,738.88,1.34,37.79,annual
2015-2016,AFGHANISTAN,526.6,307.9,834.5,218.7,0.2,0.08,0.13,66,78,73,2014-2015,422.56,261.91,684.47,160.65,24.62,17.56,annual
2015-2016,SENEGAL,558.71,263.95,822.66,294.76,0.21,0.07,0.13,62,82,74,2014-2015,518.75,208.13,726.89,310.62,7.7,26.82,annual
2015-2016,ZAMBIA,298.11,475.38,773.48,-177.27,0.11,0.12,0.12,82,67,75,2014-2015,366.59,283.35,649.94,83.24,-18.68,67.77,annual
2015-2016,TOGO,532.19,225.09,757.28,307.1,0.2,0.06,0.12,65,87,76,2014-2015,688.42,195.65,884.07,492.78,-22.69,15.05,annual
2015-2016,BHUTAN,468.95,281.27,750.22,187.68,0.18,0.07,0.12,71,80,77,2014-2015,333.94,149.87,483.81,184.08,40.43,87.68,annual
2015-2016,CAMEROON,190.99,557.54,748.53,-366.55,0.07,0.15,0.12,96,59,78,2014-2015,249.13,745.36,994.49,-496.22,-23.34,-25.2,annual
2015-2016,ECUADOR,153.2,563.77,716.97,-410.57,0.06,0.15,0.11,102,58,79,2014-2015,225.04,1065.74,1290.77,-840.7,-31.92,-47.1,annual
2015-2016,BENIN,427.3,275.66,702.96,151.64,0.16,0.07,0.11,72,81,80,2014-2015,497.95,222.12,720.07,275.83,-14.19,24.1,annual
2015-2016,PORTUGAL,589.64,102.54,692.19,487.1,0.22,0.03,0.11,60,104,81,2014-2015,636.46,145.05,781.51,491.41,-7.36,-29.3,annual
2015-2016,DOMINIC REP,175.01,478.62,653.63,-303.61,0.07,0.13,0.1,99,66,82,2014-2015,140.91,290.66,431.57,-149.74,24.2,64.67,annual
2015-2016,GUINEA,278.4,370.05,648.45,-91.66,0.11,0.1,0.1,83,72,83,2014-2015,283.81,729.69,1013.5,-445.88,-1.91,-49.29,annual
2015-2016,UGANDA,569.94,45.52,615.46,524.41,0.22,0.01,0.1,61,125,84,2014-2015,553.93,37.69,591.61,516.24,2.89,20.78,annual
2015-2016,BOTSWANA,52.38,542.23,594.61,-489.85,0.02,0.14,0.09,140,63,85,2014-2015,44.46,1012.89,1057.35,-968.42,17.8,-46.47,annual
2015-2016,HUNGARY,345.13,242.64,587.77,102.49,0.13,0.06,0.09,75,84,86,2014-2015,349.26,239.55,588.81,109.71,-1.18,1.29,annual
2015-2016,BRUNEI,28.45,554.02,582.46,-525.57,0.01,0.15,0.09,155,60,87,2014-2015,41.99,840.88,882.87,-798.89,-32.25,-34.11,annual
2015-2016,ROMANIA,255.71,309.3,565.01,-53.59,0.1,0.08,0.09,87,77,88,2014-2015,416.79,296.45,713.24,120.33,-38.65,4.33,annual
2015-2016,KAZAKHSTAN,151.91,352.93,504.84,-201.02,0.06,0.09,0.08,104,75,89,2014-2015,250.68,701.67,952.35,-450.98,-39.4,-49.7,annual
2015-2016,SOMALIA,486.6,15.58,502.18,471.03,0.19,0,0.08,70,146,90,2014-2015,352.81,38.25,391.05,314.56,37.92,-59.27,annual
2015-2016,EQUTL GUINEA,17.53,457.3,474.83,-439.77,0.01,0.12,0.07,164,69,91,2014-2015,15.01,749.38,764.4,-734.37,16.75,-38.98,annual
2015-2016,GREECE,335.72,111.03,446.75,224.69,0.13,0.03,0.07,78,102,92,2014-2015,360.84,127.75,488.59,233.09,-6.96,-13.09,annual
2015-2016,CONGO D. REP.,317.63,97.76,415.38,219.87,0.12,0.03,0.06,80,105,93,2014-2015,254.16,126.45,380.61,127.71,24.97,-22.69,annual
2015-2016,YEMEN REPUBLC,399.79,6.88,406.67,392.91,0.15,0,0.06,73,155,94,2014-2015,992.13,540.68,1532.82,451.45,-59.7,-98.73,annual
2015-2016,CONGO P REP,166.66,201.64,368.3,-34.98,0.06,0.05,0.06,100,89,95,2014-2015,252.89,365.52,618.42,-112.63,-34.1,-44.83,annual
2015-2016,CHAD,43.49,320.88,364.37,-277.38,0.02,0.08,0.06,142,76,96,2014-2015,40.69,62.78,103.46,-22.09,6.9,411.14,annual
2015-2016,TUNISIA,222.37,136.49,358.86,85.88,0.08,0.04,0.06,91,99,97,2014-2015,249.83,196.19,446.02,53.64,-10.99,-30.43,annual
2015-2016,SLOVENIA,263.78,88.6,352.38,175.17,0.1,0.02,0.05,84,108,98,2014-2015,245.77,104.54,350.31,141.23,7.33,-15.25,annual
2015-2016,MALTA,325.03,26.43,351.46,298.6,0.12,0.01,0.05,79,134,99,2014-2015,327.59,28.42,356.01,299.17,-0.78,-6.99,annual
2015-2016,MALI,107.93,242.78,350.72,-134.85,0.04,0.06,0.05,117,83,100,2014-2015,134.12,78.59,212.72,55.53,-19.53,208.91,annual
2015-2016,BURKINA FASO,108.79,238.11,346.91,-129.32,0.04,0.06,0.05,116,86,101,2014-2015,112.76,151.64,264.4,-38.88,-3.52,57.02,annual
2015-2016,MADAGASCAR,197.05,141.74,338.78,55.31,0.08,0.04,0.05,95,98,102,2014-2015,167.19,95.29,262.48,71.9,17.86,48.74,annual
2015-2016,BOLIVIA,74.43,240.25,314.68,-165.82,0.03,0.06,0.05,129,85,103,2014-2015,70.84,3.56,74.4,67.28,5.07,6647.56,annual
2015-2016,LITHUANIA,88.09,214.35,302.44,-126.26,0.03,0.06,0.05,124,88,104,2014-2015,103.23,111.91,215.15,-8.68,-14.67,91.53,annual
2015-2016,PANAMA REPUBLIC,201.41,72.49,273.91,128.92,0.08,0.02,0.04,94,112,105,2014-2015,302.4,30.46,332.87,271.94,-33.4,137.96,annual
2015-2016,GUATEMALA,255.97,12.52,268.49,243.45,0.1,0,0.04,86,149,106,2014-2015,229.01,17.12,246.13,211.89,11.77,-26.85,annual
2015-2016,LEBANON,239.55,27.61,267.16,211.94,0.09,0.01,0.04,89,133,107,2014-2015,279.66,39.74,319.39,239.92,-14.34,-30.51,annual
2015-2016,MALAWI,176.13,64.31,240.44,111.83,0.07,0.02,0.04,98,115,108,2014-2015,214.02,36.78,250.8,177.24,-17.7,74.84,annual
2015-2016,BULGARIA,145.53,93.72,239.26,51.81,0.06,0.02,0.04,105,106,109,2014-2015,266.45,103.66,370.11,162.79,-45.38,-9.59,annual
2015-2016,ZIMBABWE,205.09,24.45,229.53,180.64,0.08,0.01,0.04,92,136,110,2014-2015,223.96,32.7,256.65,191.26,-8.43,-25.23,annual
2015-2016,PAPUA N GNA,39.45,179.59,219.05,-140.14,0.02,0.05,0.03,146,92,111,2014-2015,52.19,157.29,209.49,-105.1,-24.41,14.18,annual
2015-2016,LAO PD RP,37.94,180.03,217.96,-142.09,0.01,0.05,0.03,147,91,112,2014-2015,67.31,85.28,152.58,-17.97,-43.64,111.11,annual
2015-2016,GUINEA BISSAU,14.47,198.17,212.64,-183.7,0.01,0.05,0.03,167,90,113,2014-2015,9.76,158.38,168.14,-148.61,48.19,25.12,annual
2015-2016,PARAGUAY,98.13,112.26,210.39,-14.13,0.04,0.03,0.03,120,101,114,2014-2015,106.48,88.12,194.59,18.36,-7.84,27.4,annual
2015-2016,DJIBOUTI,204.55,1.23,205.78,203.32,0.08,0,0.03,93,177,115,2014-2015,237.96,1.47,239.43,236.48,-14.04,-16.71,annual
2015-2016,ESTONIA,63.68,142.04,205.72,-78.36,0.02,0.04,0.03,133,97,116,2014-2015,68.09,118.06,186.15,-49.97,-6.47,20.31,annual
2015-2016,SLOVAK REP,137.51,64.64,202.16,72.87,0.05,0.02,0.03,107,114,117,2014-2015,136.9,137.04,273.94,-0.13,0.45,-52.83,annual
2015-2016,BELARUS,35.73,164.9,200.63,-129.18,0.01,0.04,0.03,150,95,118,2014-2015,48.16,182.16,230.31,-134,-25.81,-9.47,annual
2015-2016,KOREA DP RP,110.88,87.9,198.78,22.98,0.04,0.02,0.03,115,109,119,2014-2015,76.52,131.93,208.45,-55.41,44.89,-33.37,annual
2015-2016,CAMBODIA,143.01,54.43,197.44,88.57,0.05,0.01,0.03,106,120,120,2014-2015,142.53,17.96,160.49,124.57,0.33,203.11,annual
2015-2016,COSTA RICA,134.76,62.21,196.97,72.56,0.05,0.02,0.03,109,116,121,2014-2015,95.84,155.3,251.13,-59.46,40.62,-59.94,annual
2015-2016,TRINIDAD,92.88,91.94,184.83,0.94,0.04,0.02,0.03,122,107,122,2014-2015,165.48,68.42,233.9,97.06,-43.87,34.38,annual
2015-2016,LUXEMBOURG,8.07,175.72,183.79,-167.66,0,0.05,0.03,175,93,123,2014-2015,9.59,41.81,51.41,-32.22,-15.94,320.26,annual
2015-2016,MALDIVES,179.07,4.29,183.36,174.78,0.07,0,0.03,97,161,124,2014-2015,152.38,4.32,156.7,148.06,17.51,-0.65,annual
2015-2016,SYRIA,136.83,40.54,177.37,96.29,0.05,0.01,0.03,108,129,125,2014-2015,187.89,28.34,216.23,159.55,-27.17,43.04,annual
2015-2016,ERITREA,6.45,167.45,173.9,-161.01,0,0.04,0.03,178,94,126,2014-2015,14.06,230.68,244.73,-216.62,-54.14,-27.41,annual
2015-2016,HONDURAS,155.05,15.91,170.97,139.14,0.06,0,0.03,101,145,127,2014-2015,187.56,25.31,212.87,162.25,-17.33,-37.14,annual
2015-2016,URUGUAY,152.9,17.71,170.62,135.19,0.06,0,0.03,103,142,128,2014-2015,208.32,20.35,228.68,187.97,-26.6,-12.97,annual
2015-2016,LIBERIA,133.88,32.2,166.08,101.69,0.05,0.01,0.03,110,131,129,2014-2015,206.53,57.68,264.21,148.85,-35.17,-44.18,annual
2015-2016,PUERTO RICO,115,50.17,165.17,64.84,0.04,0.01,0.03,113,122,130,2014-2015,99.02,26.08,125.1,72.93,16.15,92.33,annual
2015-2016,CROATIA,112.44,36,148.44,76.44,0.04,0.01,0.02,114,130,131,2014-2015,176.39,28.65,205.04,147.75,-36.26,25.68,annual
2015-2016,GABON,36.79,105.63,142.42,-68.83,0.01,0.03,0.02,149,103,132,2014-2015,42.7,793.06,835.76,-750.36,-13.83,-86.68,annual
2015-2016,LATVIA,79.5,61.57,141.07,17.93,0.03,0.02,0.02,128,117,133,2014-2015,98.12,36.22,134.34,61.91,-18.98,70,annual
2015-2016,UZBEKISTAN,94.64,45.26,139.89,49.38,0.04,0.01,0.02,121,126,134,2014-2015,170.44,55.86,226.31,114.58,-44.48,-18.99,annual
2015-2016,LIBYA,122.58,8.86,131.44,113.72,0.05,0,0.02,112,152,135,2014-2015,163.74,70.14,233.87,93.6,-25.14,-87.37,annual
2015-2016,TURKMENISTAN,68.53,46.97,115.5,21.56,0.03,0.01,0.02,132,124,136,2014-2015,91.98,13.05,105.03,78.94,-25.5,260.03,annual
2015-2016,AZERBAIJAN,33.38,77.09,110.47,-43.72,0.01,0.02,0.02,152,111,137,2014-2015,110.42,198.54,308.96,-88.13,-69.77,-61.17,annual
2015-2016,CYPRUS,59.8,48.18,107.98,11.62,0.02,0.01,0.02,136,123,138,2014-2015,51.11,22.82,73.94,28.29,16.99,111.1,annual
2015-2016,SIERRA LEONE,91.17,16.56,107.73,74.61,0.03,0,0.02,123,144,139,2014-2015,80.4,23.59,103.99,56.82,13.39,-29.79,annual
2015-2016,RWANDA,106.08,1.35,107.42,104.73,0.04,0,0.02,118,175,140,2014-2015,149.27,1.21,150.47,148.06,-28.93,11.44,annual
2015-2016,GEORGIA,82.57,24.47,107.04,58.1,0.03,0.01,0.02,125,135,141,2014-2015,86.67,18.35,105.02,68.32,-4.73,33.34,annual
2015-2016,MARSHALL ISLAND,101.91,0.41,102.32,101.5,0.04,0,0.02,119,188,142,2014-2015,0.12,0.01,0.14,0.11,81912.3,3054.31,annual
2015-2016,SWAZILAND,59.9,40.82,100.71,19.08,0.02,0.01,0.02,135,128,143,2014-2015,39.94,22.03,61.96,17.91,49.99,85.3,annual
2015-2016,NETHERLANDANTIL,37.22,59.24,96.46,-22.03,0.01,0.02,0.01,148,119,144,2014-2015,40.94,11.26,52.2,29.68,-9.09,426.2,annual
2015-2016,GAMBIA,59.54,31.35,90.9,28.19,0.02,0.01,0.01,137,132,145,2014-2015,73.53,36.08,109.61,37.45,-19.03,-13.1,annual
2015-2016,BAHAMAS,11.96,77.23,89.19,-65.28,0,0.02,0.01,170,110,146,2014-2015,123.5,0.67,124.17,122.83,-90.32,11431.42,annual
2015-2016,NICARAGUA,82.54,3.85,86.39,78.68,0.03,0,0.01,126,164,147,2014-2015,65.51,2.19,67.7,63.32,25.98,75.86,annual
2015-2016,NAMIBIA,73.62,10.42,84.04,63.19,0.03,0,0.01,130,150,148,2014-2015,107.82,34.42,142.24,73.4,-31.72,-69.71,annual
2015-2016,NIGER,80.16,0.32,80.48,79.84,0.03,0,0.01,127,191,149,2014-2015,78.22,0.55,78.78,77.67,2.48,-42.19,annual
2015-2016,MAURITANIA,58.35,18.56,76.9,39.79,0.02,0,0.01,138,140,150,2014-2015,58.94,43.36,102.3,15.58,-1.01,-57.21,annual
2015-2016,EL SALVADOR,68.54,6.18,74.72,62.36,0.03,0,0.01,131,156,151,2014-2015,61.48,10.27,71.76,51.21,11.48,-39.85,annual
2015-2016,SOLOMON IS,2.71,67.67,70.39,-64.96,0,0.02,0.01,186,113,152,2014-2015,5.22,13.47,18.69,-8.25,-48,402.42,annual
2015-2016,SERBIA,43.34,22.34,65.68,21,0.02,0.01,0.01,143,137,153,2014-2015,42.39,23.71,66.09,18.68,2.24,-5.76,annual
2015-2016,HAITI,62.27,3.28,65.55,58.99,0.02,0,0.01,134,166,154,2014-2015,85.45,1.57,87.02,83.88,-27.13,108.66,annual
2015-2016,REUNION,42.7,18.78,61.48,23.91,0.02,0,0.01,144,139,155,2014-2015,48.76,22.61,71.37,26.15,-12.43,-16.91,annual
2015-2016,SURINAME,12.86,43.33,56.18,-30.47,0,0.01,0.01,169,127,156,2014-2015,17.62,210.87,228.49,-193.26,-27.01,-79.45,annual
2015-2016,CUBA,54.31,1.33,55.64,52.97,0.02,0,0.01,139,176,157,2014-2015,37.32,1.57,38.89,35.75,45.49,-15,annual
2015-2016,NEW CALEDONIA,4.68,50.35,55.04,-45.67,0,0.01,0.01,179,121,158,2014-2015,10.77,21.38,32.15,-10.61,-56.52,135.5,annual
2015-2016,FIJI IS,44.15,0.37,44.52,43.78,0.02,0,0.01,141,189,159,2014-2015,49.75,1.8,51.55,47.94,-11.25,-79.51,annual
2015-2016,JAMAICA,40.21,1.55,41.76,38.66,0.02,0,0.01,145,173,160,2014-2015,37.8,1.78,39.58,36.02,6.38,-12.7,annual
2015-2016,ALBANIA,24.04,17.2,41.24,6.84,0.01,0,0.01,158,143,161,2014-2015,19.42,50.76,70.18,-31.35,23.8,-66.11,annual
2015-2016,GUYANA,21.87,18.48,40.35,3.39,0.01,0,0.01,161,141,162,2014-2015,24.41,10.3,34.72,14.11,-10.42,79.35,annual
2015-2016,ARMENIA,22.78,14.04,36.82,8.75,0.01,0,0.01,159,148,163,2014-2015,91.47,0.82,92.29,90.65,-75.09,1607.97,annual
2015-2016,LESOTHO,30.06,4.94,35,25.12,0.01,0,0.01,153,158,164,2014-2015,38.22,1.38,39.6,36.83,-21.34,257.18,annual
2015-2016,SEYCHELLES,34.14,0.67,34.81,33.47,0.01,0,0.01,151,185,165,2014-2015,32.56,1.17,33.74,31.39,4.84,-42.77,annual
2015-2016,TAJIKISTAN,22.26,9.98,32.24,12.29,0.01,0,0.01,160,151,166,2014-2015,53.71,4.39,58.1,49.32,-58.55,127.43,annual
2015-2016,COMOROS,17.01,15.1,32.1,1.91,0.01,0,0,165,147,167,2014-2015,17.76,11.3,29.05,6.46,-4.22,33.65,annual
2015-2016,BURUNDI,29.06,0.11,29.17,28.95,0.01,0,0,154,198,168,2014-2015,31.44,0.29,31.74,31.15,-7.57,-62.46,annual
2015-2016,KYRGHYZSTAN,25.11,1.79,26.9,23.33,0.01,0,0,157,170,169,2014-2015,37.76,0.77,38.53,36.99,-33.49,132.16,annual
2015-2016,MONTENEGRO,26.19,0.05,26.24,26.14,0.01,0,0,156,203,170,2014-2015,42.31,1.16,43.47,41.15,-38.1,-95.91,annual
2015-2016,BOSNIA-HRZGOVIN,19.7,4.4,24.11,15.3,0.01,0,0,162,160,171,2014-2015,17.88,4.26,22.13,13.62,10.22,3.47,annual
2015-2016,ICELAND,18.55,4.25,22.79,14.3,0.01,0,0,163,162,172,2014-2015,19.93,4.69,24.62,15.24,-6.95,-9.4,annual
2015-2016,MACEDONIA,12.87,7.08,19.95,5.78,0,0,0,168,154,173,2014-2015,14.51,9.05,23.56,5.46,-11.31,-21.74,annual
2015-2016,BELIZE,14.51,1.01,15.52,13.5,0.01,0,0,166,183,174,2014-2015,24.49,0.21,24.71,24.28,-40.76,370.41,annual
2015-2016,MOLDOVA,7.81,4.89,12.7,2.92,0,0,0,176,159,175,2014-2015,8.79,1.43,10.22,7.37,-11.2,242.94,annual
2015-2016,MONGOLIA,8.44,4.14,12.57,4.3,0,0,0,174,163,176,2014-2015,7.92,4.3,12.22,3.62,6.56,-3.73,annual
2015-2016,BARBADOS,10.5,0.17,10.67,10.33,0,0,0,171,196,177,2014-2015,10.19,0.17,10.36,10.03,3,-0.51,annual
2015-2016,MACAO,1.97,8.29,10.26,-6.32,0,0,0,193,153,178,2014-2015,2.43,2.3,4.73,0.12,-18.78,259.56,annual
2015-2016,C AFRI REP,9.18,0.83,10.01,8.35,0,0,0,172,184,179,2014-2015,7.76,0.63,8.39,7.13,18.32,31.73,annual
2015-2016,GREENLAND,8.81,0.1,8.91,8.71,0,0,0,173,200,180,2014-2015,1.13,0.07,1.2,1.06,679.49,47.04,annual
2015-2016,ARUBA,6.93,0.3,7.23,6.64,0,0,0,177,192,181,2014-2015,3.88,0.03,3.91,3.85,78.7,969.42,annual
2015-2016,NAURU RP,0.01,5.76,5.77,-5.75,0,0,0,224,157,182,2014-2015,0.02,10.19,10.21,-10.17,-65.34,-43.49,annual
2015-2016,VIRGIN IS US,4.23,1.08,5.31,3.15,0,0,0,181,182,183,2014-2015,4.83,0.6,5.42,4.23,-12.35,80.18,annual
2015-2016,SAMOA,2.22,2.46,4.68,-0.24,0,0,0,190,169,184,2014-2015,2.48,1.18,3.66,1.31,-10.55,108.9,annual
2015-2016,MARTINIQUE,4.44,0,4.44,4.44,0,0,0,180,223,185,2014-2015,6.15,0.09,6.24,6.05,-27.76,,annual
2015-2016,UNION OF SERBIA & MONTENEGRO,1.38,2.9,4.28,-1.52,0,0,0,197,167,186,2014-2015,6.68,15.35,22.03,-8.66,-79.36,-81.1,annual
2015-2016,CAPE VERDE IS,1.43,2.77,4.2,-1.34,0,0,0,196,168,187,2014-2015,4.12,2.97,7.09,1.15,-65.32,-6.57,annual
2015-2016,FR POLYNESIA,3.81,0.02,3.84,3.79,0,0,0,182,207,188,2014-2015,3.07,0.03,3.1,3.04,24.21,-8.85,annual
2015-2016,PALAU,0.02,3.7,3.71,-3.68,0,0,0,223,165,189,2014-2015,0.07,0.01,0.08,0.06,-76.51,42964.56,annual
2015-2016,CAYMAN IS,3.54,0,3.54,3.54,0,0,0,183,215,190,2014-2015,6.75,0,6.75,6.75,-47.54,,annual
2015-2016,TIMOR LESTE,3.42,0.03,3.45,3.39,0,0,0,184,206,191,2014-2015,3.24,0.31,3.56,2.93,5.41,-89.2,annual
2015-2016,ST LUCIA,2.67,0.45,3.13,2.22,0,0,0,187,187,192,2014-2015,2.13,0.14,2.27,1.99,25.63,228.31,annual
2015-2016,GUADELOUPE,2.87,0.06,2.93,2.81,0,0,0,185,202,193,2014-2015,4.17,0.08,4.24,4.09,-31.14,-23.26,annual
2015-2016,BERMUDA,2.59,0,2.59,2.59,0,0,0,188,214,194,2014-2015,2.73,0.09,2.82,2.64,-5.36,-99.66,annual
2015-2016,MONACO,1.05,1.53,2.58,-0.49,0,0,0,200,174,195,2014-2015,0.87,1.71,2.58,-0.84,20.73,-10.13,annual
2015-2016,ANTIGUA,2.56,0.01,2.57,2.55,0,0,0,189,211,196,2014-2015,2.07,0.49,2.56,1.58,23.64,-98.1,annual
2015-2016,BR VIRGN IS,0.84,1.55,2.4,-0.71,0,0,0,204,172,197,2014-2015,0.66,0.82,1.48,-0.16,27.95,88.35,annual
2015-2016,ST KITT N A,2.2,0.16,2.36,2.04,0,0,0,191,197,198,2014-2015,1.25,0.37,1.62,0.88,76.03,-56.32,annual
2015-2016,FR GUIANA,1.17,1.16,2.33,0,0,0,0,198,179,199,2014-2015,59.04,1.41,60.45,57.64,-98.03,-17.32,annual
2015-2016,VANUATU REP,2.01,0.29,2.31,1.72,0,0,0,192,193,200,2014-2015,1.86,0.01,1.87,1.85,8.26,2458.58,annual
2015-2016,LIECHTENSTEIN,0.82,1.18,2,-0.36,0,0,0,205,178,201,2014-2015,0.19,1.17,1.36,-0.98,322.59,0.69,annual
2015-2016,FAROE IS.,1.75,0.04,1.79,1.71,0,0,0,194,204,202,2014-2015,2.62,0.07,2.69,2.56,-33.24,-44.24,annual
2015-2016,FALKLAND IS,0,1.75,1.75,-1.74,0,0,0,228,171,203,2014-2015,0,0,0,0,,,annual
2015-2016,DOMINICA,1.46,0.1,1.56,1.37,0,0,0,195,199,204,2014-2015,2.53,0.1,2.63,2.43,-42.23,-6.96,annual
2015-2016,AMERI SAMOA,0.16,1.13,1.29,-0.98,0,0,0,212,180,205,2014-2015,0.19,0.67,0.86,-0.48,-18.57,68.99,annual
2015-2016,TONGA,1.12,0,1.12,1.12,0,0,0,199,233,206,2014-2015,0.92,0.01,0.92,0.91,21.97,-98.87,annual
2015-2016,ANTARTICA,0,1.11,1.11,-1.1,0,0,0,225,181,207,2014-2015,0,4.84,4.84,-4.83,-61.09,-77.13,annual
2015-2016,MONTSERRAT,0.96,0,0.96,0.96,0,0,0,201,225,208,2014-2015,0.33,0,0.34,0.33,187.99,-99.18,annual
2015-2016,KIRIBATI REP,0.94,0,0.94,0.94,0,0,0,202,222,209,2014-2015,1,0.01,1.02,0.99,-5.98,,annual
2015-2016,SAO TOME,0.93,0,0.93,0.93,0,0,0,203,229,210,2014-2015,1.47,0.05,1.52,1.42,-36.95,-94.27,annual
2015-2016,N. MARIANA IS.,0.56,0.23,0.78,0.33,0,0,0,206,195,211,2014-2015,0.08,0,0.08,0.08,556.56,,annual
2015-2016,SAN MARINO,0.26,0.52,0.78,-0.26,0,0,0,210,186,212,2014-2015,0.05,0.33,0.37,-0.28,455.67,58.33,annual
2015-2016,ST VINCENT,0.55,0,0.55,0.54,0,0,0,207,231,213,2014-2015,0.76,0,0.76,0.76,-28.52,429.93,annual
2015-2016,US MINOR OUTLYING ISLANDS,0.17,0.36,0.53,-0.19,0,0,0,211,190,214,2014-2015,0.68,0.85,1.53,-0.17,-74.67,-57.88,annual
2015-2016,NORFOLK IS,0.33,0.07,0.4,0.26,0,0,0,209,201,215,2014-2015,0.06,0.13,0.19,-0.07,457.96,-44.02,annual
2015-2016,GUAM,0.38,0,0.38,0.38,0,0,0,208,221,216,2014-2015,0.41,0,0.41,0.41,-7.22,,annual
2015-2016,WALLIS F IS,0,0.24,0.24,-0.24,0,0,0,234,194,217,2014-2015,0.04,1.02,1.05,-0.98,,-76.16,annual
2015-2016,TURKS C IS,0.16,0.02,0.18,0.14,0,0,0,215,209,218,2014-2015,0.15,0.01,0.16,0.14,10.48,99.33,annual
2015-2016,PANAMA C Z,0.16,0,0.16,0.16,0,0,0,213,227,219,2014-2015,0.07,44.25,44.32,-44.18,135.96,,annual
2015-2016,ST HELENA,0.16,0,0.16,0.16,0,0,0,214,230,220,2014-2015,0.21,0.09,0.3,0.12,-21.71,,annual
2015-2016,ANDORRA,0.12,0,0.12,0.12,0,0,0,216,213,221,2014-2015,0.26,5.28,5.54,-5.02,-55.49,-100,annual
2015-2016,FR S ANT TR,0.06,0.03,0.09,0.03,0,0,0,217,205,222,2014-2015,0,0,0,0,,,annual
2015-2016,TUVALU,0.06,0.01,0.07,0.04,0,0,0,218,212,223,2014-2015,0.03,1.42,1.45,-1.39,72.07,-99.24,annual
2015-2016,VATICAN CITY,0.05,0,0.06,0.05,0,0,0,220,234,224,2014-2015,0.12,0.17,0.29,-0.05,-55.54,-98.85,annual
2015-2016,COOK IS,0.05,0,0.05,0.05,0,0,0,219,218,225,2014-2015,0.32,0,0.32,0.31,-83.7,,annual
2015-2016,NIUE IS,0.04,0,0.04,0.04,0,0,0,221,226,226,2014-2015,0,0.03,0.03,-0.03,,-88.23,annual
2015-2016,ANGUILLA,0.02,0.01,0.02,0.01,0,0,0,222,210,227,2014-2015,0.05,0.07,0.12,-0.02,-68.7,-91.42,annual
2015-2016,ST PIERRE,0,0.02,0.02,-0.02,0,0,0,232,208,228,2014-2015,0,0,0,0,,,annual
2015-2016,CHRISTMAS IS.,0,0,0,0,0,0,0,226,216,229,2014-2015,0.01,0.08,0.09,-0.07,,-99.49,annual
2015-2016,COCOS IS,0,0,0,0,0,0,0,227,217,230,2014-2015,0,0,0,0,,,annual
2015-2016,GRENADA,0,0,0,0,0,0,0,229,220,231,2014-2015,1.34,0,1.34,1.34,,,annual
2015-2016,MICRONESIA,0,0,0,0,0,0,0,230,224,232,2014-2015,0.23,0,0.23,0.23,,,annual
2015-2016,PITCAIRN IS.,0,0,0,0,0,0,0,231,228,233,2014-2015,0,0.11,0.11,-0.11,,,annual
2015-2016,TOKELAU IS,0,0,0,0,0,0,0,233,232,234,2014-2015,0,0,0,0,,106.04,annual
2016-2017,CHINA P RP,10172.41,61283.03,71455.44,-51110.62,3.71,15.94,10.85,4,1,1,2015-2016,9014.55,61707.95,70722.5,-52693.41,12.84,-0.69,annual
2016-2017,U S A,42216.48,22307.44,64523.92,19909.04,15.38,5.8,9.79,1,2,2,2015-2016,40340.03,21781.39,62121.41,18558.64,4.65,2.42,annual
2016-2017,U ARAB EMTS,31175.5,21509.83,52685.33,9665.67,11.36,5.6,8,2,3,3,2015-2016,30316.5,19445.68,49762.18,10870.82,2.83,10.61,annual
2016-2017,SAUDI ARAB,5110.28,19972.4,25082.68,-14862.11,1.86,5.2,3.81,14,4,4,2015-2016,6381.72,20321.33,26703.05,-13939.62,-19.92,-1.72,annual
2016-2017,HONG KONG,14047.24,8204.18,22251.42,5843.06,5.12,2.13,3.38,3,14,5,2015-2016,12092.28,6051.66,18143.93,6040.62,16.17,35.57,annual
2016-2017,GERMANY,7183.86,11583.67,18767.52,-4399.81,2.62,3.01,2.85,7,9,6,2015-2016,7094.55,12088.37,19182.92,-4993.82,1.26,-4.18,annual
2016-2017,SWITZERLAND,978.34,17248.68,18227.02,-16270.34,0.36,4.49,2.77,46,5,7,2015-2016,977.21,19299.49,20276.7,-18322.28,0.12,-10.63,annual
2016-2017,INDONESIA,3488.16,13427.99,16916.16,-9939.83,1.27,3.49,2.57,22,6,8,2015-2016,2819.49,13131.93,15951.43,-10312.44,23.72,2.25,annual
2016-2017,KOREA RP,4242.56,12585.35,16827.91,-8342.8,1.55,3.27,2.55,18,7,9,2015-2016,3524.51,13047.12,16571.63,-9522.61,20.37,-3.54,annual
2016-2017,SINGAPORE,9564.67,7086.57,16651.24,2478.1,3.48,1.84,2.53,5,18,10,2015-2016,7719.97,7308.38,15028.35,411.58,23.9,-3.04,annual
2016-2017,MALAYSIA,5224.88,8933.59,14158.47,-3708.72,1.9,2.32,2.15,13,13,11,2015-2016,3706.88,9083.83,12790.71,-5376.95,40.95,-1.65,annual
2016-2017,AUSTRALIA,2957.79,11154.48,14112.27,-8196.68,1.08,2.9,2.14,27,10,12,2015-2016,3262.98,8898.78,12161.77,-5635.8,-9.35,25.35,annual
2016-2017,JAPAN,3845.82,9754.64,13600.45,-5908.82,1.4,2.54,2.06,20,12,13,2015-2016,4663.09,9850.22,14513.31,-5187.14,-17.53,-0.97,annual
2016-2017,IRAN,2379.62,10506.51,12886.12,-8126.89,0.87,2.73,1.96,31,11,14,2015-2016,2781.52,6278.75,9060.27,-3497.23,-14.45,67.33,annual
2016-2017,IRAQ,1111.45,11707.94,12819.39,-10596.5,0.4,3.05,1.95,43,8,15,2015-2016,1004.39,10837.58,11841.98,-9833.19,10.66,8.03,annual
2016-2017,BELGIUM,5656.92,6624.63,12281.55,-967.71,2.06,1.72,1.86,10,19,16,2015-2016,5027.65,8256.06,13283.7,-3228.41,12.52,-19.76,annual
2016-2017,U K,8551.14,3664.96,12216.1,4886.18,3.12,0.95,1.85,6,29,17,2015-2016,8857.77,5192.54,14050.3,3665.23,-3.46,-29.42,annual
2016-2017,FRANCE,5250.27,5707.77,10958.04,-457.49,1.91,1.49,1.66,12,21,18,2015-2016,4633.77,3730.31,8364.08,903.45,13.3,53.01,annual
2016-2017,VIETNAM SOC REP,6786.56,3320.56,10107.12,3466,2.47,0.86,1.53,9,30,19,2015-2016,5265.99,2560.39,7826.38,2705.6,28.88,29.69,annual
2016-2017,UNSPECIFIED,2436.4,7343.64,9780.04,-4907.24,0.89,1.91,1.48,29,17,20,2015-2016,2435.78,8709.59,11145.37,-6273.82,0.03,-15.68,annual
2016-2017,NIGERIA,1764.11,7659.48,9423.59,-5895.37,0.64,1.99,1.43,39,15,21,2015-2016,2221.9,9949.17,12171.07,-7727.27,-20.6,-23.01,annual
2016-2017,SOUTH AFRICA,3545.97,5833.75,9379.72,-2287.79,1.29,1.52,1.42,21,20,22,2015-2016,3588.08,5948.42,9536.49,-2360.34,-1.17,-1.93,annual
2016-2017,ITALY,4902.7,3895.01,8797.71,1007.7,1.79,1.01,1.34,16,28,23,2015-2016,4218.21,4072.22,8290.43,145.99,16.23,-4.35,annual
2016-2017,THAILAND,3133.44,5415.4,8548.84,-2281.96,1.14,1.41,1.3,25,24,24,2015-2016,2987.86,5510.16,8498.03,-2522.3,4.87,-1.72,annual
2016-2017,QATAR,784.56,7646.22,8430.78,-6861.66,0.29,1.99,1.28,49,16,25,2015-2016,902.13,9022.16,9924.29,-8120.02,-13.03,-15.25,annual
2016-2017,BANGLADESH PR,6820.13,701.68,7521.82,6118.45,2.48,0.18,1.14,8,55,26,2015-2016,6034.96,727.15,6762.1,5307.81,13.01,-3.5,annual
2016-2017,RUSSIA,1937.06,5552.3,7489.36,-3615.25,0.71,1.44,1.14,36,22,27,2015-2016,1587.81,4584.98,6172.79,-2997.17,22,21.1,annual
2016-2017,NETHERLAND,5071.22,1895.71,6966.93,3175.5,1.85,0.49,1.06,15,39,28,2015-2016,4727.39,1859.9,6587.29,2867.49,7.27,1.93,annual
2016-2017,BRAZIL,2400.48,4114.69,6515.17,-1714.2,0.87,1.07,0.99,30,27,29,2015-2016,2650.34,4040.09,6690.43,-1389.74,-9.43,1.85,annual
2016-2017,MEXICO,3460.98,2944.52,6405.5,516.47,1.26,0.77,0.97,23,32,30,2015-2016,2865.13,2283.19,5148.32,581.93,20.8,28.96,annual
2016-2017,CANADA,2004.13,4131.52,6135.65,-2127.39,0.73,1.07,0.93,35,26,31,2015-2016,2018.42,4234.03,6252.45,-2215.61,-0.71,-2.42,annual
2016-2017,KUWAIT,1497.99,4462.28,5960.27,-2964.29,0.55,1.16,0.9,40,25,32,2015-2016,1247.51,4969.69,6217.21,-3722.18,20.08,-10.21,annual
2016-2017,NEPAL,5453.59,445.13,5898.72,5008.46,1.99,0.12,0.9,11,73,33,2015-2016,3902.7,470.59,4373.29,3432.12,39.74,-5.41,annual
2016-2017,TURKEY,4626.59,1207.31,5833.9,3419.29,1.69,0.31,0.89,17,43,34,2015-2016,4140.01,776.94,4916.94,3363.07,11.75,55.39,annual
2016-2017,VENEZUELA,62.22,5512.06,5574.28,-5449.83,0.02,1.43,0.85,133,23,35,2015-2016,130.65,5701.81,5832.47,-5571.16,-52.38,-3.33,annual
2016-2017,SPAIN,3426.13,1968.77,5394.9,1457.35,1.25,0.51,0.82,24,36,36,2015-2016,3237.46,1646.02,4883.48,1591.44,5.83,19.61,annual
2016-2017,TAIWAN,2183.74,3142.89,5326.62,-959.15,0.8,0.82,0.81,33,31,37,2015-2016,1428.81,3354.28,4783.09,-1925.47,52.84,-6.3,annual
2016-2017,ISRAEL,3087.18,1961.12,5048.29,1126.06,1.12,0.51,0.77,26,37,38,2015-2016,2821.25,2095.33,4916.58,725.92,9.43,-6.41,annual
2016-2017,SRI LANKA DSR,3913.15,602.2,4515.36,3310.95,1.43,0.16,0.69,19,60,39,2015-2016,5310.75,742.79,6053.54,4567.96,-26.32,-18.93,annual
2016-2017,OMAN,2728.3,1290.5,4018.8,1437.81,0.99,0.34,0.61,28,41,40,2015-2016,2190.96,1674.71,3865.66,516.25,24.53,-22.94,annual
2016-2017,EGYPT A RP,2067.35,1163.77,3231.12,903.58,0.75,0.3,0.49,34,44,41,2015-2016,2337.68,1221.2,3558.88,1116.48,-11.56,-4.7,annual
2016-2017,ARGENTINA,510.73,2500.75,3011.47,-1990.02,0.19,0.65,0.46,62,34,42,2015-2016,536.5,2471.52,3008.03,-1935.02,-4.8,1.18,annual
2016-2017,UKRAINE,310.16,2481.47,2791.63,-2171.31,0.11,0.65,0.42,78,35,43,2015-2016,259.12,1751.1,2010.21,-1491.98,19.7,41.71,annual
2016-2017,ANGOLA,154.63,2596.49,2751.12,-2441.86,0.06,0.68,0.42,99,33,44,2015-2016,223.19,2766.81,2990,-2543.62,-30.72,-6.16,annual
2016-2017,TANZANIA REP,1783.57,948.49,2732.06,835.08,0.65,0.25,0.41,38,49,45,2015-2016,1654.64,924.79,2579.43,729.85,7.79,2.56,annual
2016-2017,GHANA,681.03,1938.54,2619.57,-1257.52,0.25,0.5,0.4,56,38,46,2015-2016,623.73,2981.27,3605.01,-2357.54,9.19,-34.98,annual
2016-2017,KENYA,2194.29,104.36,2298.65,2089.94,0.8,0.03,0.35,32,104,47,2015-2016,3025.85,127.55,3153.4,2898.3,-27.48,-18.18,annual
2016-2017,PAKISTAN IR,1821.88,454.49,2276.37,1367.4,0.66,0.12,0.35,37,72,48,2015-2016,2171.19,441.03,2612.22,1730.17,-16.09,3.05,annual
2016-2017,MYANMAR,1107.89,1067.25,2175.14,40.64,0.4,0.28,0.33,44,47,49,2015-2016,1070.65,984.27,2054.92,86.38,3.48,8.43,annual
2016-2017,PHILIPPINES,1482.52,494.62,1977.13,987.9,0.54,0.13,0.3,41,68,50,2015-2016,1353.34,542.16,1895.5,811.18,9.54,-8.77,annual
2016-2017,CHILE,674.34,1226.34,1900.67,-552,0.25,0.32,0.29,57,42,51,2015-2016,679.32,1960.67,2639.99,-1281.35,-0.73,-37.45,annual
2016-2017,POLAND,1197.81,690.98,1888.78,506.83,0.44,0.18,0.29,42,56,52,2015-2016,1025.3,569.66,1594.96,455.64,16.82,21.3,annual
2016-2017,SWEDEN,708.93,1161.12,1870.05,-452.19,0.26,0.3,0.28,53,45,53,2015-2016,683.54,1484.85,2168.4,-801.31,3.71,-21.8,annual
2016-2017,PERU,696.42,1076.69,1773.12,-380.27,0.25,0.28,0.27,54,46,54,2015-2016,703.12,820.22,1523.35,-117.1,-0.95,31.27,annual
2016-2017,MOZAMBIQUE,1009.97,546.29,1556.26,463.69,0.37,0.14,0.24,45,63,55,2015-2016,1241.94,362.88,1604.82,879.06,-18.68,50.54,annual
2016-2017,ALGERIA,841.89,605.12,1447.01,236.77,0.31,0.16,0.22,48,59,56,2015-2016,787.81,299.44,1087.24,488.37,6.86,102.09,annual
2016-2017,BOTSWANA,77.12,1307.39,1384.51,-1230.28,0.03,0.34,0.21,128,40,57,2015-2016,52.38,542.23,594.61,-489.85,47.23,141.11,annual
2016-2017,COLOMBIA,784.51,593.96,1378.47,190.55,0.29,0.15,0.21,50,61,58,2015-2016,886.89,807.79,1694.68,79.1,-11.54,-26.47,annual
2016-2017,JORDAN,522.41,828.24,1350.65,-305.84,0.19,0.22,0.21,61,51,59,2015-2016,499.76,853.12,1352.88,-353.36,4.53,-2.92,annual
2016-2017,AUSTRIA,383.16,908.34,1291.5,-525.19,0.14,0.24,0.2,73,50,60,2015-2016,339.83,827.11,1166.93,-487.28,12.75,9.82,annual
2016-2017,FINLAND,269.9,1011.67,1281.57,-741.77,0.1,0.26,0.19,81,48,61,2015-2016,248.57,1002.37,1250.94,-753.79,8.58,0.93,annual
2016-2017,DENMARK,693,481.55,1174.56,211.45,0.25,0.13,0.18,55,69,62,2015-2016,688.85,428.54,1117.39,260.3,0.6,12.37,annual
2016-2017,MOROCCO,373.91,792.93,1166.84,-419.02,0.14,0.21,0.18,75,53,63,2015-2016,342.19,1077.58,1419.77,-735.39,9.27,-26.42,annual
2016-2017,CZECH REPUBLIC,533.14,539.25,1072.39,-6.11,0.19,0.14,0.16,60,64,64,2015-2016,488.59,507.89,996.48,-19.3,9.12,6.18,annual
2016-2017,IRELAND,485.42,525.82,1011.24,-40.4,0.18,0.14,0.15,67,65,65,2015-2016,526.12,551.51,1077.63,-25.39,-7.74,-4.66,annual
2016-2017,SUDAN,748.71,245.15,993.86,503.56,0.27,0.06,0.15,52,85,66,2015-2016,782.35,149.2,931.56,633.15,-4.3,64.3,annual
2016-2017,ZAMBIA,237.21,743.9,981.11,-506.69,0.09,0.19,0.15,88,54,67,2015-2016,298.11,475.38,773.48,-177.27,-20.43,56.49,annual
2016-2017,SENEGAL,634.1,315.85,949.95,318.25,0.23,0.08,0.14,59,77,68,2015-2016,558.71,263.95,822.66,294.76,13.49,19.66,annual
2016-2017,DOMINIC REP,224.98,674.86,899.83,-449.88,0.08,0.18,0.14,89,57,69,2015-2016,175.01,478.62,653.63,-303.61,28.55,41,annual
2016-2017,MAURITIUS,881.38,18.37,899.75,863.01,0.32,0,0.14,47,144,70,2015-2016,855.73,20.36,876.09,835.36,3,-9.78,annual
2016-2017,COTE D' IVOIRE,418.66,455.81,874.47,-37.16,0.15,0.12,0.13,71,71,71,2015-2016,397.27,572.48,969.75,-175.21,5.38,-20.38,annual
2016-2017,ETHIOPIA,773.5,67.07,840.57,706.44,0.28,0.02,0.13,51,113,72,2015-2016,793.62,60.99,854.61,732.63,-2.53,9.97,annual
2016-2017,BHUTAN,509.28,307.82,817.1,201.46,0.19,0.08,0.12,63,78,73,2015-2016,468.95,281.27,750.22,187.68,8.6,9.44,annual
2016-2017,NEW ZEALAND,309.66,504.44,814.1,-194.78,0.11,0.13,0.12,79,67,74,2015-2016,308.04,547.61,855.64,-239.57,0.53,-7.88,annual
2016-2017,NORWAY,244.89,566.79,811.68,-321.89,0.09,0.15,0.12,85,62,75,2015-2016,541.63,585.37,1127,-43.74,-54.79,-3.17,annual
2016-2017,PORTUGAL,669.66,141.16,810.82,528.5,0.24,0.04,0.12,58,98,76,2015-2016,589.64,102.54,692.19,487.1,13.57,37.66,annual
2016-2017,EQUTL GUINEA,11.24,797.85,809.1,-786.61,0,0.21,0.12,168,52,77,2015-2016,17.53,457.3,474.83,-439.77,-35.86,74.47,annual
2016-2017,AFGHANISTAN,506.34,292.9,799.24,213.44,0.18,0.08,0.12,64,79,78,2015-2016,526.6,307.9,834.5,218.7,-3.85,-4.87,annual
2016-2017,BAHARAIN IS,471.71,290.69,762.4,181.02,0.17,0.08,0.12,68,80,79,2015-2016,654.14,356.9,1011.04,297.24,-27.89,-18.55,annual
2016-2017,BRUNEI,42.88,627.85,670.73,-584.96,0.02,0.16,0.1,141,58,80,2015-2016,28.45,554.02,582.46,-525.57,50.75,13.33,annual
2016-2017,BENIN,447.89,207.4,655.28,240.49,0.16,0.05,0.1,69,88,81,2015-2016,427.3,275.66,702.96,151.64,4.82,-24.76,annual
2016-2017,KAZAKHSTAN,120.88,521.29,642.16,-400.41,0.04,0.14,0.1,109,66,82,2015-2016,151.91,352.93,504.84,-201.02,-20.43,47.7,annual
2016-2017,GUINEA,354.95,279.2,634.15,75.75,0.13,0.07,0.1,76,81,83,2015-2016,278.4,370.05,648.45,-91.66,27.5,-24.55,annual
2016-2017,HUNGARY,406.29,218.78,625.07,187.51,0.15,0.06,0.09,72,86,84,2015-2016,345.13,242.64,587.77,102.49,17.72,-9.83,annual
2016-2017,ROMANIA,257.57,317.36,574.92,-59.79,0.09,0.08,0.09,82,76,85,2015-2016,255.71,309.3,565.01,-53.59,0.73,2.61,annual
2016-2017,UGANDA,494.48,68.93,563.41,425.55,0.18,0.02,0.09,66,111,86,2015-2016,569.94,45.52,615.46,524.41,-13.24,51.43,annual
2016-2017,ECUADOR,197.73,355.99,553.73,-158.26,0.07,0.09,0.08,95,75,87,2015-2016,153.2,563.77,716.97,-410.57,29.06,-36.85,annual
2016-2017,SOMALIA,504.04,17.7,521.74,486.34,0.18,0,0.08,65,145,88,2015-2016,486.6,15.58,502.18,471.03,3.58,13.64,annual
2016-2017,CAMEROON,148.79,359.11,507.9,-210.33,0.05,0.09,0.08,100,74,89,2015-2016,190.99,557.54,748.53,-366.55,-22.1,-35.59,annual
2016-2017,GREECE,381.07,121.95,503.02,259.13,0.14,0.03,0.08,74,100,90,2015-2016,335.72,111.03,446.75,224.69,13.51,9.83,annual
2016-2017,AZERBAIJAN,40.27,461.67,501.94,-421.4,0.01,0.12,0.08,144,70,91,2015-2016,33.38,77.09,110.47,-43.72,20.64,498.83,annual
2016-2017,TOGO,315.7,138.42,454.12,177.27,0.12,0.04,0.07,77,99,92,2015-2016,532.19,225.09,757.28,307.1,-40.68,-38.5,annual
2016-2017,YEMEN REPUBLC,446.13,4.81,450.94,441.31,0.16,0,0.07,70,161,93,2015-2016,399.79,6.88,406.67,392.91,11.59,-30.05,annual
2016-2017,PANAMA REPUBLIC,220.21,201.83,422.04,18.38,0.08,0.05,0.06,90,90,94,2015-2016,201.41,72.49,273.91,128.92,9.33,178.41,annual
2016-2017,BULGARIA,239.53,182.22,421.75,57.31,0.09,0.05,0.06,87,91,95,2015-2016,145.53,93.72,239.26,51.81,64.59,94.42,annual
2016-2017,BURKINA FASO,114.94,256.42,371.36,-141.48,0.04,0.07,0.06,112,84,96,2015-2016,108.79,238.11,346.91,-129.32,5.65,7.69,annual
2016-2017,TUNISIA,255.42,114.8,370.21,140.62,0.09,0.03,0.06,83,102,97,2015-2016,222.37,136.49,358.86,85.88,14.86,-15.89,annual
2016-2017,LITHUANIA,95.99,271.16,367.15,-175.17,0.03,0.07,0.06,119,82,98,2015-2016,88.09,214.35,302.44,-126.26,8.97,26.5,annual
2016-2017,SLOVENIA,251.63,101.68,353.3,149.95,0.09,0.03,0.05,84,106,99,2015-2016,263.78,88.6,352.38,175.17,-4.61,14.76,annual
2016-2017,MADAGASCAR,213.7,119.82,333.51,93.88,0.08,0.03,0.05,91,101,100,2015-2016,197.05,141.74,338.78,55.31,8.45,-15.47,annual
2016-2017,CONGO P REP,135.82,156.52,292.34,-20.69,0.05,0.04,0.04,104,96,101,2015-2016,166.66,201.64,368.3,-34.98,-18.5,-22.38,annual
2016-2017,CONGO D. REP.,199.19,85.92,285.1,113.27,0.07,0.02,0.04,93,109,102,2015-2016,317.63,97.76,415.38,219.87,-37.29,-12.11,annual
2016-2017,DJIBOUTI,280.41,2.82,283.24,277.59,0.1,0,0.04,80,167,103,2015-2016,204.55,1.23,205.78,203.32,37.09,130.02,annual
2016-2017,PARAGUAY,125.03,155.28,280.31,-30.24,0.05,0.04,0.04,106,97,104,2015-2016,98.13,112.26,210.39,-14.13,27.42,38.32,annual
2016-2017,BAHAMAS,5.93,258.82,264.76,-252.89,0,0.07,0.04,175,83,105,2015-2016,11.96,77.23,89.19,-65.28,-50.36,235.13,annual
2016-2017,GUATEMALA,241.23,21.7,262.93,219.53,0.09,0.01,0.04,86,142,106,2015-2016,255.97,12.52,268.49,243.45,-5.76,73.28,annual
2016-2017,TRINIDAD,84.53,173.54,258.07,-89.01,0.03,0.05,0.04,125,93,107,2015-2016,92.88,91.94,184.83,0.94,-9,88.74,annual
2016-2017,BOLIVIA,79.52,173.54,253.06,-94.02,0.03,0.05,0.04,127,92,108,2015-2016,74.43,240.25,314.68,-165.82,6.84,-27.77,annual
2016-2017,LEBANON,210.65,30.21,240.86,180.44,0.08,0.01,0.04,92,132,109,2015-2016,239.55,27.61,267.16,211.94,-12.06,9.41,annual
2016-2017,GUINEA BISSAU,21.66,215.67,237.32,-194.01,0.01,0.06,0.04,158,87,110,2015-2016,14.47,198.17,212.64,-183.7,49.66,8.83,annual
2016-2017,LAO PD RP,25.72,207.38,233.1,-181.65,0.01,0.05,0.04,157,89,111,2015-2016,37.94,180.03,217.96,-142.09,-32.2,15.19,annual
2016-2017,MALAWI,178.42,41.33,219.76,137.09,0.07,0.01,0.03,97,125,112,2015-2016,176.13,64.31,240.44,111.83,1.3,-35.72,annual
2016-2017,COSTA RICA,159.31,58.83,218.15,100.48,0.06,0.02,0.03,98,117,113,2015-2016,134.76,62.21,196.97,72.56,18.22,-5.42,annual
2016-2017,SLOVAK REP,146.15,68.53,214.68,77.62,0.05,0.02,0.03,102,112,114,2015-2016,137.51,64.64,202.16,72.87,6.28,6.01,annual
2016-2017,BELARUS,40.16,170.57,210.73,-130.41,0.01,0.04,0.03,145,94,115,2015-2016,35.73,164.9,200.63,-129.18,12.41,3.44,annual
2016-2017,CHAD,38.52,169.36,207.88,-130.84,0.01,0.04,0.03,147,95,116,2015-2016,43.49,320.88,364.37,-277.38,-11.43,-47.22,annual
2016-2017,MALDIVES,197.79,9.17,206.97,188.62,0.07,0,0.03,94,152,117,2015-2016,179.07,4.29,183.36,174.78,10.46,113.87,annual
2016-2017,MALI,107.7,99.23,206.94,8.47,0.04,0.03,0.03,115,107,118,2015-2016,107.93,242.78,350.72,-134.85,-0.21,-59.13,annual
2016-2017,URUGUAY,187.8,13.45,201.25,174.35,0.07,0,0.03,96,148,119,2015-2016,152.9,17.71,170.62,135.19,22.82,-24.06,annual
2016-2017,ESTONIA,97.5,102.47,199.96,-4.97,0.04,0.03,0.03,118,105,120,2015-2016,63.68,142.04,205.72,-78.36,53.1,-27.86,annual
2016-2017,ZIMBABWE,109.08,60.46,169.54,48.63,0.04,0.02,0.03,113,116,121,2015-2016,205.09,24.45,229.53,180.64,-46.81,147.3,annual
2016-2017,MALTA,137.23,22.37,159.6,114.86,0.05,0.01,0.02,103,139,122,2015-2016,325.03,26.43,351.46,298.6,-57.78,-15.37,annual
2016-2017,HONDURAS,134.97,22.16,157.13,112.81,0.05,0.01,0.02,105,140,123,2015-2016,155.05,15.91,170.97,139.14,-12.95,39.24,annual
2016-2017,PUERTO RICO,105.87,49.99,155.86,55.88,0.04,0.01,0.02,116,120,124,2015-2016,115,50.17,165.17,64.84,-7.94,-0.35,annual
2016-2017,UZBEKISTAN,108.97,46.54,155.51,62.43,0.04,0.01,0.02,114,121,125,2015-2016,94.64,45.26,139.89,49.38,15.14,2.85,annual
2016-2017,LATVIA,115.6,39.65,155.25,75.95,0.04,0.01,0.02,111,126,126,2015-2016,79.5,61.57,141.07,17.93,45.41,-35.61,annual
2016-2017,SYRIA,121.74,32.25,153.99,89.49,0.04,0.01,0.02,108,130,127,2015-2016,136.83,40.54,177.37,96.29,-11.03,-20.46,annual
2016-2017,LIBERIA,146.3,7.65,153.96,138.65,0.05,0,0.02,101,155,128,2015-2016,133.88,32.2,166.08,101.69,9.28,-76.22,annual
2016-2017,CROATIA,124.13,25.36,149.49,98.77,0.05,0.01,0.02,107,135,129,2015-2016,112.44,36,148.44,76.44,10.4,-29.56,annual
2016-2017,PAPUA N GNA,36.28,108.06,144.34,-71.78,0.01,0.03,0.02,150,103,130,2015-2016,39.45,179.59,219.05,-140.14,-8.05,-39.83,annual
2016-2017,CAMBODIA,105.06,36.1,141.16,68.95,0.04,0.01,0.02,117,129,131,2015-2016,143.01,54.43,197.44,88.57,-26.54,-33.67,annual
2016-2017,NAMIBIA,89.88,50.31,140.2,39.57,0.03,0.01,0.02,122,119,132,2015-2016,73.62,10.42,84.04,63.19,22.1,382.69,annual
2016-2017,CYPRUS,71.77,66.59,138.35,5.18,0.03,0.02,0.02,129,115,133,2015-2016,59.8,48.18,107.98,11.62,20.02,38.2,annual
2016-2017,KOREA DP RP,44.84,88.59,133.43,-43.75,0.02,0.02,0.02,138,108,134,2015-2016,110.88,87.9,198.78,22.98,-59.56,0.79,annual
2016-2017,LIBYA,120.05,7.45,127.5,112.6,0.04,0,0.02,110,156,135,2015-2016,122.58,8.86,131.44,113.72,-2.06,-15.88,annual
2016-2017,GEORGIA,90.93,31.52,122.45,59.41,0.03,0.01,0.02,121,131,136,2015-2016,82.57,24.47,107.04,58.1,10.12,28.81,annual
2016-2017,GABON,43.34,69.46,112.8,-26.12,0.02,0.02,0.02,139,110,137,2015-2016,36.79,105.63,142.42,-68.83,17.79,-34.24,annual
2016-2017,SIERRA LEONE,93.71,12.23,105.94,81.48,0.03,0,0.02,120,149,138,2015-2016,91.17,16.56,107.73,74.61,2.78,-26.15,annual
2016-2017,GAMBIA,62.38,43.2,105.58,19.18,0.02,0.01,0.02,132,124,139,2015-2016,59.54,31.35,90.9,28.19,4.76,37.78,annual
2016-2017,NETHERLANDANTIL,38.12,66.7,104.82,-28.58,0.01,0.02,0.02,148,114,140,2015-2016,37.22,59.24,96.46,-22.03,2.44,12.59,annual
2016-2017,RWANDA,88.05,1.18,89.23,86.87,0.03,0,0.01,123,175,141,2015-2016,106.08,1.35,107.42,104.73,-16.99,-12.5,annual
2016-2017,NICARAGUA,86.33,2.62,88.96,83.71,0.03,0,0.01,124,168,142,2015-2016,82.54,3.85,86.39,78.68,4.6,-31.86,annual
2016-2017,NIGER,81.24,0.03,81.27,81.21,0.03,0,0.01,126,202,143,2015-2016,80.16,0.32,80.48,79.84,1.35,-90.86,annual
2016-2017,TURKMENISTAN,57.6,21.32,78.92,36.28,0.02,0.01,0.01,135,143,144,2015-2016,68.53,46.97,115.5,21.56,-15.95,-54.61,annual
2016-2017,SWAZILAND,39.56,39.24,78.8,0.32,0.01,0.01,0.01,146,127,145,2015-2016,59.9,40.82,100.71,19.08,-33.96,-3.86,annual
2016-2017,SERBIA,50.07,27.24,77.3,22.83,0.02,0.01,0.01,137,133,146,2015-2016,43.34,22.34,65.68,21,15.52,21.91,annual
2016-2017,MAURITANIA,65.98,10.95,76.93,55.03,0.02,0,0.01,131,151,147,2015-2016,58.35,18.56,76.9,39.79,13.08,-41,annual
2016-2017,HAITI,71.44,3.61,75.05,67.82,0.03,0,0.01,130,165,148,2015-2016,62.27,3.28,65.55,58.99,14.72,10.1,annual
2016-2017,EL SALVADOR,60.45,5.77,66.21,54.68,0.02,0,0.01,134,160,149,2015-2016,68.54,6.18,74.72,62.36,-11.81,-6.66,annual
2016-2017,LESOTHO,33.18,24.91,58.09,8.27,0.01,0.01,0.01,153,136,150,2015-2016,30.06,4.94,35,25.12,10.39,403.94,annual
2016-2017,LUXEMBOURG,11.48,46.08,57.56,-34.6,0,0.01,0.01,167,122,151,2015-2016,8.07,175.72,183.79,-167.66,42.29,-73.78,annual
2016-2017,SURINAME,10.5,45.92,56.42,-35.42,0,0.01,0.01,169,123,152,2015-2016,12.86,43.33,56.18,-30.47,-18.35,5.99,annual
2016-2017,SOLOMON IS,2.31,53.96,56.27,-51.66,0,0.01,0.01,188,118,153,2015-2016,2.71,67.67,70.39,-64.96,-15.06,-20.26,annual
2016-2017,REUNION,41.16,13.9,55.07,27.26,0.01,0,0.01,143,147,154,2015-2016,42.7,18.78,61.48,23.91,-3.59,-25.98,annual
2016-2017,FIJI IS,52.52,0.6,53.12,51.93,0.02,0,0.01,136,182,155,2015-2016,44.15,0.37,44.52,43.78,18.96,61,annual
2016-2017,COMOROS,20.78,25.65,46.43,-4.87,0.01,0.01,0.01,159,134,156,2015-2016,17.01,15.1,32.1,1.91,22.22,69.91,annual
2016-2017,JAMAICA,43.01,1.17,44.18,41.83,0.02,0,0.01,140,176,157,2015-2016,40.21,1.55,41.76,38.66,6.95,-24.48,annual
2016-2017,CUBA,41.79,1.31,43.1,40.48,0.02,0,0.01,142,174,158,2015-2016,54.31,1.33,55.64,52.97,-23.05,-1.82,annual
2016-2017,TAJIKISTAN,20.44,21.82,42.26,-1.39,0.01,0.01,0.01,160,141,159,2015-2016,22.26,9.98,32.24,12.29,-8.2,118.78,annual
2016-2017,ERITREA,3.22,36.41,39.63,-33.19,0,0.01,0.01,183,128,160,2015-2016,6.45,167.45,173.9,-161.01,-50.03,-78.25,annual
2016-2017,MACEDONIA,14.88,24.13,39.02,-9.25,0.01,0.01,0.01,164,137,161,2015-2016,12.87,7.08,19.95,5.78,15.66,240.63,annual
2016-2017,BURUNDI,35.98,1.6,37.58,34.38,0.01,0,0.01,151,171,162,2015-2016,29.06,0.11,29.17,28.95,23.79,1352.76,annual
2016-2017,SEYCHELLES,35.96,0.93,36.88,35.03,0.01,0,0.01,152,179,163,2015-2016,34.14,0.67,34.81,33.47,5.34,37.64,annual
2016-2017,MONTENEGRO,36.37,0.05,36.42,36.31,0.01,0,0.01,149,198,164,2015-2016,26.19,0.05,26.24,26.14,38.85,15.58,annual
2016-2017,GUYANA,20.07,14.48,34.55,5.58,0.01,0,0.01,161,146,165,2015-2016,21.87,18.48,40.35,3.39,-8.25,-21.63,annual
2016-2017,ALBANIA,26.45,6.5,32.95,19.95,0.01,0,0.01,156,158,166,2015-2016,24.04,17.2,41.24,6.84,10.02,-62.22,annual
2016-2017,NEW CALEDONIA,8.09,23.98,32.08,-15.89,0,0.01,0,172,138,167,2015-2016,4.68,50.35,55.04,-45.67,72.79,-52.36,annual
2016-2017,KYRGHYZSTAN,30.44,1.48,31.93,28.96,0.01,0,0,154,172,168,2015-2016,25.11,1.79,26.9,23.33,21.22,-16.96,annual
2016-2017,ARMENIA,30.33,1.05,31.38,29.27,0.01,0,0,155,178,169,2015-2016,22.78,14.04,36.82,8.75,33.11,-92.5,annual
2016-2017,ICELAND,16.72,4.68,21.4,12.04,0.01,0,0,162,162,170,2015-2016,18.55,4.25,22.79,14.3,-9.84,10.24,annual
2016-2017,MOLDOVA,6.71,11.73,18.45,-5.02,0,0,0,174,150,171,2015-2016,7.81,4.89,12.7,2.92,-14.04,140.08,annual
2016-2017,BOSNIA-HRZGOVIN,13.1,3.32,16.43,9.78,0,0,0,165,166,172,2015-2016,19.7,4.4,24.11,15.3,-33.5,-24.53,annual
2016-2017,BELIZE,15.23,0.52,15.75,14.71,0.01,0,0,163,184,173,2015-2016,14.51,1.01,15.52,13.5,5,-48.56,annual
2016-2017,BARBADOS,12.35,0.18,12.53,12.17,0,0,0,166,190,174,2015-2016,10.5,0.17,10.67,10.33,17.65,8.29,annual
2016-2017,ARUBA,7.91,4.27,12.18,3.64,0,0,0,173,164,175,2015-2016,6.93,0.3,7.23,6.64,14.09,1339.12,annual
2016-2017,MONGOLIA,9.78,1.99,11.77,7.78,0,0,0,171,169,176,2015-2016,8.44,4.14,12.57,4.3,15.86,-51.87,annual
2016-2017,C AFRI REP,10.29,0.38,10.67,9.91,0,0,0,170,188,177,2015-2016,9.18,0.83,10.01,8.35,12.1,-54.52,annual
2016-2017,VIRGIN IS US,5.33,4.53,9.86,0.8,0,0,0,176,163,178,2015-2016,4.23,1.08,5.31,3.15,26,321.49,annual
2016-2017,MACAO,1.51,7.91,9.42,-6.4,0,0,0,194,154,179,2015-2016,1.97,8.29,10.26,-6.32,-23.27,-4.53,annual
2016-2017,MARSHALL ISLAND,0.14,8.71,8.86,-8.57,0,0,0,210,153,180,2015-2016,101.91,0.41,102.32,101.5,-99.86,2041.82,annual
2016-2017,SAMOA,1.77,6.3,8.07,-4.52,0,0,0,192,159,181,2015-2016,2.22,2.46,4.68,-0.24,-20.25,155.91,annual
2016-2017,BR VIRGN IS,0.41,6.72,7.14,-6.31,0,0,0,205,157,182,2015-2016,0.84,1.55,2.4,-0.71,-51.14,333.3,annual
2016-2017,CAYMAN IS,4.74,0.02,4.76,4.72,0,0,0,177,205,183,2015-2016,3.54,0,3.54,3.54,33.88,,annual
2016-2017,ST LUCIA,4.32,0.24,4.56,4.09,0,0,0,179,189,184,2015-2016,2.67,0.45,3.13,2.22,61.69,-47.37,annual
2016-2017,GUADELOUPE,4.39,0,4.39,4.39,0,0,0,178,220,185,2015-2016,2.87,0.06,2.93,2.81,53.17,,annual
2016-2017,BERMUDA,4.2,0.02,4.21,4.18,0,0,0,180,204,186,2015-2016,2.59,0,2.59,2.59,62.24,5034.73,annual
2016-2017,FR POLYNESIA,4.13,0.01,4.14,4.12,0,0,0,181,209,187,2015-2016,3.81,0.02,3.84,3.79,8.45,-53.42,annual
2016-2017,SOUTH SUDAN,3.24,0.18,3.42,3.07,0,0,0,182,191,188,2015-2016,0,0,0,0,,,annual
2016-2017,DOMINICA,2.46,0.77,3.23,1.68,0,0,0,187,181,189,2015-2016,1.46,0.1,1.56,1.37,68.12,706.14,annual
2016-2017,CAPE VERDE IS,1.25,1.9,3.15,-0.65,0,0,0,196,170,190,2015-2016,1.43,2.77,4.2,-1.34,-12.51,-31.39,annual
2016-2017,ST KITT N A,3.09,0.01,3.1,3.09,0,0,0,184,211,191,2015-2016,2.2,0.16,2.36,2.04,40.44,-95.21,annual
2016-2017,GRENADA,3.02,0.06,3.09,2.96,0,0,0,185,197,192,2015-2016,0,0,0,0,,,annual
2016-2017,FR GUIANA,1.47,1.45,2.92,0.02,0,0,0,195,173,193,2015-2016,1.17,1.16,2.33,0,26.3,24.95,annual
2016-2017,MONACO,1.53,1.11,2.65,0.42,0,0,0,193,177,194,2015-2016,1.05,1.53,2.58,-0.49,46.29,-27.38,annual
2016-2017,NAURU RP,2.53,0.04,2.56,2.49,0,0,0,186,200,195,2015-2016,0.01,5.76,5.77,-5.75,36691.45,-99.38,annual
2016-2017,TIMOR LESTE,2.31,0.17,2.48,2.13,0,0,0,189,192,196,2015-2016,3.42,0.03,3.45,3.39,-32.54,417.24,annual
2016-2017,VANUATU REP,2.08,0,2.08,2.08,0,0,0,190,232,197,2015-2016,2.01,0.29,2.31,1.72,3.18,,annual
2016-2017,ANTIGUA,1.97,0,1.98,1.97,0,0,0,191,214,198,2015-2016,2.56,0.01,2.57,2.55,-22.99,-84.78,annual
2016-2017,US MINOR OUTLYING ISLANDS,1.08,0.56,1.64,0.52,0,0,0,198,183,199,2015-2016,0.17,0.36,0.53,-0.19,524.56,55.99,annual
2016-2017,LIECHTENSTEIN,0.73,0.86,1.59,-0.12,0,0,0,202,180,200,2015-2016,0.82,1.18,2,-0.36,-10.12,-27.26,annual
2016-2017,TONGA,1.21,0.05,1.26,1.16,0,0,0,197,199,201,2015-2016,1.12,0,1.12,1.12,8,49390.45,annual
2016-2017,SAO TOME,0.92,0.02,0.95,0.9,0,0,0,199,206,202,2015-2016,0.93,0,0.93,0.93,-0.47,609.27,annual
2016-2017,TURKS C IS,0.78,0.03,0.82,0.75,0,0,0,201,203,203,2015-2016,0.16,0.02,0.18,0.14,384.86,47.76,annual
2016-2017,ST VINCENT,0.78,0,0.78,0.78,0,0,0,200,230,204,2015-2016,0.55,0,0.55,0.54,43.33,,annual
2016-2017,MONTSERRAT,0.62,0,0.62,0.62,0,0,0,203,224,205,2015-2016,0.96,0,0.96,0.96,-35.78,,annual
2016-2017,SAN MARINO,0.23,0.39,0.61,-0.16,0,0,0,207,187,206,2015-2016,0.26,0.52,0.78,-0.26,-12.32,-25.08,annual
2016-2017,FAROE IS.,0.59,0.01,0.59,0.58,0,0,0,204,208,207,2015-2016,1.75,0.04,1.79,1.71,-66.56,-80.85,annual
2016-2017,ANTARTICA,0,0.5,0.5,-0.5,0,0,0,222,185,208,2015-2016,0,1.11,1.11,-1.1,,-55.09,annual
2016-2017,PANAMA C Z,0.01,0.45,0.46,-0.44,0,0,0,220,186,209,2015-2016,0.16,0,0.16,0.16,-93.61,,annual
2016-2017,NORFOLK IS,0.28,0.01,0.3,0.27,0,0,0,206,210,210,2015-2016,0.33,0.07,0.4,0.26,-13.9,-84.12,annual
2016-2017,ANDORRA,0.14,0.09,0.23,0.06,0,0,0,209,196,211,2015-2016,0.12,0,0.12,0.12,25.35,45985.82,annual
2016-2017,AMERI SAMOA,0.08,0.14,0.22,-0.06,0,0,0,211,193,212,2015-2016,0.16,1.13,1.29,-0.98,-50.51,-87.76,annual
2016-2017,TUVALU,0.08,0.13,0.21,-0.04,0,0,0,212,194,213,2015-2016,0.06,0.01,0.07,0.04,49.15,1070.96,annual
2016-2017,UNION OF SERBIA & MONTENEGRO,0.15,0,0.15,0.15,0,0,0,208,231,214,2015-2016,1.38,2.9,4.28,-1.52,-88.84,,annual
2016-2017,GREENLAND,0,0.1,0.1,-0.1,0,0,0,228,195,215,2015-2016,8.81,0.1,8.91,8.71,-100,-0.85,annual
2016-2017,PITCAIRN IS.,0.05,0,0.06,0.05,0,0,0,213,227,216,2015-2016,0,0,0,0,,,annual
2016-2017,VATICAN CITY,0.04,0.02,0.06,0.02,0,0,0,216,207,217,2015-2016,0.05,0,0.06,0.05,-25.17,911.75,annual
2016-2017,TOKELAU IS,0.03,0.01,0.05,0.02,0,0,0,217,212,218,2015-2016,0,0,0,0,,194.23,annual
2016-2017,ANGUILLA,0.04,0,0.04,0.04,0,0,0,214,213,219,2015-2016,0.02,0.01,0.02,0.01,166.26,-80.61,annual
2016-2017,N. MARIANA IS.,0.01,0.03,0.04,-0.02,0,0,0,219,201,220,2015-2016,0.56,0.23,0.78,0.33,-97.66,-87.12,annual
2016-2017,PALAU,0.04,0,0.04,0.03,0,0,0,215,226,221,2015-2016,0.02,3.7,3.71,-3.68,130.83,-99.9,annual
2016-2017,ST HELENA,0.02,0,0.02,0.02,0,0,0,218,228,222,2015-2016,0.16,0,0.16,0.16,-87.13,,annual
2016-2017,WALLIS F IS,0.01,0,0.01,0.01,0,0,0,221,233,223,2015-2016,0,0.24,0.24,-0.24,,,annual
2016-2017,CHRISTMAS IS.,0,0,0,0,0,0,0,223,215,224,2015-2016,0,0,0,0,,,annual
2016-2017,COOK IS,0,0,0,0,0,0,0,224,216,225,2015-2016,0.05,0,0.05,0.05,,,annual
2016-2017,FALKLAND IS,0,0,0,0,0,0,0,225,217,226,2015-2016,0,1.75,1.75,-1.74,,,annual
2016-2017,FR S ANT TR,0,0,0,0,0,0,0,226,218,227,2015-2016,0.06,0.03,0.09,0.03,,,annual
2016-2017,GIBRALTAR,0,0,0,0,0,0,0,227,219,228,2015-2016,1182.88,0,1182.88,1182.88,,,annual
2016-2017,GUAM,0,0,0,0,0,0,0,229,221,229,2015-2016,0.38,0,0.38,0.38,,,annual
2016-2017,KIRIBATI REP,0,0,0,0,0,0,0,230,222,230,2015-2016,0.94,0,0.94,0.94,,,annual
2016-2017,MARTINIQUE,0,0,0,0,0,0,0,231,223,231,2015-2016,4.44,0,4.44,4.44,,,annual
2016-2017,NIUE IS,0,0,0,0,0,0,0,232,225,232,2015-2016,0.04,0,0.04,0.04,,,annual
2016-2017,ST PIERRE,0,0,0,0,0,0,0,233,229,233,2015-2016,0,0.02,0.02,-0.02,,,annual
2017-2018,CHINA P RP,13334.42,76380.7,89715.11,-63046.28,4.39,16.41,11.67,4,1,1,2016-2017,10172.41,61283.03,71455.44,-51110.62,31.08,24.64,annual
2017-2018,U S A,47882.34,26611.03,74493.37,21271.31,15.78,5.72,9.69,1,2,2,2016-2017,42216.48,22307.44,64523.92,19909.04,13.42,19.29,annual
2017-2018,U ARAB EMTS,28146.12,21739.11,49885.23,6407.01,9.27,4.67,6.49,2,4,3,2016-2017,31175.5,21509.83,52685.33,9665.67,-9.72,1.07,annual
2017-2018,SAUDI ARAB,5410.7,22069.96,27480.66,-16659.26,1.78,4.74,3.57,15,3,4,2016-2017,5110.28,19972.4,25082.68,-14862.11,5.88,10.5,annual
2017-2018,HONG KONG,14690.27,10675.98,25366.25,4014.29,4.84,2.29,3.3,3,13,5,2016-2017,14047.24,8204.18,22251.42,5843.06,4.58,30.13,annual
2017-2018,GERMANY,8689.24,13295.71,21984.95,-4606.47,2.86,2.86,2.86,7,10,6,2016-2017,7183.86,11583.67,18767.52,-4399.81,20.96,14.78,annual
2017-2018,KOREA RP,4462.14,16361.77,20823.92,-11899.63,1.47,3.51,2.71,20,8,7,2016-2017,4242.56,12585.35,16827.91,-8342.8,5.18,30.01,annual
2017-2018,INDONESIA,3965.56,16438.8,20404.36,-12473.24,1.31,3.53,2.65,23,7,8,2016-2017,3488.16,13427.99,16916.16,-9939.83,13.69,22.42,annual
2017-2018,SWITZERLAND,1083.86,18923.05,20006.91,-17839.19,0.36,4.06,2.6,45,5,9,2016-2017,978.34,17248.68,18227.02,-16270.34,10.79,9.71,annual
2017-2018,IRAQ,1462.23,17615.81,19078.04,-16153.58,0.48,3.78,2.48,43,6,10,2016-2017,1111.45,11707.94,12819.39,-10596.5,31.56,50.46,annual
2017-2018,AUSTRALIA,4012.32,13993.75,18006.07,-9981.42,1.32,3.01,2.34,21,9,11,2016-2017,2957.79,11154.48,14112.27,-8196.68,35.65,25.45,annual
2017-2018,SINGAPORE,10202.94,7466.99,17669.93,2735.94,3.36,1.6,2.3,5,19,12,2016-2017,9564.67,7086.57,16651.24,2478.1,6.67,5.37,annual
2017-2018,JAPAN,4734.75,10973.35,15708.1,-6238.6,1.56,2.36,2.04,18,12,13,2016-2017,3845.82,9754.64,13600.45,-5908.82,23.11,12.49,annual
2017-2018,MALAYSIA,5701.59,9011.58,14713.17,-3310,1.88,1.94,1.91,14,16,14,2016-2017,5224.88,8933.59,14158.47,-3708.72,9.12,0.87,annual
2017-2018,U K,9712.79,4806.75,14519.54,4906.03,3.2,1.03,1.89,6,28,15,2016-2017,8551.14,3664.96,12216.1,4886.18,13.58,31.15,annual
2017-2018,IRAN,2652.39,11111.52,13763.91,-8459.14,0.87,2.39,1.79,29,11,16,2016-2017,2379.62,10506.51,12886.12,-8126.89,11.46,5.76,annual
2017-2018,VIETNAM SOC REP,7813.08,5018.55,12831.64,2794.53,2.57,1.08,1.67,9,27,17,2016-2017,6786.56,3320.56,10107.12,3466,15.13,51.14,annual
2017-2018,BELGIUM,6206.92,5993.41,12200.34,213.51,2.05,1.29,1.59,12,24,18,2016-2017,5656.92,6624.63,12281.55,-967.71,9.72,-9.53,annual
2017-2018,NIGERIA,2254.92,9501.33,11756.26,-7246.41,0.74,2.04,1.53,34,14,19,2016-2017,1764.11,7659.48,9423.59,-5895.37,27.82,24.05,annual
2017-2018,UNSPECIFIED,2388.42,9194.62,11583.04,-6806.2,0.79,1.97,1.51,33,15,20,2016-2017,2436.4,7343.64,9780.04,-4907.24,-1.97,25.21,annual
2017-2018,FRANCE,4901.58,6524.16,11425.74,-1622.57,1.62,1.4,1.49,17,23,21,2016-2017,5250.27,5707.77,10958.04,-457.49,-6.64,14.3,annual
2017-2018,THAILAND,3653.83,7134.46,10788.29,-3480.62,1.2,1.53,1.4,26,21,22,2016-2017,3133.44,5415.4,8548.84,-2281.96,16.61,31.74,annual
2017-2018,RUSSIA,2113.4,8573.46,10686.86,-6460.07,0.7,1.84,1.39,36,17,23,2016-2017,1937.06,5552.3,7489.36,-3615.25,9.1,54.41,annual
2017-2018,SOUTH AFRICA,3825.22,6834.7,10659.92,-3009.48,1.26,1.47,1.39,24,22,24,2016-2017,3545.97,5833.75,9379.72,-2287.79,7.88,17.16,annual
2017-2018,ITALY,5710.26,4706.89,10417.14,1003.37,1.88,1.01,1.35,13,30,25,2016-2017,4902.7,3895.01,8797.71,1007.7,16.47,20.84,annual
2017-2018,QATAR,1471.88,8409.02,9880.9,-6937.14,0.48,1.81,1.28,42,18,26,2016-2017,784.56,7646.22,8430.78,-6861.66,87.61,9.98,annual
2017-2018,BANGLADESH PR,8614.52,685.65,9300.17,7928.87,2.84,0.15,1.21,8,62,27,2016-2017,6820.13,701.68,7521.82,6118.45,26.31,-2.29,annual
2017-2018,NETHERLAND,6263.27,2512.63,8775.89,3750.64,2.06,0.54,1.14,11,36,28,2016-2017,5071.22,1895.71,6966.93,3175.5,23.51,32.54,annual
2017-2018,BRAZIL,3063.49,5498.22,8561.71,-2434.73,1.01,1.18,1.11,28,26,29,2016-2017,2400.48,4114.69,6515.17,-1714.2,27.62,33.62,annual
2017-2018,KUWAIT,1365.66,7165.69,8531.34,-5800.03,0.45,1.54,1.11,44,20,30,2016-2017,1497.99,4462.28,5960.27,-2964.29,-8.83,60.58,annual
2017-2018,MEXICO,3782.79,3930.26,7713.05,-147.47,1.25,0.84,1,25,33,31,2016-2017,3460.98,2944.52,6405.5,516.47,9.3,33.48,annual
2017-2018,CANADA,2506.19,4728.51,7234.71,-2222.32,0.83,1.02,0.94,30,29,32,2016-2017,2004.13,4131.52,6135.65,-2127.39,25.05,14.45,annual
2017-2018,TURKEY,5090.7,2132.2,7222.9,2958.5,1.68,0.46,0.94,16,40,33,2016-2017,4626.59,1207.31,5833.9,3419.29,10.03,76.61,annual
2017-2018,NEPAL,6612.96,438.38,7051.34,6174.57,2.18,0.09,0.92,10,77,34,2016-2017,5453.59,445.13,5898.72,5008.46,21.26,-1.52,annual
2017-2018,OMAN,2439.46,4264.29,6703.76,-1824.83,0.8,0.92,0.87,31,32,35,2016-2017,2728.3,1290.5,4018.8,1437.81,-10.59,230.44,annual
2017-2018,TAIWAN,2157.29,3926.25,6083.53,-1768.96,0.71,0.84,0.79,35,34,36,2016-2017,2183.74,3142.89,5326.62,-959.15,-1.21,24.92,annual
2017-2018,VENEZUELA,79.21,5866.37,5945.58,-5787.16,0.03,1.26,0.77,131,25,37,2016-2017,62.22,5512.06,5574.28,-5449.83,27.3,6.43,annual
2017-2018,SPAIN,3996.15,1663.37,5659.52,2332.78,1.32,0.36,0.74,22,43,38,2016-2017,3426.13,1968.77,5394.9,1457.35,16.64,-15.51,annual
2017-2018,ISRAEL,3364.06,2066.51,5430.57,1297.55,1.11,0.44,0.71,27,42,39,2016-2017,3087.18,1961.12,5048.29,1126.06,8.97,5.37,annual
2017-2018,SRI LANKA DSR,4476.46,772.63,5249.09,3703.83,1.48,0.17,0.68,19,58,40,2016-2017,3913.15,602.2,4515.36,3310.95,14.4,28.3,annual
2017-2018,ANGOLA,234.92,4323.85,4558.77,-4088.93,0.08,0.93,0.59,92,31,41,2016-2017,154.63,2596.49,2751.12,-2441.86,51.92,66.53,annual
2017-2018,EGYPT A RP,2392.42,1292.93,3685.36,1099.49,0.79,0.28,0.48,32,47,42,2016-2017,2067.35,1163.77,3231.12,903.58,15.72,11.1,annual
2017-2018,GHANA,635.78,2710.05,3345.84,-2074.27,0.21,0.58,0.44,61,35,43,2016-2017,681.03,1938.54,2619.57,-1257.52,-6.64,39.8,annual
2017-2018,PERU,760.68,2376.86,3137.54,-1616.18,0.25,0.51,0.41,55,37,44,2016-2017,696.42,1076.69,1773.12,-380.27,9.23,120.76,annual
2017-2018,ARGENTINA,708.76,2229.2,2937.96,-1520.44,0.23,0.48,0.38,59,39,45,2016-2017,510.73,2500.75,3011.47,-1990.02,38.78,-10.86,annual
2017-2018,CHILE,763.56,2092.15,2855.71,-1328.59,0.25,0.45,0.37,54,41,46,2016-2017,674.34,1226.34,1900.67,-552,13.23,70.6,annual
2017-2018,UKRAINE,330.1,2355.97,2686.07,-2025.87,0.11,0.51,0.35,82,38,47,2016-2017,310.16,2481.47,2791.63,-2171.31,6.43,-5.06,annual
2017-2018,TANZANIA REP,1618.8,1029.71,2648.51,589.08,0.53,0.22,0.34,40,50,48,2016-2017,1783.57,948.49,2732.06,835.08,-9.24,8.56,annual
2017-2018,PHILIPPINES,1692.83,764.36,2457.2,928.47,0.56,0.16,0.32,39,60,49,2016-2017,1482.52,494.62,1977.13,987.9,14.19,54.54,annual
2017-2018,PAKISTAN IR,1924.31,488.56,2412.87,1435.75,0.63,0.1,0.31,38,74,50,2016-2017,1821.88,454.49,2276.37,1367.4,5.62,7.5,annual
2017-2018,POLAND,1541.36,766.99,2308.35,774.37,0.51,0.16,0.3,41,59,51,2016-2017,1197.81,690.98,1888.78,506.83,28.68,11,annual
2017-2018,SWEDEN,771.51,1464.47,2235.98,-692.96,0.25,0.31,0.29,53,45,52,2016-2017,708.93,1161.12,1870.05,-452.19,8.83,26.13,annual
2017-2018,ALGERIA,823.23,1260.98,2084.2,-437.75,0.27,0.27,0.27,50,48,53,2016-2017,841.89,605.12,1447.01,236.77,-2.22,108.39,annual
2017-2018,KENYA,1974.57,72.57,2047.14,1902,0.65,0.02,0.27,37,112,54,2016-2017,2194.29,104.36,2298.65,2089.94,-10.01,-30.46,annual
2017-2018,MOZAMBIQUE,900.58,931.75,1832.34,-31.17,0.3,0.2,0.24,49,53,55,2016-2017,1009.97,546.29,1556.26,463.69,-10.83,70.56,annual
2017-2018,BOTSWANA,108.58,1638.29,1746.87,-1529.71,0.04,0.35,0.23,120,44,56,2016-2017,77.12,1307.39,1384.51,-1230.28,40.8,25.31,annual
2017-2018,FINLAND,282.84,1401.33,1684.17,-1118.49,0.09,0.3,0.22,87,46,57,2016-2017,269.9,1011.67,1281.57,-741.77,4.8,38.52,annual
2017-2018,MYANMAR,966.19,639.64,1605.84,326.55,0.32,0.14,0.21,47,67,58,2016-2017,1107.89,1067.25,2175.14,40.64,-12.79,-40.07,annual
2017-2018,COLOMBIA,939.16,592.8,1531.95,346.36,0.31,0.13,0.2,48,69,59,2016-2017,784.51,593.96,1378.47,190.55,19.71,-0.2,annual
2017-2018,JORDAN,540.82,984.98,1525.8,-444.16,0.18,0.21,0.2,65,51,60,2016-2017,522.41,828.24,1350.65,-305.84,3.52,18.92,annual
2017-2018,AUSTRIA,460.08,973.33,1433.41,-513.24,0.15,0.21,0.19,70,52,61,2016-2017,383.16,908.34,1291.5,-525.19,20.08,7.15,annual
2017-2018,ZAMBIA,294.29,1094.98,1389.27,-800.69,0.1,0.24,0.18,83,49,62,2016-2017,237.21,743.9,981.11,-506.69,24.06,47.19,annual
2017-2018,DENMARK,784.21,564.55,1348.77,219.66,0.26,0.12,0.18,52,72,63,2016-2017,693,481.55,1174.56,211.45,13.16,17.24,annual
2017-2018,IRELAND,536.4,795.01,1331.42,-258.61,0.18,0.17,0.17,66,56,64,2016-2017,485.42,525.82,1011.24,-40.4,10.5,51.19,annual
2017-2018,SENEGAL,724.11,564.94,1289.05,159.17,0.24,0.12,0.17,57,71,65,2016-2017,634.1,315.85,949.95,318.25,14.19,78.87,annual
2017-2018,SUDAN,822.72,452.07,1274.78,370.65,0.27,0.1,0.17,51,75,66,2016-2017,748.71,245.15,993.86,503.56,9.88,84.41,annual
2017-2018,MOROCCO,432.32,779.63,1211.95,-347.3,0.14,0.17,0.16,73,57,67,2016-2017,373.91,792.93,1166.84,-419.02,15.62,-1.68,annual
2017-2018,NORWAY,359.98,842.08,1202.06,-482.09,0.12,0.18,0.16,80,55,68,2016-2017,244.89,566.79,811.68,-321.89,47,48.57,annual
2017-2018,AFGHANISTAN,709.75,433.78,1143.53,275.97,0.23,0.09,0.15,58,79,69,2016-2017,506.34,292.9,799.24,213.44,40.17,48.1,annual
2017-2018,MAURITIUS,1077.15,20.69,1097.84,1056.45,0.35,0,0.14,46,143,70,2016-2017,881.38,18.37,899.75,863.01,22.21,12.63,annual
2017-2018,CZECH REPUBLIC,405.37,669.54,1074.91,-264.17,0.13,0.14,0.14,75,63,71,2016-2017,533.14,539.25,1072.39,-6.11,-23.97,24.16,annual
2017-2018,KAZAKHSTAN,125.37,907.43,1032.81,-782.06,0.04,0.19,0.13,112,54,72,2016-2017,120.88,521.29,642.16,-400.41,3.72,74.08,annual
2017-2018,NEW ZEALAND,352.86,643.71,996.57,-290.85,0.12,0.14,0.13,81,66,73,2016-2017,309.66,504.44,814.1,-194.78,13.95,27.61,annual
2017-2018,BAHARAIN IS,556.82,431.12,987.94,125.7,0.18,0.09,0.13,63,80,74,2016-2017,471.71,290.69,762.4,181.02,18.04,48.31,annual
2017-2018,COTE D' IVOIRE,511.75,441.7,953.45,70.05,0.17,0.09,0.12,68,76,75,2016-2017,418.66,455.81,874.47,-37.16,22.24,-3.1,annual
2017-2018,PORTUGAL,747.32,190.15,937.47,557.18,0.25,0.04,0.12,56,93,76,2016-2017,669.66,141.16,810.82,528.5,11.6,34.7,annual
2017-2018,BHUTAN,546.12,377.99,924.11,168.13,0.18,0.08,0.12,64,83,77,2016-2017,509.28,307.82,817.1,201.46,7.23,22.8,annual
2017-2018,GUINEA,377.94,514.63,892.57,-136.69,0.12,0.11,0.12,78,73,78,2016-2017,354.95,279.2,634.15,75.75,6.48,84.32,annual
2017-2018,DOMINIC REP,196.92,645.81,842.73,-448.9,0.06,0.14,0.11,98,65,79,2016-2017,224.98,674.86,899.83,-449.88,-12.47,-4.3,annual
2017-2018,ROMANIA,398.92,411.72,810.65,-12.8,0.13,0.09,0.11,77,81,80,2016-2017,257.57,317.36,574.92,-59.79,54.88,29.73,annual
2017-2018,BURKINA FASO,148.35,632.57,780.92,-484.22,0.05,0.14,0.1,108,68,81,2016-2017,114.94,256.42,371.36,-141.48,29.07,146.69,annual
2017-2018,BOLIVIA,105.19,667.25,772.44,-562.06,0.03,0.14,0.1,121,64,82,2016-2017,79.52,173.54,253.06,-94.02,32.28,284.49,annual
2017-2018,EQUTL GUINEA,10.77,755.64,766.41,-744.87,0,0.16,0.1,172,61,83,2016-2017,11.24,797.85,809.1,-786.61,-4.24,-5.29,annual
2017-2018,ETHIOPIA,683.88,47.45,731.33,636.43,0.23,0.01,0.1,60,125,84,2016-2017,773.5,67.07,840.57,706.44,-11.59,-29.25,annual
2017-2018,YEMEN REPUBLC,563.46,153.05,716.52,410.41,0.19,0.03,0.09,62,99,85,2016-2017,446.13,4.81,450.94,441.31,26.3,3079.86,annual
2017-2018,BENIN,479.72,223.02,702.74,256.71,0.16,0.05,0.09,69,87,86,2016-2017,447.89,207.4,655.28,240.49,7.11,7.53,annual
2017-2018,HUNGARY,402.69,270.84,673.53,131.86,0.13,0.06,0.09,76,84,87,2016-2017,406.29,218.78,625.07,187.51,-0.89,23.79,annual
2017-2018,AZERBAIJAN,33.68,592.61,626.29,-558.93,0.01,0.13,0.08,151,70,88,2016-2017,40.27,461.67,501.94,-421.4,-16.36,28.36,annual
2017-2018,UGANDA,532.26,56.21,588.47,476.05,0.18,0.01,0.08,67,120,89,2016-2017,494.48,68.93,563.41,425.55,7.64,-18.45,annual
2017-2018,TOGO,408.68,163.8,572.48,244.88,0.13,0.04,0.07,74,98,90,2016-2017,315.7,138.42,454.12,177.27,29.45,18.34,annual
2017-2018,GREECE,433.88,96.11,529.98,337.77,0.14,0.02,0.07,72,107,91,2016-2017,381.07,121.95,503.02,259.13,13.86,-21.19,annual
2017-2018,BRUNEI,63.19,434.83,498.01,-371.64,0.02,0.09,0.06,135,78,92,2016-2017,42.88,627.85,670.73,-584.96,47.34,-30.74,annual
2017-2018,ECUADOR,279.8,193.97,473.78,85.83,0.09,0.04,0.06,89,92,93,2016-2017,197.73,355.99,553.73,-158.26,41.51,-45.51,annual
2017-2018,SOMALIA,455.52,3.55,459.07,451.97,0.15,0,0.06,71,169,94,2016-2017,504.04,17.7,521.74,486.34,-9.63,-79.96,annual
2017-2018,CONGO D. REP.,225.07,225.42,450.5,-0.35,0.07,0.05,0.06,95,86,95,2016-2017,199.19,85.92,285.1,113.27,13,162.38,annual
2017-2018,GABON,45.08,395.39,440.46,-350.31,0.01,0.08,0.06,144,82,96,2016-2017,43.34,69.46,112.8,-26.12,4.01,469.24,annual
2017-2018,TUNISIA,281.77,140.25,422.02,141.52,0.09,0.03,0.05,88,102,97,2016-2017,255.42,114.8,370.21,140.62,10.32,22.18,annual
2017-2018,CAMEROON,193.94,212.82,406.76,-18.87,0.06,0.05,0.05,100,88,98,2016-2017,148.79,359.11,507.9,-210.33,30.35,-40.74,annual
2017-2018,SLOVENIA,286.99,112.08,399.07,174.91,0.09,0.02,0.05,86,104,99,2016-2017,251.63,101.68,353.3,149.95,14.05,10.23,annual
2017-2018,MADAGASCAR,228.11,167.67,395.78,60.44,0.08,0.04,0.05,93,96,100,2016-2017,213.7,119.82,333.51,93.88,6.75,39.94,annual
2017-2018,DJIBOUTI,376.46,5.44,381.91,371.02,0.12,0,0.05,79,165,101,2016-2017,280.41,2.82,283.24,277.59,34.25,92.67,annual
2017-2018,PARAGUAY,168.43,166.9,335.33,1.54,0.06,0.04,0.04,103,97,102,2016-2017,125.03,155.28,280.31,-30.24,34.71,7.48,annual
2017-2018,CONGO P REP,116.69,198.81,315.49,-82.12,0.04,0.04,0.04,118,90,103,2016-2017,135.82,156.52,292.34,-20.69,-14.09,27.02,annual
2017-2018,BULGARIA,173.24,141.94,315.18,31.29,0.06,0.03,0.04,101,101,104,2016-2017,239.53,182.22,421.75,57.31,-27.68,-22.1,annual
2017-2018,GUATEMALA,291.93,15.97,307.9,275.96,0.1,0,0.04,84,148,105,2016-2017,241.23,21.7,262.93,219.53,21.02,-26.39,annual
2017-2018,LEBANON,257.1,38.47,295.57,218.62,0.08,0.01,0.04,91,131,106,2016-2017,210.65,30.21,240.86,180.44,22.05,27.35,annual
2017-2018,LIBERIA,257.46,36.76,294.22,220.7,0.08,0.01,0.04,90,133,107,2016-2017,146.3,7.65,153.96,138.65,75.98,380.23,annual
2017-2018,LITHUANIA,103.84,189.38,293.23,-85.54,0.03,0.04,0.04,122,94,108,2016-2017,95.99,271.16,367.15,-175.17,8.18,-30.16,annual
2017-2018,GIBRALTAR,290.68,0.01,290.69,290.67,0.1,0,0.04,85,209,109,2016-2017,0,0,0,0,,,annual
2017-2018,PANAMA REPUBLIC,227.05,43.32,270.37,183.73,0.07,0.01,0.04,94,127,110,2016-2017,220.21,201.83,422.04,18.38,3.1,-78.54,annual
2017-2018,GUINEA BISSAU,10.68,256.2,266.89,-245.52,0,0.06,0.03,173,85,111,2016-2017,21.66,215.67,237.32,-194.01,-50.68,18.8,annual
2017-2018,BELARUS,47.58,207.81,255.39,-160.23,0.02,0.04,0.03,142,89,112,2016-2017,40.16,170.57,210.73,-130.41,18.47,21.83,annual
2017-2018,SLOVAK REP,152.46,95.2,247.66,57.26,0.05,0.02,0.03,107,108,113,2016-2017,146.15,68.53,214.68,77.62,4.31,38.92,annual
2017-2018,PAPUA N GNA,41.93,196.19,238.11,-154.26,0.01,0.04,0.03,147,91,114,2016-2017,36.28,108.06,144.34,-71.78,15.57,81.56,annual
2017-2018,MALI,123.6,114.14,237.74,9.46,0.04,0.02,0.03,113,103,115,2016-2017,107.7,99.23,206.94,8.47,14.76,15.02,annual
2017-2018,UZBEKISTAN,132.72,101.67,234.39,31.05,0.04,0.02,0.03,111,105,116,2016-2017,108.97,46.54,155.51,62.43,21.79,118.45,annual
2017-2018,ZIMBABWE,163.54,62.2,225.74,101.34,0.05,0.01,0.03,104,117,117,2016-2017,109.08,60.46,169.54,48.63,49.92,2.88,annual
2017-2018,MALDIVES,217,5.68,222.68,211.33,0.07,0,0.03,96,163,118,2016-2017,197.79,9.17,206.97,188.62,9.71,-38.14,annual
2017-2018,LIBYA,121.96,100.64,222.6,21.33,0.04,0.02,0.03,114,106,119,2016-2017,120.05,7.45,127.5,112.6,1.6,1250.73,annual
2017-2018,MALAWI,199.6,16.45,216.05,183.15,0.07,0,0.03,97,147,120,2016-2017,178.42,41.33,219.76,137.09,11.87,-60.2,annual
2017-2018,MALTA,195.86,15.95,211.81,179.92,0.06,0,0.03,99,149,121,2016-2017,137.23,22.37,159.6,114.86,42.73,-28.71,annual
2017-2018,COSTA RICA,133.57,67.28,200.85,66.28,0.04,0.01,0.03,110,115,122,2016-2017,159.31,58.83,218.15,100.48,-16.16,14.36,annual
2017-2018,CROATIA,168.68,32.05,200.73,136.62,0.06,0.01,0.03,102,134,123,2016-2017,124.13,25.36,149.49,98.77,35.88,26.39,annual
2017-2018,LAO PD RP,25,168.63,193.64,-143.63,0.01,0.04,0.03,161,95,124,2016-2017,25.72,207.38,233.1,-181.65,-2.79,-18.68,annual
2017-2018,URUGUAY,159.45,24.98,184.43,134.48,0.05,0.01,0.02,105,140,125,2016-2017,187.8,13.45,201.25,174.35,-15.09,85.67,annual
2017-2018,SYRIA,153.32,25.66,178.98,127.65,0.05,0.01,0.02,106,138,126,2016-2017,121.74,32.25,153.99,89.49,25.94,-20.41,annual
2017-2018,GAMBIA,120.23,58.67,178.9,61.55,0.04,0.01,0.02,116,119,127,2016-2017,62.38,43.2,105.58,19.18,92.74,35.83,annual
2017-2018,CAMBODIA,121.41,55.84,177.24,65.57,0.04,0.01,0.02,115,121,128,2016-2017,105.06,36.1,141.16,68.95,15.56,54.66,annual
2017-2018,CHAD,27.29,149.47,176.75,-122.18,0.01,0.03,0.02,159,100,129,2016-2017,38.52,169.36,207.88,-130.84,-29.16,-11.75,annual
2017-2018,LATVIA,112.22,52.63,164.85,59.59,0.04,0.01,0.02,119,123,130,2016-2017,115.6,39.65,155.25,75.95,-2.92,32.76,annual
2017-2018,HONDURAS,146.17,13.32,159.49,132.85,0.05,0,0.02,109,151,131,2016-2017,134.97,22.16,157.13,112.81,8.3,-39.87,annual
2017-2018,PUERTO RICO,78.05,74.87,152.93,3.18,0.03,0.02,0.02,132,111,132,2016-2017,105.87,49.99,155.86,55.88,-26.27,49.78,annual
2017-2018,ESTONIA,80.33,60.54,140.86,19.79,0.03,0.01,0.02,130,118,133,2016-2017,97.5,102.47,199.96,-4.97,-17.61,-40.92,annual
2017-2018,NIGER,120.21,20.24,140.46,99.97,0.04,0,0.02,117,144,134,2016-2017,81.24,0.03,81.27,81.21,47.97,68909.7,annual
2017-2018,TRINIDAD,88.69,42.48,131.17,46.22,0.03,0.01,0.02,127,128,135,2016-2017,84.53,173.54,258.07,-89.01,4.93,-75.52,annual
2017-2018,LESOTHO,31.59,89.56,121.16,-57.97,0.01,0.02,0.02,154,110,136,2016-2017,33.18,24.91,58.09,8.27,-4.8,259.55,annual
2017-2018,SIERRA LEONE,93.51,24.17,117.67,69.34,0.03,0.01,0.02,125,141,137,2016-2017,93.71,12.23,105.94,81.48,-0.21,97.59,annual
2017-2018,CYPRUS,99.91,13.46,113.37,86.46,0.03,0,0.01,123,150,138,2016-2017,71.77,66.59,138.35,5.18,39.22,-79.79,annual
2017-2018,SURINAME,17.38,92.76,110.14,-75.37,0.01,0.02,0.01,165,109,139,2016-2017,10.5,45.92,56.42,-35.42,65.59,102,annual
2017-2018,NAMIBIA,43.87,62.2,106.06,-18.33,0.01,0.01,0.01,145,116,140,2016-2017,89.88,50.31,140.2,39.57,-51.2,23.62,annual
2017-2018,GEORGIA,77.27,27.04,104.3,50.23,0.03,0.01,0.01,133,136,141,2016-2017,90.93,31.52,122.45,59.41,-15.02,-14.22,annual
2017-2018,HAITI,94.01,8.26,102.27,85.76,0.03,0,0.01,124,158,142,2016-2017,71.44,3.61,75.05,67.82,31.6,128.46,annual
2017-2018,RWANDA,90.6,5.34,95.94,85.26,0.03,0,0.01,126,166,143,2016-2017,88.05,1.18,89.23,86.87,2.9,353.83,annual
2017-2018,NICARAGUA,87.31,4.17,91.48,83.14,0.03,0,0.01,128,168,144,2016-2017,86.33,2.62,88.96,83.71,1.13,58.82,annual
2017-2018,MAURITANIA,83.16,5.45,88.61,77.72,0.03,0,0.01,129,164,145,2016-2017,65.98,10.95,76.93,55.03,26.04,-50.25,annual
2017-2018,SERBIA,59.02,24.12,83.14,34.91,0.02,0.01,0.01,136,142,146,2016-2017,50.07,27.24,77.3,22.83,17.89,-11.45,annual
2017-2018,KOREA DP RP,57.55,25.08,82.63,32.47,0.02,0.01,0.01,137,139,147,2016-2017,44.84,88.59,133.43,-43.75,28.35,-71.69,annual
2017-2018,TURKMENISTAN,54.31,26.15,80.46,28.16,0.02,0.01,0.01,138,137,148,2016-2017,57.6,21.32,78.92,36.28,-5.71,22.66,annual
2017-2018,EL SALVADOR,69.45,9.02,78.46,60.43,0.02,0,0.01,134,154,149,2016-2017,60.45,5.77,66.21,54.68,14.89,56.31,annual
2017-2018,TAJIKISTAN,23.94,50.29,74.24,-26.35,0.01,0.01,0.01,162,124,150,2016-2017,20.44,21.82,42.26,-1.39,17.17,130.45,annual
2017-2018,SOUTH SUDAN,3.54,70.56,74.1,-67.02,0,0.02,0.01,185,113,151,2016-2017,3.24,0.18,3.42,3.07,9.12,39823.21,annual
2017-2018,SOLOMON IS,1.28,67.73,69.01,-66.45,0,0.01,0.01,200,114,152,2016-2017,2.31,53.96,56.27,-51.66,-44.51,25.51,annual
2017-2018,ALBANIA,29.34,38.86,68.21,-9.52,0.01,0.01,0.01,157,130,153,2016-2017,26.45,6.5,32.95,19.95,10.94,498.03,annual
2017-2018,COMOROS,29.62,37.27,66.89,-7.65,0.01,0.01,0.01,156,132,154,2016-2017,20.78,25.65,46.43,-4.87,42.52,45.3,annual
2017-2018,LUXEMBOURG,11.39,53.24,64.63,-41.84,0,0.01,0.01,171,122,155,2016-2017,11.48,46.08,57.56,-34.6,-0.74,15.53,annual
2017-2018,REUNION,46.36,18.05,64.41,28.31,0.02,0,0.01,143,145,156,2016-2017,41.16,13.9,55.07,27.26,12.62,29.82,annual
2017-2018,MACEDONIA,17.38,46.61,63.99,-29.23,0.01,0.01,0.01,164,126,157,2016-2017,14.88,24.13,39.02,-9.25,16.77,93.13,annual
2017-2018,KYRGHYZSTAN,28.59,30.94,59.53,-2.35,0.01,0.01,0.01,158,135,158,2016-2017,30.44,1.48,31.93,28.96,-6.1,1985.12,annual
2017-2018,JAMAICA,52.24,4.35,56.59,47.89,0.02,0,0.01,140,167,159,2016-2017,43.01,1.17,44.18,41.83,21.47,271.24,annual
2017-2018,FIJI IS,54.24,0.49,54.73,53.76,0.02,0,0.01,139,185,160,2016-2017,52.52,0.6,53.12,51.93,3.27,-18.06,annual
2017-2018,BURUNDI,38.09,16.53,54.62,21.56,0.01,0,0.01,150,146,161,2016-2017,35.98,1.6,37.58,34.38,5.86,934.17,annual
2017-2018,MONTENEGRO,51.61,0.01,51.62,51.6,0.02,0,0.01,141,212,162,2016-2017,36.37,0.05,36.42,36.31,41.91,-81.76,annual
2017-2018,BAHAMAS,8.07,40.26,48.34,-32.19,0,0.01,0.01,175,129,163,2016-2017,5.93,258.82,264.76,-252.89,36.07,-84.44,annual
2017-2018,NETHERLANDANTIL,38.59,8.19,46.77,30.4,0.01,0,0.01,149,159,164,2016-2017,38.12,66.7,104.82,-28.58,1.22,-87.73,annual
2017-2018,CUBA,41.8,2.06,43.86,39.75,0.01,0,0.01,148,171,165,2016-2017,41.79,1.31,43.1,40.48,0.04,56.98,annual
2017-2018,SEYCHELLES,42.06,1.37,43.43,40.69,0.01,0,0.01,146,176,166,2016-2017,35.96,0.93,36.88,35.03,16.97,48.05,annual
2017-2018,SWAZILAND,32.71,8.92,41.63,23.79,0.01,0,0.01,153,155,167,2016-2017,39.56,39.24,78.8,0.32,-17.3,-77.27,annual
2017-2018,C AFRI REP,29.92,9.88,39.8,20.04,0.01,0,0.01,155,152,168,2016-2017,10.29,0.38,10.67,9.91,190.8,2509.63,annual
2017-2018,ARMENIA,33.27,0.65,33.91,32.62,0.01,0,0,152,183,169,2016-2017,30.33,1.05,31.38,29.27,9.69,-38.35,annual
2017-2018,GUYANA,26.03,6.59,32.62,19.44,0.01,0,0,160,161,170,2016-2017,20.07,14.48,34.55,5.58,29.73,-54.48,annual
2017-2018,BOSNIA-HRZGOVIN,15.37,8.75,24.12,6.62,0.01,0,0,166,156,171,2016-2017,13.1,3.32,16.43,9.78,17.31,163.28,annual
2017-2018,MONGOLIA,20.49,1.72,22.21,18.77,0.01,0,0,163,173,172,2016-2017,9.78,1.99,11.77,7.78,109.58,-13.62,annual
2017-2018,MACAO,13.89,8.3,22.19,5.59,0,0,0,168,157,173,2016-2017,1.51,7.91,9.42,-6.4,818.56,4.84,annual
2017-2018,NEW CALEDONIA,10.25,9.65,19.9,0.6,0,0,0,174,153,174,2016-2017,8.09,23.98,32.08,-15.89,26.65,-59.75,annual
2017-2018,BELIZE,13.48,1.36,14.84,12.12,0,0,0,169,177,175,2016-2017,15.23,0.52,15.75,14.71,-11.54,161.87,annual
2017-2018,MARSHALL ISLAND,14,0.11,14.11,13.89,0,0,0,167,199,176,2016-2017,0.14,8.71,8.86,-8.57,9663.53,-98.75,annual
2017-2018,ICELAND,5.9,7.4,13.3,-1.5,0,0,0,180,160,177,2016-2017,16.72,4.68,21.4,12.04,-64.73,58.14,annual
2017-2018,BARBADOS,12.74,0.2,12.94,12.54,0,0,0,170,196,178,2016-2017,12.35,0.18,12.53,12.17,3.16,10.27,annual
2017-2018,CAYMAN IS,4.02,6.45,10.48,-2.43,0,0,0,184,162,179,2016-2017,4.74,0.02,4.76,4.72,-15.15,33685.26,annual
2017-2018,ERITREA,7.43,1.96,9.39,5.47,0,0,0,176,172,180,2016-2017,3.22,36.41,39.63,-33.19,130.71,-94.62,annual
2017-2018,MOLDOVA,7.14,1.57,8.71,5.57,0,0,0,177,175,181,2016-2017,6.71,11.73,18.45,-5.02,6.41,-86.62,annual
2017-2018,ARUBA,6.44,0.4,6.84,6.04,0,0,0,178,187,182,2016-2017,7.91,4.27,12.18,3.64,-18.58,-90.61,annual
2017-2018,FR POLYNESIA,6.36,0.07,6.43,6.28,0,0,0,179,201,183,2016-2017,4.13,0.01,4.14,4.12,53.8,519.81,annual
2017-2018,GUADELOUPE,5.35,0.01,5.35,5.34,0,0,0,181,211,184,2016-2017,4.39,0,4.39,4.39,21.73,,annual
2017-2018,ANDORRA,4.75,0,4.75,4.75,0,0,0,182,215,185,2016-2017,0.14,0.09,0.23,0.06,3173.81,,annual
2017-2018,LIECHTENSTEIN,2.8,1.6,4.39,1.2,0,0,0,190,174,186,2016-2017,0.73,0.86,1.59,-0.12,280.51,86.44,annual
2017-2018,ST LUCIA,4.06,0.32,4.38,3.74,0,0,0,183,188,187,2016-2017,4.32,0.24,4.56,4.09,-6.19,33.56,annual
2017-2018,CAPE VERDE IS,1.48,2.82,4.3,-1.34,0,0,0,198,170,188,2016-2017,1.25,1.9,3.15,-0.65,18.27,48.01,annual
2017-2018,TIMOR LESTE,3.32,0.1,3.41,3.22,0,0,0,186,200,189,2016-2017,2.31,0.17,2.48,2.13,43.83,-45.03,annual
2017-2018,VIRGIN IS US,2.88,0.28,3.16,2.6,0,0,0,188,191,190,2016-2017,5.33,4.53,9.86,0.8,-45.99,-93.76,annual
2017-2018,BERMUDA,3.12,0,3.12,3.11,0,0,0,187,216,191,2016-2017,4.2,0.02,4.21,4.18,-25.68,-73.6,annual
2017-2018,FR GUIANA,2.18,0.85,3.03,1.33,0,0,0,194,180,192,2016-2017,1.47,1.45,2.92,0.02,48.34,-41.48,annual
2017-2018,MONACO,1.94,1.07,3.01,0.88,0,0,0,197,178,193,2016-2017,1.53,1.11,2.65,0.42,26.81,-4.26,annual
2017-2018,GRENADA,2.64,0.27,2.9,2.37,0,0,0,191,192,194,2016-2017,3.02,0.06,3.09,2.96,-12.78,316.12,annual
2017-2018,ST KITT N A,2.87,0,2.87,2.87,0,0,0,189,226,195,2016-2017,3.09,0.01,3.1,3.09,-7.1,-93.59,annual
2017-2018,SAMOA,2.4,0.26,2.65,2.14,0,0,0,192,193,196,2016-2017,1.77,6.3,8.07,-4.52,35.33,-95.94,annual
2017-2018,DOMINICA,2.1,0.28,2.38,1.83,0,0,0,196,190,197,2016-2017,2.46,0.77,3.23,1.68,-14.35,-64.32,annual
2017-2018,VANUATU REP,2.27,0,2.27,2.27,0,0,0,193,231,198,2016-2017,2.08,0,2.08,2.08,9.38,,annual
2017-2018,ANTIGUA,2.17,0.02,2.19,2.14,0,0,0,195,205,199,2016-2017,1.97,0,1.98,1.97,9.72,1582.53,annual
2017-2018,BR VIRGN IS,0.76,0.88,1.64,-0.12,0,0,0,204,179,200,2016-2017,0.41,6.72,7.14,-6.31,84.48,-86.87,annual
2017-2018,NAURU RP,1.36,0.01,1.37,1.35,0,0,0,199,213,201,2016-2017,2.53,0.04,2.56,2.49,-46.17,-64.19,annual
2017-2018,US MINOR OUTLYING ISLANDS,0.52,0.74,1.27,-0.22,0,0,0,205,182,202,2016-2017,1.08,0.56,1.64,0.52,-51.66,33.2,annual
2017-2018,TONGA,1.26,0,1.26,1.26,0,0,0,201,228,203,2016-2017,1.21,0.05,1.26,1.16,4.25,,annual
2017-2018,TURKS C IS,1.15,0.02,1.17,1.12,0,0,0,202,206,204,2016-2017,0.78,0.03,0.82,0.75,46.35,-23.78,annual
2017-2018,SAO TOME,0.89,0,0.89,0.89,0,0,0,203,225,205,2016-2017,0.92,0.02,0.95,0.9,-3.77,,annual
2017-2018,PALAU,0.07,0.78,0.85,-0.72,0,0,0,215,181,206,2016-2017,0.04,0,0.04,0.03,80.41,21251.82,annual
2017-2018,NORFOLK IS,0.38,0.46,0.84,-0.08,0,0,0,207,186,207,2016-2017,0.28,0.01,0.3,0.27,34.23,4036.3,annual
2017-2018,SAN MARINO,0.14,0.64,0.78,-0.5,0,0,0,211,184,208,2016-2017,0.23,0.39,0.61,-0.16,-39.15,66.52,annual
2017-2018,ANGUILLA,0.5,0.18,0.69,0.32,0,0,0,206,197,209,2016-2017,0.04,0,0.04,0.04,1097.1,15914.81,annual
2017-2018,AMERI SAMOA,0.31,0.3,0.61,0.01,0,0,0,208,189,210,2016-2017,0.08,0.14,0.22,-0.06,303.75,118.89,annual
2017-2018,FAROE IS.,0.3,0.01,0.31,0.29,0,0,0,209,208,211,2016-2017,0.59,0.01,0.59,0.58,-48.81,-21.47,annual
2017-2018,GUERNSEY,0.03,0.23,0.27,-0.2,0,0,0,220,194,212,2016-2017,0,0,0,0,,,annual
2017-2018,PITCAIRN IS.,0.01,0.22,0.23,-0.22,0,0,0,224,195,213,2016-2017,0.05,0,0.06,0.05,-88.94,7776.68,annual
2017-2018,N. MARIANA IS.,0.04,0.17,0.21,-0.13,0,0,0,219,198,214,2016-2017,0.01,0.03,0.04,-0.02,208.05,488.19,annual
2017-2018,COOK IS,0.18,0.01,0.19,0.17,0,0,0,210,207,215,2016-2017,0,0,0,0,,,annual
2017-2018,ANTARTICA,0.1,0.05,0.15,0.05,0,0,0,213,202,216,2016-2017,0,0.5,0.5,-0.5,,-90.02,annual
2017-2018,VATICAN CITY,0.11,0,0.11,0.11,0,0,0,212,232,217,2016-2017,0.04,0.02,0.06,0.02,184.7,,annual
2017-2018,MAYOTTE,0.07,0,0.08,0.07,0,0,0,214,221,218,2016-2017,0,0,0,0,,,annual
2017-2018,TUVALU,0.06,0,0.06,0.06,0,0,0,216,229,219,2016-2017,0.08,0.13,0.21,-0.04,-24.23,-99.05,annual
2017-2018,WALLIS F IS,0.05,0.01,0.06,0.04,0,0,0,217,214,220,2016-2017,0.01,0,0.01,0.01,847.07,,annual
2017-2018,TOKELAU IS,0,0.05,0.05,-0.05,0,0,0,231,203,221,2016-2017,0.03,0.01,0.05,0.02,,413.64,annual
2017-2018,HEARD MACDONALD,0.04,0,0.04,0.04,0,0,0,218,220,222,2016-2017,0,0,0,0,,,annual
2017-2018,ST HELENA,0.01,0.03,0.04,-0.02,0,0,0,225,204,223,2016-2017,0.02,0,0.02,0.02,-73.1,1783.89,annual
2017-2018,GREENLAND,0.01,0.01,0.02,0,0,0,0,222,210,224,2016-2017,0,0.1,0.1,-0.1,23435.73,-89.4,annual
2017-2018,MONTSERRAT,0.02,0,0.02,0.02,0,0,0,221,222,225,2016-2017,0.62,0,0.62,0.62,-96.3,,annual
2017-2018,PANAMA C Z,0.01,0,0.01,0.01,0,0,0,223,224,226,2016-2017,0.01,0.45,0.46,-0.44,-7.27,,annual
2017-2018,COCOS IS,0,0,0,0,0,0,0,226,217,227,2016-2017,0,0,0,0,,,annual
2017-2018,FALKLAND IS,0,0,0,0,0,0,0,227,218,228,2016-2017,0,0,0,0,,,annual
2017-2018,FR S ANT TR,0,0,0,0,0,0,0,228,219,229,2016-2017,0,0,0,0,,,annual
2017-2018,NIUE IS,0,0,0,0,0,0,0,229,223,230,2016-2017,0,0,0,0,,,annual
2017-2018,ST VINCENT,0,0,0,0,0,0,0,230,227,231,2016-2017,0.78,0,0.78,0.78,,,annual
2017-2018,UNION OF SERBIA & MONTENEGRO,0,0,0,0,0,0,0,232,230,232,2016-2017,0.15,0,0.15,0.15,,,annual
2018-2019,U S A,52427.52,35550.25,87977.77,16877.27,15.88,6.92,10.42,1,2,1,2017-2018,47882.34,26611.03,74493.37,21271.31,9.49,33.59,annual
2018-2019,CHINA P RP,16752.8,70319.64,87072.43,-53566.84,5.08,13.68,10.31,3,1,2,2017-2018,13334.42,76380.7,89715.11,-63046.28,25.64,-7.94,annual
2018-2019,U ARAB EMTS,30126.98,29787.24,59914.22,339.75,9.13,5.79,7.1,2,3,3,2017-2018,28146.12,21739.11,49885.23,6407.01,7.04,37.02,annual
2018-2019,SAUDI ARAB,5561.73,28479.21,34040.93,-22917.48,1.68,5.54,4.03,15,4,4,2017-2018,5410.7,22069.96,27480.66,-16659.26,2.79,29.04,annual
2018-2019,HONG KONG,13001.99,17987.01,30988.99,-4985.02,3.94,3.5,3.67,4,7,5,2017-2018,14690.27,10675.98,25366.25,4014.29,-11.49,68.48,annual
2018-2019,SINGAPORE,11572.37,16281.64,27854.01,-4709.28,3.51,3.17,3.3,5,9,6,2017-2018,10202.94,7466.99,17669.93,2735.94,13.42,118.05,annual
2018-2019,IRAQ,1788.66,22372.47,24161.14,-20583.81,0.54,4.35,2.86,39,5,7,2017-2018,1462.23,17615.81,19078.04,-16153.58,22.32,27,annual
2018-2019,GERMANY,8904.39,15166.64,24071.03,-6262.25,2.7,2.95,2.85,8,11,8,2017-2018,8689.24,13295.71,21984.95,-4606.47,2.48,14.07,annual
2018-2019,KOREA RP,4705.44,16758.97,21464.41,-12053.53,1.43,3.26,2.54,21,8,9,2017-2018,4462.14,16361.77,20823.92,-11899.63,5.45,2.43,annual
2018-2019,INDONESIA,5278.48,15854.27,21132.74,-10575.79,1.6,3.08,2.5,17,10,10,2017-2018,3965.56,16438.8,20404.36,-12473.24,33.11,-3.56,annual
2018-2019,SWITZERLAND,1186.71,18087.58,19274.29,-16900.88,0.36,3.52,2.28,46,6,11,2017-2018,1083.86,18923.05,20006.91,-17839.19,9.49,-4.42,annual
2018-2019,JAPAN,4862.01,12772.67,17634.68,-7910.65,1.47,2.48,2.09,19,14,12,2017-2018,4734.75,10973.35,15708.1,-6238.6,2.69,16.4,annual
2018-2019,MALAYSIA,6436.32,10818.6,17254.92,-4382.28,1.95,2.1,2.04,13,16,13,2017-2018,5701.59,9011.58,14713.17,-3310,12.89,20.05,annual
2018-2019,BELGIUM,6729.97,10469.22,17199.2,-3739.25,2.04,2.04,2.04,11,18,14,2017-2018,6206.92,5993.41,12200.34,213.51,8.43,74.68,annual
2018-2019,IRAN,3511.04,13525.64,17036.68,-10014.6,1.06,2.63,2.02,29,12,15,2017-2018,2652.39,11111.52,13763.91,-8459.14,32.37,21.73,annual
2018-2019,U K,9330.4,7561.93,16892.34,1768.47,2.83,1.47,2,6,19,16,2017-2018,9712.79,4806.75,14519.54,4906.03,-3.94,57.32,annual
2018-2019,AUSTRALIA,3522.49,13131.21,16653.7,-9608.72,1.07,2.55,1.97,28,13,17,2017-2018,4012.32,13993.75,18006.07,-9981.42,-12.21,-6.16,annual
2018-2019,NIGERIA,3005.21,10884.71,13889.92,-7879.5,0.91,2.12,1.65,30,15,18,2017-2018,2254.92,9501.33,11756.26,-7246.41,33.27,14.56,annual
2018-2019,VIETNAM SOC REP,6507.45,7192.23,13699.68,-684.78,1.97,1.4,1.62,12,23,19,2017-2018,7813.08,5018.55,12831.64,2794.53,-16.71,43.31,annual
2018-2019,NETHERLAND,8814.33,4063.39,12877.72,4750.94,2.67,0.79,1.53,9,31,20,2017-2018,6263.27,2512.63,8775.89,3750.64,40.73,61.72,annual
2018-2019,QATAR,1611.16,10721.7,12332.86,-9110.54,0.49,2.09,1.46,42,17,21,2017-2018,1471.88,8409.02,9880.9,-6937.14,9.46,27.5,annual
2018-2019,FRANCE,5235.39,6665.67,11901.06,-1430.29,1.59,1.3,1.41,18,24,22,2017-2018,4901.58,6524.16,11425.74,-1622.57,6.81,2.17,annual
2018-2019,THAILAND,4441.4,7441.81,11883.21,-3000.42,1.35,1.45,1.41,22,20,23,2017-2018,3653.83,7134.46,10788.29,-3480.62,21.55,4.31,annual
2018-2019,ITALY,5594.06,5292.39,10886.45,301.67,1.69,1.03,1.29,14,28,24,2017-2018,5710.26,4706.89,10417.14,1003.37,-2.03,12.44,annual
2018-2019,SOUTH AFRICA,4067.21,6517.33,10584.54,-2450.13,1.23,1.27,1.25,24,25,25,2017-2018,3825.22,6834.7,10659.92,-3009.48,6.33,-4.64,annual
2018-2019,BANGLADESH PR,9210.32,1044.8,10255.12,8165.52,2.79,0.2,1.21,7,52,26,2017-2018,8614.52,685.65,9300.17,7928.87,6.92,52.38,annual
2018-2019,MEXICO,3841.57,5577.03,9418.59,-1735.46,1.16,1.08,1.12,25,27,27,2017-2018,3782.79,3930.26,7713.05,-147.47,1.55,41.9,annual
2018-2019,KUWAIT,1333.92,7430.82,8764.74,-6096.9,0.4,1.45,1.04,44,21,28,2017-2018,1365.66,7165.69,8531.34,-5800.03,-2.32,3.7,annual
2018-2019,NEPAL,7766.2,508.14,8274.34,7258.06,2.35,0.1,0.98,10,72,29,2017-2018,6612.96,438.38,7051.34,6174.57,17.44,15.91,annual
2018-2019,RUSSIA,2389.62,5840.44,8230.06,-3450.82,0.72,1.14,0.97,35,26,30,2017-2018,2113.4,8573.46,10686.86,-6460.07,13.07,-31.88,annual
2018-2019,BRAZIL,3800.5,4406.43,8206.93,-605.93,1.15,0.86,0.97,26,30,31,2017-2018,3063.49,5498.22,8561.71,-2434.73,24.06,-19.86,annual
2018-2019,TURKEY,5452.45,2388.26,7840.71,3064.19,1.65,0.46,0.93,16,37,32,2017-2018,5090.7,2132.2,7222.9,2958.5,7.11,12.01,annual
2018-2019,VENEZUELA,164.77,7258.95,7423.72,-7094.18,0.05,1.41,0.88,109,22,33,2017-2018,79.21,5866.37,5945.58,-5787.16,108.03,23.74,annual
2018-2019,TAIWAN,2607.58,4577.25,7184.82,-1969.67,0.79,0.89,0.85,34,29,34,2017-2018,2157.29,3926.25,6083.53,-1768.96,20.87,16.58,annual
2018-2019,CANADA,2851.45,3515.41,6366.86,-663.96,0.86,0.68,0.75,32,34,35,2017-2018,2506.19,4728.51,7234.71,-2222.32,13.78,-25.66,annual
2018-2019,SRI LANKA DSR,4710.21,1488.67,6198.88,3221.54,1.43,0.29,0.73,20,44,36,2017-2018,4476.46,772.63,5249.09,3703.83,5.22,92.68,annual
2018-2019,SPAIN,4182.74,1680.5,5863.24,2502.25,1.27,0.33,0.69,23,42,37,2017-2018,3996.15,1663.37,5659.52,2332.78,4.67,1.03,annual
2018-2019,ISRAEL,3717.98,1931.58,5649.57,1786.4,1.13,0.38,0.67,27,40,38,2017-2018,3364.06,2066.51,5430.57,1297.55,10.52,-6.53,annual
2018-2019,OMAN,2246.31,2759,5005.3,-512.69,0.68,0.54,0.59,36,35,39,2017-2018,2439.46,4264.29,6703.76,-1824.83,-7.92,-35.3,annual
2018-2019,EGYPT A RP,2886.55,1677.82,4564.37,1208.72,0.87,0.33,0.54,31,43,40,2017-2018,2392.42,1292.93,3685.36,1099.49,20.65,29.77,annual
2018-2019,GHANA,717.33,3763.41,4480.74,-3046.08,0.22,0.73,0.53,61,33,41,2017-2018,635.78,2710.05,3345.84,-2074.27,12.83,38.87,annual
2018-2019,ANGOLA,282.36,4027.49,4309.86,-3745.13,0.09,0.78,0.51,90,32,42,2017-2018,234.92,4323.85,4558.77,-4088.93,20.2,-6.85,annual
2018-2019,PERU,721.07,2405.4,3126.46,-1684.33,0.22,0.47,0.37,60,36,43,2017-2018,760.68,2376.86,3137.54,-1616.18,-5.21,1.2,annual
2018-2019,UNSPECIFIED,2846.08,63,2909.08,2783.09,0.86,0.01,0.34,33,112,44,2017-2018,2388.42,9194.62,11583.04,-6806.2,19.16,-99.31,annual
2018-2019,UKRAINE,390.8,2341.03,2731.82,-1950.23,0.12,0.46,0.32,81,38,45,2017-2018,330.1,2355.97,2686.07,-2025.87,18.39,-0.63,annual
2018-2019,ALGERIA,940.27,1696.96,2637.22,-756.69,0.28,0.33,0.31,51,41,46,2017-2018,823.23,1260.98,2084.2,-437.75,14.22,34.57,annual
2018-2019,TANZANIA REP,1704.04,903.47,2607.51,800.58,0.52,0.18,0.31,41,54,47,2017-2018,1618.8,1029.71,2648.51,589.08,5.27,-12.26,annual
2018-2019,PAKISTAN IR,2066.63,494.87,2561.5,1571.76,0.63,0.1,0.3,38,73,48,2017-2018,1924.31,488.56,2412.87,1435.75,7.4,1.29,annual
2018-2019,ARGENTINA,562.94,1954.99,2517.93,-1392.05,0.17,0.38,0.3,70,39,49,2017-2018,708.76,2229.2,2937.96,-1520.44,-20.57,-12.3,annual
2018-2019,POLAND,1572.8,793.39,2366.19,779.41,0.48,0.15,0.28,43,57,50,2017-2018,1541.36,766.99,2308.35,774.37,2.04,3.44,annual
2018-2019,PHILIPPINES,1743.64,581.1,2324.74,1162.53,0.53,0.11,0.28,40,66,51,2017-2018,1692.83,764.36,2457.2,928.47,3,-23.98,annual
2018-2019,CHILE,989.83,1237.55,2227.38,-247.72,0.3,0.24,0.26,50,47,52,2017-2018,763.56,2092.15,2855.71,-1328.59,29.63,-40.85,annual
2018-2019,KENYA,2071.85,137.12,2208.97,1934.73,0.63,0.03,0.26,37,101,53,2017-2018,1974.57,72.57,2047.14,1902,4.93,88.96,annual
2018-2019,COLOMBIA,1116.86,1054.98,2171.83,61.88,0.34,0.21,0.26,48,51,54,2017-2018,939.16,592.8,1531.95,346.36,18.92,77.97,annual
2018-2019,MOZAMBIQUE,1073.31,1097.43,2170.74,-24.12,0.33,0.21,0.26,49,50,55,2017-2018,900.58,931.75,1832.34,-31.17,19.18,17.78,annual
2018-2019,SWEDEN,792.23,1326.85,2119.08,-534.62,0.24,0.26,0.25,53,45,56,2017-2018,771.51,1464.47,2235.98,-692.96,2.69,-9.4,annual
2018-2019,MOROCCO,680.06,1326.69,2006.76,-646.63,0.21,0.26,0.24,64,46,57,2017-2018,432.32,779.63,1211.95,-347.3,57.3,70.17,annual
2018-2019,MYANMAR,1205.6,521.49,1727.1,684.11,0.37,0.1,0.2,45,70,58,2017-2018,966.19,639.64,1605.84,326.55,24.78,-18.47,annual
2018-2019,JORDAN,578.82,1116.25,1695.06,-537.43,0.18,0.22,0.2,68,49,59,2017-2018,540.82,984.98,1525.8,-444.16,7.03,13.33,annual
2018-2019,SUDAN,920.89,742.63,1663.52,178.25,0.28,0.14,0.2,52,58,60,2017-2018,822.72,452.07,1274.78,370.65,11.93,64.28,annual
2018-2019,FINLAND,256.42,1124.08,1380.5,-867.66,0.08,0.22,0.16,92,48,61,2017-2018,282.84,1401.33,1684.17,-1118.49,-9.34,-19.78,annual
2018-2019,SENEGAL,639.24,658.99,1298.23,-19.75,0.19,0.13,0.15,66,61,62,2017-2018,724.11,564.94,1289.05,159.17,-11.72,16.65,annual
2018-2019,DENMARK,746.65,537.3,1283.94,209.35,0.23,0.1,0.15,56,69,63,2017-2018,784.21,564.55,1348.77,219.66,-4.79,-4.83,annual
2018-2019,BAHARAIN IS,742.14,539.63,1281.77,202.51,0.22,0.1,0.15,58,68,64,2017-2018,556.82,431.12,987.94,125.7,33.28,25.17,annual
2018-2019,MAURITIUS,1160.78,78.64,1239.42,1082.13,0.35,0.02,0.15,47,111,65,2017-2018,1077.15,20.69,1097.84,1056.45,7.76,280.05,annual
2018-2019,AUSTRIA,483.16,716.43,1199.59,-233.27,0.15,0.14,0.14,74,59,66,2017-2018,460.08,973.33,1433.41,-513.24,5.02,-26.39,annual
2018-2019,BOTSWANA,178.31,974.48,1152.79,-796.16,0.05,0.19,0.14,106,53,67,2017-2018,108.58,1638.29,1746.87,-1529.71,64.22,-40.52,annual
2018-2019,AFGHANISTAN,715.44,435.44,1150.89,280,0.22,0.08,0.14,62,76,68,2017-2018,709.75,433.78,1143.53,275.97,0.8,0.38,annual
2018-2019,BURKINA FASO,181.44,881.27,1062.71,-699.83,0.05,0.17,0.13,103,55,69,2017-2018,148.35,632.57,780.92,-484.22,22.3,39.32,annual
2018-2019,COTE D' IVOIRE,448.85,603.05,1051.9,-154.2,0.14,0.12,0.12,76,64,70,2017-2018,511.75,441.7,953.45,70.05,-12.29,36.53,annual
2018-2019,BHUTAN,657.33,370.96,1028.29,286.37,0.2,0.07,0.12,65,82,71,2017-2018,546.12,377.99,924.11,168.13,20.36,-1.86,annual
2018-2019,NEW ZEALAND,379.88,630.78,1010.65,-250.9,0.12,0.12,0.12,82,63,72,2017-2018,352.86,643.71,996.57,-290.85,7.66,-2.01,annual
2018-2019,TOGO,694.09,303.93,998.02,390.16,0.21,0.06,0.12,63,86,73,2017-2018,408.68,163.8,572.48,244.88,69.84,85.54,annual
2018-2019,BOLIVIA,104.71,852.21,956.92,-747.5,0.03,0.17,0.11,127,56,74,2017-2018,105.19,667.25,772.44,-562.06,-0.45,27.72,annual
2018-2019,IRELAND,530.82,422.52,953.34,108.31,0.16,0.08,0.11,72,77,75,2017-2018,536.4,795.01,1331.42,-258.61,-1.04,-46.85,annual
2018-2019,PORTUGAL,743.27,132.83,876.09,610.44,0.23,0.03,0.1,57,102,76,2017-2018,747.32,190.15,937.47,557.18,-0.54,-30.15,annual
2018-2019,KAZAKHSTAN,143.13,708.78,851.91,-565.65,0.04,0.14,0.1,117,60,77,2017-2018,125.37,907.43,1032.81,-782.06,14.16,-21.89,annual
2018-2019,ZAMBIA,319.05,510.5,829.56,-191.45,0.1,0.1,0.1,83,71,78,2017-2018,294.29,1094.98,1389.27,-800.69,8.42,-53.38,annual
2018-2019,ETHIOPIA,766.03,55.01,821.04,711.02,0.23,0.01,0.1,55,115,79,2017-2018,683.88,47.45,731.33,636.43,12.01,15.93,annual
2018-2019,GUINEA,404.84,414.26,819.11,-9.42,0.12,0.08,0.1,80,78,80,2017-2018,377.94,514.63,892.57,-136.69,7.12,-19.5,annual
2018-2019,DJIBOUTI,790.66,15.82,806.49,774.84,0.24,0,0.1,54,145,81,2017-2018,376.46,5.44,381.91,371.02,110.02,190.74,annual
2018-2019,BENIN,426.9,375.81,802.71,51.1,0.13,0.07,0.1,79,81,82,2017-2018,479.72,223.02,702.74,256.71,-11.01,68.51,annual
2018-2019,DOMINIC REP,215.81,566.57,782.38,-350.76,0.07,0.11,0.09,96,67,83,2017-2018,196.92,645.81,842.73,-448.9,9.6,-12.27,annual
2018-2019,YEMEN REPUBLC,741.32,11.77,753.09,729.55,0.22,0,0.09,59,148,84,2017-2018,563.46,153.05,716.52,410.41,31.56,-92.31,annual
2018-2019,ROMANIA,430.3,315.29,745.59,115.01,0.13,0.06,0.09,77,85,85,2017-2018,398.92,411.72,810.65,-12.8,7.87,-23.42,annual
2018-2019,HUNGARY,458.1,241.15,699.24,216.95,0.14,0.05,0.08,75,90,86,2017-2018,402.69,270.84,673.53,131.86,13.76,-10.96,annual
2018-2019,CZECH REPUBLIC,429.13,258.84,687.97,170.29,0.13,0.05,0.08,78,88,87,2017-2018,405.37,669.54,1074.91,-264.17,5.86,-61.34,annual
2018-2019,NORWAY,313.05,366.47,679.53,-53.42,0.09,0.07,0.08,85,83,88,2017-2018,359.98,842.08,1202.06,-482.09,-13.04,-56.48,annual
2018-2019,GREECE,503.37,144.02,647.4,359.35,0.15,0.03,0.08,73,98,89,2017-2018,433.88,96.11,529.98,337.77,16.02,49.86,annual
2018-2019,BRUNEI,56.19,591.1,647.29,-534.91,0.02,0.11,0.08,138,65,90,2017-2018,63.19,434.83,498.01,-371.64,-11.07,35.94,annual
2018-2019,EQUTL GUINEA,11.89,634.12,646.01,-622.24,0,0.12,0.08,172,62,91,2017-2018,10.77,755.64,766.41,-744.87,10.4,-16.08,annual
2018-2019,UGANDA,580.08,23.06,603.14,557.02,0.18,0,0.07,67,129,92,2017-2018,532.26,56.21,588.47,476.05,8.98,-58.97,annual
2018-2019,GIBRALTAR,575.13,0.03,575.16,575.09,0.17,0,0.07,69,211,93,2017-2018,290.68,0.01,290.69,290.67,97.86,450.31,annual
2018-2019,SLOVENIA,316.82,248.62,565.44,68.21,0.1,0.05,0.07,84,89,94,2017-2018,286.99,112.08,399.07,174.91,10.4,121.82,annual
2018-2019,SOMALIA,537.25,18.33,555.58,518.92,0.16,0,0.07,71,138,95,2017-2018,455.52,3.55,459.07,451.97,17.94,416.81,annual
2018-2019,CONGO P REP,132.88,405.65,538.53,-272.77,0.04,0.08,0.06,120,79,96,2017-2018,116.69,198.81,315.49,-82.12,13.88,104.04,annual
2018-2019,CAMEROON,178.25,343.2,521.46,-164.95,0.05,0.07,0.06,107,84,97,2017-2018,193.94,212.82,406.76,-18.87,-8.09,61.27,annual
2018-2019,ECUADOR,297.96,219.25,517.22,78.71,0.09,0.04,0.06,89,92,98,2017-2018,279.8,193.97,473.78,85.83,6.49,13.03,annual
2018-2019,CHAD,37.46,476.13,513.59,-438.67,0.01,0.09,0.06,151,74,99,2017-2018,27.29,149.47,176.75,-122.18,37.3,218.55,annual
2018-2019,GABON,55.17,456.01,511.17,-400.84,0.02,0.09,0.06,141,75,100,2017-2018,45.08,395.39,440.46,-350.31,22.39,15.33,annual
2018-2019,MADAGASCAR,196.48,296.52,493,-100.04,0.06,0.06,0.06,100,87,101,2017-2018,228.11,167.67,395.78,60.44,-13.87,76.85,annual
2018-2019,CYPRUS,70.65,393.78,464.43,-323.13,0.02,0.08,0.06,135,80,102,2017-2018,99.91,13.46,113.37,86.46,-29.29,2826.56,annual
2018-2019,TUNISIA,304.21,137.87,442.08,166.34,0.09,0.03,0.05,87,100,103,2017-2018,281.77,140.25,422.02,141.52,7.96,-1.7,annual
2018-2019,LITHUANIA,127.38,212.13,339.51,-84.76,0.04,0.04,0.04,122,93,104,2017-2018,103.84,189.38,293.23,-85.54,22.66,12.01,annual
2018-2019,BULGARIA,212.43,125.66,338.09,86.77,0.06,0.02,0.04,97,105,105,2017-2018,173.24,141.94,315.18,31.29,22.62,-11.47,annual
2018-2019,UZBEKISTAN,201.41,126.73,328.14,74.68,0.06,0.02,0.04,99,104,106,2017-2018,132.72,101.67,234.39,31.05,51.76,24.65,annual
2018-2019,CONGO D. REP.,302.94,19.01,321.96,283.93,0.09,0,0.04,88,137,107,2017-2018,225.07,225.42,450.5,-0.35,34.6,-91.57,annual
2018-2019,GUATEMALA,305.37,16.27,321.64,289.09,0.09,0,0.04,86,143,108,2017-2018,291.93,15.97,307.9,275.96,4.6,1.9,annual
2018-2019,LIBERIA,178.81,141.21,320.02,37.6,0.05,0.03,0.04,105,99,109,2017-2018,257.46,36.76,294.22,220.7,-30.55,284.14,annual
2018-2019,LEBANON,268.67,43.94,312.6,224.73,0.08,0.01,0.04,91,119,110,2017-2018,257.1,38.47,295.57,218.62,4.5,14.2,annual
2018-2019,LIBYA,156.76,146.16,302.92,10.61,0.05,0.03,0.04,111,97,111,2017-2018,121.96,100.64,222.6,21.33,28.53,45.23,annual
2018-2019,BELARUS,55.71,227.19,282.91,-171.48,0.02,0.04,0.03,139,91,112,2017-2018,47.58,207.81,255.39,-160.23,17.09,9.33,annual
2018-2019,TRINIDAD,83.75,195.37,279.13,-111.62,0.03,0.04,0.03,130,94,113,2017-2018,88.69,42.48,131.17,46.22,-5.57,359.93,annual
2018-2019,LATVIA,115.52,158.44,273.97,-42.92,0.03,0.03,0.03,124,95,114,2017-2018,112.22,52.63,164.85,59.59,2.94,201.04,annual
2018-2019,MALTA,229.52,43.76,273.28,185.76,0.07,0.01,0.03,93,120,115,2017-2018,195.86,15.95,211.81,179.92,17.18,174.43,annual
2018-2019,PANAMA REPUBLIC,227.26,38.88,266.13,188.38,0.07,0.01,0.03,94,126,116,2017-2018,227.05,43.32,270.37,183.73,0.09,-10.26,annual
2018-2019,MALDIVES,223.02,20.41,243.43,202.61,0.07,0,0.03,95,136,117,2017-2018,217,5.68,222.68,211.33,2.77,259.57,annual
2018-2019,CAMBODIA,195.98,42.63,238.61,153.35,0.06,0.01,0.03,101,122,118,2017-2018,121.41,55.84,177.24,65.57,61.42,-23.65,annual
2018-2019,MALAWI,201.55,22.8,224.35,178.75,0.06,0,0.03,98,130,119,2017-2018,199.6,16.45,216.05,183.15,0.98,38.61,annual
2018-2019,URUGUAY,180.99,42.96,223.95,138.03,0.05,0.01,0.03,104,121,120,2017-2018,159.45,24.98,184.43,134.48,13.51,72,annual
2018-2019,SLOVAK REP,145.96,57.42,203.38,88.54,0.04,0.01,0.02,115,114,121,2017-2018,152.46,95.2,247.66,57.26,-4.26,-39.69,annual
2018-2019,GAMBIA,156.61,45.05,201.66,111.56,0.05,0.01,0.02,112,118,122,2017-2018,120.23,58.67,178.9,61.55,30.26,-23.22,annual
2018-2019,CROATIA,153.79,38.92,192.71,114.87,0.05,0.01,0.02,114,125,123,2017-2018,168.68,32.05,200.73,136.62,-8.82,21.43,annual
2018-2019,AZERBAIJAN,43.46,147.87,191.34,-104.41,0.01,0.03,0.02,147,96,124,2017-2018,33.68,592.61,626.29,-558.93,29.05,-75.05,annual
2018-2019,ZIMBABWE,181.72,7.79,189.51,173.93,0.06,0,0.02,102,153,125,2017-2018,163.54,62.2,225.74,101.34,11.12,-87.47,annual
2018-2019,COSTA RICA,136.15,50.56,186.71,85.6,0.04,0.01,0.02,119,117,126,2017-2018,133.57,67.28,200.85,66.28,1.94,-24.86,annual
2018-2019,HONDURAS,166.72,18.25,184.97,148.47,0.05,0,0.02,108,140,127,2017-2018,146.17,13.32,159.49,132.85,14.06,36.96,annual
2018-2019,PARAGUAY,160.71,20.97,181.68,139.73,0.05,0,0.02,110,134,128,2017-2018,168.43,166.9,335.33,1.54,-4.59,-87.43,annual
2018-2019,PUERTO RICO,138.42,39.05,177.47,99.38,0.04,0.01,0.02,118,124,129,2017-2018,78.05,74.87,152.93,3.18,77.35,-47.85,annual
2018-2019,ESTONIA,64.32,108.21,172.53,-43.89,0.02,0.02,0.02,136,107,130,2017-2018,80.33,60.54,140.86,19.79,-19.93,78.75,annual
2018-2019,SYRIA,154.59,14.17,168.76,140.42,0.05,0,0.02,113,146,131,2017-2018,153.32,25.66,178.98,127.65,0.83,-44.78,annual
2018-2019,LUXEMBOURG,30.07,131.9,161.98,-101.83,0.01,0.03,0.02,157,103,132,2017-2018,11.39,53.24,64.63,-41.84,163.98,147.77,annual
2018-2019,RWANDA,144.9,6.68,151.58,138.22,0.04,0,0.02,116,155,133,2017-2018,90.6,5.34,95.94,85.26,59.94,25.03,annual
2018-2019,MALI,130.69,18.31,148.99,112.38,0.04,0,0.02,121,139,134,2017-2018,123.6,114.14,237.74,9.46,5.73,-83.96,annual
2018-2019,PAPUA N GNA,49.72,88.97,138.69,-39.25,0.02,0.02,0.02,143,110,135,2017-2018,41.93,196.19,238.11,-154.26,18.59,-54.65,annual
2018-2019,NAMIBIA,82.37,53.55,135.92,28.83,0.02,0.01,0.02,131,116,136,2017-2018,43.87,62.2,106.06,-18.33,87.78,-13.91,annual
2018-2019,GUINEA BISSAU,10.76,123.79,134.55,-113.03,0,0.02,0.02,173,106,137,2017-2018,10.68,256.2,266.89,-245.52,0.71,-51.68,annual
2018-2019,GEORGIA,110.4,22.18,132.58,88.22,0.03,0,0.02,126,132,138,2017-2018,77.27,27.04,104.3,50.23,42.88,-17.96,annual
2018-2019,MAURITANIA,115.59,15.96,131.55,99.63,0.04,0,0.02,123,144,139,2017-2018,83.16,5.45,88.61,77.72,39,193.03,annual
2018-2019,SIERRA LEONE,112.27,11.73,124,100.54,0.03,0,0.01,125,149,140,2017-2018,93.51,24.17,117.67,69.34,20.07,-51.47,annual
2018-2019,SURINAME,22.58,89.39,111.97,-66.82,0.01,0.02,0.01,164,109,141,2017-2018,17.38,92.76,110.14,-75.37,29.87,-3.63,annual
2018-2019,SOUTH SUDAN,10.53,89.97,100.5,-79.43,0,0.02,0.01,175,108,142,2017-2018,3.54,70.56,74.1,-67.02,197.52,27.51,annual
2018-2019,NIGER,94.84,0.65,95.49,94.19,0.03,0,0.01,128,183,143,2017-2018,120.21,20.24,140.46,99.97,-21.11,-96.79,annual
2018-2019,SERBIA,72.33,21.45,93.78,50.88,0.02,0,0.01,134,133,144,2017-2018,59.02,24.12,83.14,34.91,22.54,-11.04,annual
2018-2019,HAITI,79.35,13.75,93.1,65.6,0.02,0,0.01,132,147,145,2017-2018,94.01,8.26,102.27,85.76,-15.59,66.57,annual
2018-2019,SEYCHELLES,84.49,5.27,89.76,79.21,0.03,0,0.01,129,158,146,2017-2018,42.06,1.37,43.43,40.69,100.86,284.78,annual
2018-2019,EL SALVADOR,78.67,4.2,82.87,74.47,0.02,0,0.01,133,162,147,2017-2018,69.45,9.02,78.46,60.43,13.28,-53.44,annual
2018-2019,TURKMENISTAN,45.64,20.63,66.27,25.02,0.01,0,0.01,146,135,148,2017-2018,54.31,26.15,80.46,28.16,-15.96,-21.12,annual
2018-2019,REUNION,47.23,18.16,65.38,29.07,0.01,0,0.01,145,141,149,2017-2018,46.36,18.05,64.41,28.31,1.87,0.58,annual
2018-2019,FIJI IS,60.8,0.71,61.51,60.09,0.02,0,0.01,137,181,150,2017-2018,54.24,0.49,54.73,53.76,12.08,45.84,annual
2018-2019,SOLOMON IS,2.57,58.81,61.38,-56.25,0,0.01,0.01,194,113,151,2017-2018,1.28,67.73,69.01,-66.45,100.61,-13.16,annual
2018-2019,JAMAICA,55.42,5.01,60.43,50.41,0.02,0,0.01,140,159,152,2017-2018,52.24,4.35,56.59,47.89,6.09,15.06,annual
2018-2019,ALBANIA,37.08,22.62,59.7,14.47,0.01,0,0.01,152,131,153,2017-2018,29.34,38.86,68.21,-9.52,26.39,-41.81,annual
2018-2019,NICARAGUA,53.87,3.6,57.47,50.26,0.02,0,0.01,142,165,154,2017-2018,87.31,4.17,91.48,83.14,-38.31,-13.54,annual
2018-2019,COMOROS,19.29,34.77,54.06,-15.48,0.01,0.01,0.01,167,127,155,2017-2018,29.62,37.27,66.89,-7.65,-34.89,-6.7,annual
2018-2019,BURUNDI,48.35,4.55,52.9,43.8,0.01,0,0.01,144,160,156,2017-2018,38.09,16.53,54.62,21.56,26.95,-72.47,annual
2018-2019,BAHAMAS,6.06,39.21,45.27,-33.16,0,0.01,0.01,180,123,157,2017-2018,8.07,40.26,48.34,-32.19,-25,-2.61,annual
2018-2019,MACEDONIA,19.54,24.08,43.63,-4.54,0.01,0,0.01,166,128,158,2017-2018,17.38,46.61,63.99,-29.23,12.45,-48.33,annual
2018-2019,VIRGIN IS US,42.5,0.76,43.26,41.74,0.01,0,0.01,148,180,159,2017-2018,2.88,0.28,3.16,2.6,1376.37,168.08,annual
2018-2019,LAO PD RP,39.38,1.04,40.41,38.34,0.01,0,0,149,176,160,2017-2018,25,168.63,193.64,-143.63,57.49,-99.39,annual
2018-2019,NETHERLANDANTIL,30.58,9.64,40.22,20.94,0.01,0,0,155,150,161,2017-2018,38.59,8.19,46.77,30.4,-20.76,17.77,annual
2018-2019,ICELAND,30.79,8.67,39.46,22.12,0.01,0,0,154,152,162,2017-2018,5.9,7.4,13.3,-1.5,422.15,17.11,annual
2018-2019,MONTENEGRO,38.93,0.13,39.06,38.8,0.01,0,0,150,201,163,2017-2018,51.61,0.01,51.62,51.6,-24.56,1206.92,annual
2018-2019,CUBA,35,3.8,38.81,31.2,0.01,0,0,153,163,164,2017-2018,41.8,2.06,43.86,39.75,-16.27,84.94,annual
2018-2019,GUYANA,29.66,6.42,36.08,23.25,0.01,0,0,159,156,165,2017-2018,26.03,6.59,32.62,19.44,13.95,-2.67,annual
2018-2019,KYRGHYZSTAN,30.02,2.59,32.6,27.43,0.01,0,0,158,170,166,2017-2018,28.59,30.94,59.53,-2.35,5.01,-91.64,annual
2018-2019,LESOTHO,30.46,0,30.46,30.46,0.01,0,0,156,226,167,2017-2018,31.59,89.56,121.16,-57.97,-3.58,-100,annual
2018-2019,KOREA DP RP,26.99,3.01,30,23.97,0.01,0,0,160,167,168,2017-2018,57.55,25.08,82.63,32.47,-53.11,-87.98,annual
2018-2019,C AFRI REP,26.8,2.02,28.82,24.77,0.01,0,0,161,172,169,2017-2018,29.92,9.88,39.8,20.04,-10.45,-79.51,annual
2018-2019,SWAZILAND,19.2,9.6,28.8,9.6,0.01,0,0,168,151,170,2017-2018,32.71,8.92,41.63,23.79,-41.31,7.67,annual
2018-2019,BR VIRGN IS,10.69,16.83,27.52,-6.13,0,0,0,174,142,171,2017-2018,0.76,0.88,1.64,-0.12,1304.27,1806.52,annual
2018-2019,ARMENIA,25.94,0.91,26.85,25.03,0.01,0,0,162,178,172,2017-2018,33.27,0.65,33.91,32.62,-22.02,39.72,annual
2018-2019,TAJIKISTAN,22.28,4.24,26.52,18.04,0.01,0,0,165,161,173,2017-2018,23.94,50.29,74.24,-26.35,-6.95,-91.57,annual
2018-2019,MONGOLIA,22.81,1.01,23.82,21.8,0.01,0,0,163,177,174,2017-2018,20.49,1.72,22.21,18.77,11.32,-41.32,annual
2018-2019,BOSNIA-HRZGOVIN,17.08,2.45,19.54,14.63,0.01,0,0,169,171,175,2017-2018,15.37,8.75,24.12,6.62,11.11,-71.95,annual
2018-2019,BELIZE,16.98,0.65,17.64,16.33,0.01,0,0,170,182,176,2017-2018,13.48,1.36,14.84,12.12,26.03,-51.89,annual
2018-2019,BARBADOS,12.43,1.74,14.18,10.69,0,0,0,171,174,177,2017-2018,12.74,0.2,12.94,12.54,-2.45,777.36,annual
2018-2019,BERMUDA,3.15,7.69,10.84,-4.53,0,0,0,189,154,178,2017-2018,3.12,0,3.12,3.11,1.15,179987.03,annual
2018-2019,ARUBA,9.63,0.55,10.18,9.09,0,0,0,176,185,179,2017-2018,6.44,0.4,6.84,6.04,49.6,36.23,annual
2018-2019,NEW CALEDONIA,8.83,0.21,9.04,8.61,0,0,0,178,194,180,2017-2018,10.25,9.65,19.9,0.6,-13.89,-97.8,annual
2018-2019,ERITREA,9.03,0,9.03,9.03,0,0,0,177,221,181,2017-2018,7.43,1.96,9.39,5.47,21.56,-99.96,annual
2018-2019,MOLDOVA,8.63,0.39,9.02,8.24,0,0,0,179,188,182,2017-2018,7.14,1.57,8.71,5.57,20.8,-75.23,annual
2018-2019,MACAO,1.06,6.29,7.35,-5.24,0,0,0,203,157,183,2017-2018,13.89,8.3,22.19,5.59,-92.4,-24.12,annual
2018-2019,LIECHTENSTEIN,3.4,3.6,6.99,-0.2,0,0,0,188,164,184,2017-2018,2.8,1.6,4.39,1.2,21.5,125.1,annual
2018-2019,FR POLYNESIA,5.5,0.01,5.51,5.49,0,0,0,181,217,185,2017-2018,6.36,0.07,6.43,6.28,-13.46,-86.06,annual
2018-2019,SAMOA,2.59,2.75,5.33,-0.16,0,0,0,193,169,186,2017-2018,2.4,0.26,2.65,2.14,7.87,975.33,annual
2018-2019,TIMOR LESTE,5.26,0,5.26,5.26,0,0,0,182,229,187,2017-2018,3.32,0.1,3.41,3.22,58.62,,annual
2018-2019,CAYMAN IS,4.37,0.23,4.61,4.14,0,0,0,183,192,188,2017-2018,4.02,6.45,10.48,-2.43,8.6,-96.36,annual
2018-2019,ST LUCIA,4.01,0.57,4.58,3.44,0,0,0,184,184,189,2017-2018,4.06,0.32,4.38,3.74,-1.26,78.52,annual
2018-2019,CAPE VERDE IS,1.6,2.91,4.5,-1.31,0,0,0,199,168,190,2017-2018,1.48,2.82,4.3,-1.34,7.9,3.21,annual
2018-2019,MARTINIQUE,3.58,0.81,4.38,2.77,0,0,0,186,179,191,2017-2018,0,0,0,0,,,annual
2018-2019,GRENADA,3.77,0.48,4.25,3.29,0,0,0,185,187,192,2017-2018,2.64,0.27,2.9,2.37,42.95,79.11,annual
2018-2019,GUADELOUPE,3.42,0.37,3.79,3.05,0,0,0,187,189,193,2017-2018,5.35,0.01,5.35,5.34,-36.05,5512.48,annual
2018-2019,FR GUIANA,1.9,1.82,3.72,0.08,0,0,0,198,173,194,2017-2018,2.18,0.85,3.03,1.33,-13.16,113.99,annual
2018-2019,PALAU,0.09,3.22,3.3,-3.13,0,0,0,218,166,195,2017-2018,0.07,0.78,0.85,-0.72,34.25,311.17,annual
2018-2019,FAROE IS.,2.96,0.03,2.99,2.93,0,0,0,190,210,196,2017-2018,0.3,0.01,0.31,0.29,888.17,439.06,annual
2018-2019,MAYOTTE,2.79,0.19,2.98,2.6,0,0,0,191,197,197,2017-2018,0.07,0,0.08,0.07,3623.24,10273.84,annual
2018-2019,ANTIGUA,2.71,0.15,2.86,2.55,0,0,0,192,199,198,2017-2018,2.17,0.02,2.19,2.14,24.92,537.07,annual
2018-2019,MONACO,2.55,0.27,2.82,2.28,0,0,0,195,191,199,2017-2018,1.94,1.07,3.01,0.88,31.27,-74.37,annual
2018-2019,STATE OF PALEST,1.49,1.19,2.68,0.31,0,0,0,200,175,200,2017-2018,0,0,0,0,,,annual
2018-2019,ST KITT N A,2.37,0,2.37,2.37,0,0,0,196,228,201,2017-2018,2.87,0,2.87,2.87,-17.49,158.39,annual
2018-2019,VANUATU REP,1.97,0,1.97,1.97,0,0,0,197,232,202,2017-2018,2.27,0,2.27,2.27,-13.2,,annual
2018-2019,DOMINICA,1.3,0.31,1.61,0.98,0,0,0,201,190,203,2017-2018,2.1,0.28,2.38,1.83,-38.46,13.3,annual
2018-2019,SAO TOME,1.18,0.01,1.19,1.18,0,0,0,202,218,204,2017-2018,0.89,0,0.89,0.89,33.11,,annual
2018-2019,MARSHALL ISLAND,0.32,0.51,0.83,-0.19,0,0,0,211,186,205,2017-2018,14,0.11,14.11,13.89,-97.71,369.55,annual
2018-2019,US MINOR OUTLYING ISLANDS,0.69,0.08,0.77,0.61,0,0,0,205,203,206,2017-2018,0.52,0.74,1.27,-0.22,31.75,-89.24,annual
2018-2019,ST VINCENT,0.73,0.02,0.75,0.71,0,0,0,204,215,207,2017-2018,0,0,0,0,,,annual
2018-2019,NAURU RP,0.53,0.16,0.69,0.37,0,0,0,207,198,208,2017-2018,1.36,0.01,1.37,1.35,-61.33,1145.73,annual
2018-2019,GUAM,0.66,0,0.66,0.66,0,0,0,206,223,209,2017-2018,0,0,0,0,,,annual
2018-2019,KIRIBATI REP,0.37,0.22,0.59,0.15,0,0,0,208,193,210,2017-2018,0,0,0,0,,,annual
2018-2019,TONGA,0.35,0.05,0.39,0.3,0,0,0,209,207,211,2017-2018,1.26,0,1.26,1.26,-72.43,,annual
2018-2019,ANDORRA,0.33,0.04,0.37,0.29,0,0,0,210,208,212,2017-2018,4.75,0,4.75,4.75,-92.97,,annual
2018-2019,SAN MARINO,0.15,0.21,0.36,-0.06,0,0,0,217,195,213,2017-2018,0.14,0.64,0.78,-0.5,9.03,-66.83,annual
2018-2019,ANGUILLA,0.16,0.19,0.35,-0.04,0,0,0,216,196,214,2017-2018,0.5,0.18,0.69,0.32,-68.84,4.87,annual
2018-2019,NORFOLK IS,0.19,0.14,0.33,0.05,0,0,0,215,200,215,2017-2018,0.38,0.46,0.84,-0.08,-50.17,-68.81,annual
2018-2019,COOK IS,0.27,0.02,0.29,0.25,0,0,0,212,213,216,2017-2018,0.18,0.01,0.19,0.17,48.76,167.67,annual
2018-2019,N. MARIANA IS.,0.27,0.02,0.29,0.25,0,0,0,213,214,217,2017-2018,0.04,0.17,0.21,-0.13,566.4,-87.84,annual
2018-2019,TURKS C IS,0.26,0,0.26,0.26,0,0,0,214,230,218,2017-2018,1.15,0.02,1.17,1.12,-76.97,,annual
2018-2019,VATICAN CITY,0.03,0.09,0.12,-0.06,0,0,0,221,202,219,2017-2018,0.11,0,0.11,0.11,-76.24,,annual
2018-2019,MONTSERRAT,0.06,0.06,0.11,0,0,0,0,219,205,220,2017-2018,0.02,0,0.02,0.02,149.11,477449.35,annual
2018-2019,ST HELENA,0.02,0.07,0.09,-0.06,0,0,0,222,204,221,2017-2018,0.01,0.03,0.04,-0.02,188.24,148.89,annual
2018-2019,JERSEY,0,0.05,0.05,-0.05,0,0,0,229,206,222,2017-2018,0,0,0,0,,,annual
2018-2019,PITCAIRN IS.,0.01,0.03,0.05,-0.02,0,0,0,223,212,223,2017-2018,0.01,0.22,0.23,-0.22,113.01,-85.09,annual
2018-2019,ANTARTICA,0,0.03,0.04,-0.03,0,0,0,224,209,224,2017-2018,0.1,0.05,0.15,0.05,-96.81,-35.22,annual
2018-2019,AMERI SAMOA,0.03,0,0.03,0.03,0,0,0,220,219,225,2017-2018,0.31,0.3,0.61,0.01,-91.64,-99.84,annual
2018-2019,TOKELAU IS,0,0.02,0.02,-0.02,0,0,0,231,216,226,2017-2018,0,0.05,0.05,-0.05,,-68.47,annual
2018-2019,COCOS IS,0,0,0,0,0,0,0,225,220,227,2017-2018,0,0,0,0,,,annual
2018-2019,GREENLAND,0,0,0,0,0,0,0,226,222,228,2017-2018,0.01,0.01,0.02,0,-56.21,,annual
2018-2019,GUERNSEY,0,0,0,0,0,0,0,227,224,229,2017-2018,0.03,0.23,0.27,-0.2,-99.97,,annual
2018-2019,HEARD MACDONALD,0,0,0,0,0,0,0,228,225,230,2017-2018,0.04,0,0.04,0.04,,,annual
2018-2019,PANAMA C Z,0,0,0,0,0,0,0,230,227,231,2017-2018,0.01,0,0.01,0.01,,,annual
2018-2019,TUVALU,0,0,0,0,0,0,0,232,231,232,2017-2018,0.06,0,0.06,0.06,-96.92,-83,annual
2018-2019,WALLIS F IS,0,0,0,0,0,0,0,233,233,233,2017-2018,0.05,0.01,0.06,0.04,,-99.45,annual
2019-2020,U S A,53108.63,35820.69,88929.32,17287.94,16.95,7.55,11.28,1,2,1,2018-2019,52427.52,35550.25,87977.77,16877.27,1.3,0.76,annual
2019-2020,CHINA P RP,16614.32,65260.75,81875.07,-48646.42,5.3,13.75,10.39,3,1,2,2018-2019,16752.8,70319.64,87072.43,-53566.84,-0.83,-7.19,annual
2019-2020,U ARAB EMTS,28853.77,30265.99,59119.76,-1412.21,9.21,6.38,7.5,2,3,3,2018-2019,30126.98,29787.24,59914.22,339.75,-4.23,1.61,annual
2019-2020,SAUDI ARAB,6236.86,26857.37,33094.24,-20620.51,1.99,5.66,4.2,12,4,4,2018-2019,5561.73,28479.21,34040.93,-22917.48,12.14,-5.69,annual
2019-2020,HONG KONG,10967.12,16935.32,27902.43,-5968.2,3.5,3.57,3.54,4,6,5,2018-2019,13001.99,17987.01,30988.99,-4985.02,-15.65,-5.85,annual
2019-2020,IRAQ,1878.17,23740.18,25618.34,-21862.01,0.6,5,3.25,38,5,6,2018-2019,1788.66,22372.47,24161.14,-20583.81,5,6.11,annual
2019-2020,SINGAPORE,8922.74,14746.78,23669.51,-5824.04,2.85,3.11,3,5,10,7,2018-2019,11572.37,16281.64,27854.01,-4709.28,-22.9,-9.43,annual
2019-2020,GERMANY,8291.3,13691.11,21982.41,-5399.81,2.65,2.88,2.79,8,11,8,2018-2019,8904.39,15166.64,24071.03,-6262.25,-6.89,-9.73,annual
2019-2020,KOREA RP,4845.68,15659.7,20505.38,-10814.02,1.55,3.3,2.6,18,8,9,2018-2019,4705.44,16758.97,21464.41,-12053.53,2.98,-6.56,annual
2019-2020,INDONESIA,4129.69,15067.09,19196.78,-10937.39,1.32,3.17,2.44,21,9,10,2018-2019,5278.48,15854.27,21132.74,-10575.79,-21.76,-4.97,annual
2019-2020,SWITZERLAND,1200.08,16899.89,18099.96,-15699.81,0.38,3.56,2.3,45,7,11,2018-2019,1186.71,18087.58,19274.29,-16900.88,1.13,-6.57,annual
2019-2020,JAPAN,4520.58,12434.67,16955.25,-7914.09,1.44,2.62,2.15,19,12,12,2018-2019,4862.01,12772.67,17634.68,-7910.65,-7.02,-2.65,annual
2019-2020,MALAYSIA,6364.69,9782.28,16146.97,-3417.59,2.03,2.06,2.05,11,14,13,2018-2019,6436.32,10818.6,17254.92,-4382.28,-1.11,-9.58,annual
2019-2020,U K,8766.76,6712.81,15479.57,2053.95,2.8,1.41,1.96,6,23,14,2018-2019,9330.4,7561.93,16892.34,1768.47,-6.04,-11.23,annual
2019-2020,BELGIUM,5809.97,8879.48,14689.45,-3069.51,1.85,1.87,1.86,13,18,15,2018-2019,6729.97,10469.22,17199.2,-3739.25,-13.67,-15.18,annual
2019-2020,NIGERIA,3609.91,10213.61,13823.51,-6603.7,1.15,2.15,1.75,27,13,16,2018-2019,3005.21,10884.71,13889.92,-7879.5,20.12,-6.17,annual
2019-2020,AUSTRALIA,2853.16,9782.22,12635.38,-6929.06,0.91,2.06,1.6,31,15,17,2018-2019,3522.49,13131.21,16653.7,-9608.72,-19,-25.5,annual
2019-2020,VIETNAM SOC REP,5059.92,7283.42,12343.35,-2223.5,1.61,1.53,1.57,15,19,18,2018-2019,6507.45,7192.23,13699.68,-684.78,-22.24,1.27,annual
2019-2020,NETHERLAND,8369.19,3390.97,11760.15,4978.22,2.67,0.71,1.49,7,32,19,2018-2019,8814.33,4063.39,12877.72,4750.94,-5.05,-16.55,annual
2019-2020,FRANCE,5100.65,6168.82,11269.46,-1068.17,1.63,1.3,1.43,14,24,20,2018-2019,5235.39,6665.67,11901.06,-1430.29,-2.57,-7.45,annual
2019-2020,THAILAND,4299.3,6788.38,11087.67,-2489.08,1.37,1.43,1.41,20,22,21,2018-2019,4441.4,7441.81,11883.21,-3000.42,-3.2,-8.78,annual
2019-2020,SOUTH AFRICA,4108.18,6969.79,11077.97,-2861.62,1.31,1.47,1.41,22,21,22,2018-2019,4067.21,6517.33,10584.54,-2450.13,1.01,6.94,annual
2019-2020,QATAR,1268.36,9685.98,10954.34,-8417.62,0.4,2.04,1.39,44,16,23,2018-2019,1611.16,10721.7,12332.86,-9110.54,-21.28,-9.66,annual
2019-2020,KUWAIT,1286.56,9573.8,10860.36,-8287.24,0.41,2.02,1.38,43,17,24,2018-2019,1333.92,7430.82,8764.74,-6096.9,-3.55,28.84,annual
2019-2020,RUSSIA,3017.75,7093.01,10110.76,-4075.25,0.96,1.49,1.28,30,20,25,2018-2019,2389.62,5840.44,8230.06,-3450.82,26.29,21.45,annual
2019-2020,BANGLADESH PR,8200.85,1264.74,9465.6,6936.11,2.62,0.27,1.2,9,45,26,2018-2019,9210.32,1044.8,10255.12,8165.52,-10.96,21.05,annual
2019-2020,ITALY,4971.42,4490.92,9462.34,480.49,1.59,0.95,1.2,16,26,27,2018-2019,5594.06,5292.39,10886.45,301.67,-11.13,-15.14,annual
2019-2020,MEXICO,3623.71,4296.8,7920.51,-673.08,1.16,0.91,1.01,26,27,28,2018-2019,3841.57,5577.03,9418.59,-1735.46,-5.67,-22.96,annual
2019-2020,NEPAL,7160.35,711.61,7871.95,6448.74,2.29,0.15,1,10,59,29,2018-2019,7766.2,508.14,8274.34,7258.06,-7.8,40.04,annual
2019-2020,TURKEY,4969.47,2116.56,7086.03,2852.92,1.59,0.45,0.9,17,36,30,2018-2019,5452.45,2388.26,7840.71,3064.19,-8.86,-11.38,annual
2019-2020,BRAZIL,3967.44,3074.97,7042.41,892.47,1.27,0.65,0.89,23,33,31,2018-2019,3800.5,4406.43,8206.93,-605.93,4.39,-30.22,annual
2019-2020,CANADA,2851.84,3880.33,6732.18,-1028.49,0.91,0.82,0.85,32,29,32,2018-2019,2851.45,3515.41,6366.86,-663.96,0.01,10.38,annual
2019-2020,VENEZUELA,339.71,6057.01,6396.72,-5717.3,0.11,1.28,0.81,84,25,33,2018-2019,164.77,7258.95,7423.72,-7094.18,106.17,-16.56,annual
2019-2020,OMAN,2261.81,3669.33,5931.14,-1407.52,0.72,0.77,0.75,35,30,34,2018-2019,2246.31,2759,5005.3,-512.69,0.69,33,annual
2019-2020,TAIWAN,1674.61,4046.23,5720.84,-2371.62,0.53,0.85,0.73,40,28,35,2018-2019,2607.58,4577.25,7184.82,-1969.67,-35.78,-11.6,annual
2019-2020,SPAIN,3945.86,1613.17,5559.03,2332.69,1.26,0.34,0.71,24,41,36,2018-2019,4182.74,1680.5,5863.24,2502.25,-5.66,-4.01,annual
2019-2020,ISRAEL,3363.11,1592.7,4955.8,1770.41,1.07,0.34,0.63,29,42,37,2018-2019,3717.98,1931.58,5649.57,1786.4,-9.54,-17.54,annual
2019-2020,IRAN,3373.69,1397.33,4771.02,1976.35,1.08,0.29,0.61,28,44,38,2018-2019,3511.04,13525.64,17036.68,-10014.6,-3.91,-89.67,annual
2019-2020,SRI LANKA DSR,3800.91,903.69,4704.61,2897.22,1.21,0.19,0.6,25,52,39,2018-2019,4710.21,1488.67,6198.88,3221.54,-19.3,-39.3,annual
2019-2020,EGYPT A RP,2504.24,2031.38,4535.61,472.86,0.8,0.43,0.58,33,38,40,2018-2019,2886.55,1677.82,4564.37,1208.72,-13.24,21.07,annual
2019-2020,ANGOLA,285.1,3649.02,3934.11,-3363.92,0.09,0.77,0.5,90,31,41,2018-2019,282.36,4027.49,4309.86,-3745.13,0.97,-9.4,annual
2019-2020,ARGENTINA,763.24,2327.26,3090.49,-1564.02,0.24,0.49,0.39,57,34,42,2018-2019,562.94,1954.99,2517.93,-1392.05,35.58,19.04,annual
2019-2020,MOZAMBIQUE,2174.31,835.07,3009.38,1339.24,0.69,0.18,0.38,36,56,43,2018-2019,1073.31,1097.43,2170.74,-24.12,102.58,-23.91,annual
2019-2020,TANZANIA REP,1740.08,1023.47,2763.56,716.61,0.56,0.22,0.35,39,49,44,2018-2019,1704.04,903.47,2607.51,800.58,2.11,13.28,annual
2019-2020,ALGERIA,611.02,1996.76,2607.79,-1385.74,0.19,0.42,0.33,67,39,45,2018-2019,940.27,1696.96,2637.22,-756.69,-35.02,17.67,annual
2019-2020,UNSPECIFIED,2483.24,97.75,2580.99,2385.49,0.79,0.02,0.33,34,101,46,2018-2019,2846.08,63,2909.08,2783.09,-12.75,55.16,annual
2019-2020,UKRAINE,463.81,2060.79,2524.6,-1596.98,0.15,0.43,0.32,73,37,47,2018-2019,390.8,2341.03,2731.82,-1950.23,18.68,-11.97,annual
2019-2020,KAZAKHSTAN,202.59,2255.7,2458.29,-2053.12,0.06,0.48,0.31,102,35,48,2018-2019,143.13,708.78,851.91,-565.65,41.54,218.25,annual
2019-2020,POLAND,1548.11,849.58,2397.68,698.53,0.49,0.18,0.3,41,53,49,2018-2019,1572.8,793.39,2366.19,779.41,-1.57,7.08,annual
2019-2020,GHANA,617.42,1773.55,2390.97,-1156.13,0.2,0.37,0.3,66,40,50,2018-2019,717.33,3763.41,4480.74,-3046.08,-13.93,-52.87,annual
2019-2020,PERU,764.02,1575.09,2339.11,-811.07,0.24,0.33,0.3,56,43,51,2018-2019,721.07,2405.4,3126.46,-1684.33,5.96,-34.52,annual
2019-2020,KENYA,2108.6,89.62,2198.21,2018.98,0.67,0.02,0.28,37,102,52,2018-2019,2071.85,137.12,2208.97,1934.73,1.77,-34.64,annual
2019-2020,PHILIPPINES,1526.03,523.83,2049.87,1002.2,0.49,0.11,0.26,42,71,53,2018-2019,1743.64,581.1,2324.74,1162.53,-12.48,-9.86,annual
2019-2020,JORDAN,960.66,1064.66,2025.32,-103.99,0.31,0.22,0.26,51,48,54,2018-2019,578.82,1116.25,1695.06,-537.43,65.97,-4.62,annual
2019-2020,CHILE,793.43,1175.67,1969.1,-382.24,0.25,0.25,0.25,55,46,55,2018-2019,989.83,1237.55,2227.38,-247.72,-19.84,-5,annual
2019-2020,SWEDEN,748.42,1114.48,1862.9,-366.06,0.24,0.23,0.24,58,47,56,2018-2019,792.23,1326.85,2119.08,-534.62,-5.53,-16.01,annual
2019-2020,COLOMBIA,1043.42,810.95,1854.38,232.47,0.33,0.17,0.24,47,57,57,2018-2019,1116.86,1054.98,2171.83,61.88,-6.58,-23.13,annual
2019-2020,MOROCCO,799.45,952.54,1751.99,-153.09,0.26,0.2,0.22,53,51,58,2018-2019,680.06,1326.69,2006.76,-646.63,17.56,-28.2,annual
2019-2020,AFGHANISTAN,997.58,529.84,1527.42,467.74,0.32,0.11,0.19,49,70,59,2018-2019,715.44,435.44,1150.89,280,39.43,21.68,annual
2019-2020,MYANMAR,973.89,547.25,1521.13,426.64,0.31,0.12,0.19,50,68,60,2018-2019,1205.6,521.49,1727.1,684.11,-19.22,4.94,annual
2019-2020,SUDAN,1096.88,396.75,1493.63,700.12,0.35,0.08,0.19,46,78,61,2018-2019,920.89,742.63,1663.52,178.25,19.11,-46.57,annual
2019-2020,TOGO,1040.6,383.54,1424.14,657.06,0.33,0.08,0.18,48,79,62,2018-2019,694.09,303.93,998.02,390.16,49.92,26.2,annual
2019-2020,DENMARK,733.96,632.4,1366.36,101.55,0.23,0.13,0.17,61,61,63,2018-2019,746.65,537.3,1283.94,209.35,-1.7,17.7,annual
2019-2020,BHUTAN,738.6,405.73,1144.33,332.87,0.24,0.09,0.15,60,77,64,2018-2019,657.33,370.96,1028.29,286.37,12.36,9.37,annual
2019-2020,IRELAND,534,604.15,1138.15,-70.15,0.17,0.13,0.14,70,65,65,2018-2019,530.82,422.52,953.34,108.31,0.6,42.99,annual
2019-2020,ZAMBIA,247.64,843.32,1090.95,-595.68,0.08,0.18,0.14,93,55,66,2018-2019,319.05,510.5,829.56,-191.45,-22.38,65.19,annual
2019-2020,AUSTRIA,455.59,629.74,1085.32,-174.15,0.15,0.13,0.14,74,63,67,2018-2019,483.16,716.43,1199.59,-233.27,-5.71,-12.1,annual
2019-2020,NORWAY,421.61,630.79,1052.4,-209.18,0.13,0.13,0.13,78,62,68,2018-2019,313.05,366.47,679.53,-53.42,34.68,72.12,annual
2019-2020,EQUTL GUINEA,10.92,972.88,983.8,-961.96,0,0.2,0.12,174,50,69,2018-2019,11.89,634.12,646.01,-622.24,-8.13,53.42,annual
2019-2020,BAHARAIN IS,559.09,421.5,980.6,137.59,0.18,0.09,0.12,69,75,70,2018-2019,742.14,539.63,1281.77,202.51,-24.66,-21.89,annual
2019-2020,BOLIVIA,113.46,845.88,959.35,-732.42,0.04,0.18,0.12,124,54,71,2018-2019,104.71,852.21,956.92,-747.5,8.36,-0.74,annual
2019-2020,SENEGAL,477.1,469.47,946.56,7.63,0.15,0.1,0.12,72,73,72,2018-2019,639.24,658.99,1298.23,-19.75,-25.36,-28.76,annual
2019-2020,BOTSWANA,178.74,744,922.74,-565.26,0.06,0.16,0.12,108,58,73,2018-2019,178.31,974.48,1152.79,-796.16,0.24,-23.65,annual
2019-2020,CAMEROON,228.45,676.36,904.81,-447.91,0.07,0.14,0.11,96,60,74,2018-2019,178.25,343.2,521.46,-164.95,28.16,97.07,annual
2019-2020,NEW ZEALAND,378.55,521.83,900.38,-143.27,0.12,0.11,0.11,80,72,75,2018-2019,379.88,630.78,1010.65,-250.9,-0.35,-17.27,annual
2019-2020,ETHIOPIA,798.31,98.55,896.86,699.76,0.25,0.02,0.11,54,100,76,2018-2019,766.03,55.01,821.04,711.02,4.21,79.16,annual
2019-2020,FINLAND,268.72,625.65,894.38,-356.93,0.09,0.13,0.11,91,64,77,2018-2019,256.42,1124.08,1380.5,-867.66,4.8,-44.34,annual
2019-2020,PORTUGAL,744.79,141.82,886.6,602.97,0.24,0.03,0.11,59,93,78,2018-2019,743.27,132.83,876.09,610.44,0.2,6.77,annual
2019-2020,COTE D' IVOIRE,414.67,454.88,869.55,-40.22,0.13,0.1,0.11,79,74,79,2018-2019,448.85,603.05,1051.9,-154.2,-7.62,-24.57,annual
2019-2020,PAKISTAN IR,816.64,13.97,830.6,802.67,0.26,0,0.11,52,142,80,2018-2019,2066.63,494.87,2561.5,1571.76,-60.48,-97.18,annual
2019-2020,CZECH REPUBLIC,496.37,299.42,795.79,196.95,0.16,0.06,0.1,71,83,81,2018-2019,429.13,258.84,687.97,170.29,15.67,15.68,annual
2019-2020,GUINEA,354.82,416.3,771.13,-61.48,0.11,0.09,0.1,82,76,82,2018-2019,404.84,414.26,819.11,-9.42,-12.36,0.49,annual
2019-2020,YEMEN REPUBLC,721.25,22.73,743.98,698.52,0.23,0,0.09,62,133,83,2018-2019,741.32,11.77,753.09,729.55,-2.71,93.06,annual
2019-2020,CONGO P REP,112.91,587.5,700.42,-474.59,0.04,0.12,0.09,125,66,84,2018-2019,132.88,405.65,538.53,-272.77,-15.03,44.83,annual
2019-2020,BURKINA FASO,153.94,542.67,696.61,-388.72,0.05,0.11,0.09,112,69,85,2018-2019,181.44,881.27,1062.71,-699.83,-15.15,-38.42,annual
2019-2020,MAURITIUS,662.13,30.41,692.54,631.72,0.21,0.01,0.09,63,127,86,2018-2019,1160.78,78.64,1239.42,1082.13,-42.96,-61.33,annual
2019-2020,BENIN,326.62,358.94,685.55,-32.32,0.1,0.08,0.09,86,82,87,2018-2019,426.9,375.81,802.71,51.1,-23.49,-4.49,annual
2019-2020,UGANDA,621.52,34.59,656.11,586.93,0.2,0.01,0.08,65,123,88,2018-2019,580.08,23.06,603.14,557.02,7.14,50,annual
2019-2020,BRUNEI,57.62,586.28,643.9,-528.66,0.02,0.12,0.08,142,67,89,2018-2019,56.19,591.1,647.29,-534.91,2.54,-0.82,annual
2019-2020,GIBRALTAR,629.14,1.01,630.14,628.13,0.2,0,0.08,64,178,90,2018-2019,575.13,0.03,575.16,575.09,9.39,3130.13,annual
2019-2020,ROMANIA,366.95,261.34,628.3,105.61,0.12,0.06,0.08,81,88,91,2018-2019,430.3,315.29,745.59,115.01,-14.72,-17.11,annual
2019-2020,ECUADOR,253,361.6,614.6,-108.6,0.08,0.08,0.08,92,80,92,2018-2019,297.96,219.25,517.22,78.71,-15.09,64.92,annual
2019-2020,HUNGARY,423.96,187.68,611.64,236.28,0.14,0.04,0.08,77,90,93,2018-2019,458.1,241.15,699.24,216.95,-7.45,-22.17,annual
2019-2020,SOMALIA,583.87,15.05,598.92,568.82,0.19,0,0.08,68,139,94,2018-2019,537.25,18.33,555.58,518.92,8.68,-17.9,annual
2019-2020,SLOVENIA,334.12,248.43,582.55,85.69,0.11,0.05,0.07,85,89,95,2018-2019,316.82,248.62,565.44,68.21,5.46,-0.07,annual
2019-2020,DOMINIC REP,213.32,361.11,574.43,-147.79,0.07,0.08,0.07,99,81,96,2018-2019,215.81,566.57,782.38,-350.76,-1.15,-36.26,annual
2019-2020,GREECE,445.6,123.71,569.31,321.9,0.14,0.03,0.07,75,98,97,2018-2019,503.37,144.02,647.4,359.35,-11.48,-14.1,annual
2019-2020,CYPRUS,443.28,74.43,517.71,368.85,0.14,0.02,0.07,76,105,98,2018-2019,70.65,393.78,464.43,-323.13,527.41,-81.1,annual
2019-2020,MADAGASCAR,301.73,125.92,427.65,175.82,0.1,0.03,0.05,88,96,99,2018-2019,196.48,296.52,493,-100.04,53.57,-57.53,annual
2019-2020,CONGO D. REP.,352.77,32.13,384.9,320.65,0.11,0.01,0.05,83,124,100,2018-2019,302.94,19.01,321.96,283.93,16.45,68.96,annual
2019-2020,LATVIA,119.25,265.54,384.79,-146.29,0.04,0.06,0.05,122,86,101,2018-2019,115.52,158.44,273.97,-42.92,3.23,67.59,annual
2019-2020,TUNISIA,245.02,131.13,376.15,113.9,0.08,0.03,0.05,94,95,102,2018-2019,304.21,137.87,442.08,166.34,-19.45,-4.89,annual
2019-2020,LITHUANIA,110.76,262.09,372.86,-151.33,0.04,0.06,0.05,126,87,103,2018-2019,127.38,212.13,339.51,-84.76,-13.04,23.55,annual
2019-2020,DJIBOUTI,316.01,19.54,335.55,296.47,0.1,0,0.04,87,135,104,2018-2019,790.66,15.82,806.49,774.84,-60.03,23.48,annual
2019-2020,MALTA,208.2,121.9,330.1,86.3,0.07,0.03,0.04,100,99,105,2018-2019,229.52,43.76,273.28,185.76,-9.29,178.55,annual
2019-2020,CHAD,58.69,270.75,329.44,-212.06,0.02,0.06,0.04,140,85,106,2018-2019,37.46,476.13,513.59,-438.67,56.67,-43.14,annual
2019-2020,AZERBAIJAN,53.21,273.91,327.12,-220.7,0.02,0.06,0.04,148,84,107,2018-2019,43.46,147.87,191.34,-104.41,22.42,85.23,annual
2019-2020,PANAMA REPUBLIC,238.52,75.83,314.35,162.7,0.08,0.02,0.04,95,104,108,2018-2019,227.26,38.88,266.13,188.38,4.96,95.05,annual
2019-2020,GUATEMALA,291.33,22.95,314.27,268.38,0.09,0,0.04,89,131,109,2018-2019,305.37,16.27,321.64,289.09,-4.6,41,annual
2019-2020,BULGARIA,158.9,144.06,302.96,14.84,0.05,0.03,0.04,111,92,110,2018-2019,212.43,125.66,338.09,86.77,-25.2,14.64,annual
2019-2020,UZBEKISTAN,180.21,66.85,247.06,113.36,0.06,0.01,0.03,107,106,111,2018-2019,201.41,126.73,328.14,74.68,-10.52,-47.25,annual
2019-2020,LEBANON,203.97,30.94,234.91,173.04,0.07,0.01,0.03,101,126,112,2018-2019,268.67,43.94,312.6,224.73,-24.08,-29.59,annual
2019-2020,CAMBODIA,188.12,46.69,234.81,141.43,0.06,0.01,0.03,103,118,113,2018-2019,195.98,42.63,238.61,153.35,-4.01,9.53,annual
2019-2020,MALDIVES,226.57,6,232.57,220.58,0.07,0,0.03,97,155,114,2018-2019,223.02,20.41,243.43,202.61,1.59,-70.61,annual
2019-2020,LIBYA,184.4,43.09,227.49,141.31,0.06,0.01,0.03,106,119,115,2018-2019,156.76,146.16,302.92,10.61,17.63,-70.52,annual
2019-2020,LIBERIA,219.52,7.75,227.27,211.77,0.07,0,0.03,98,150,116,2018-2019,178.81,141.21,320.02,37.6,22.77,-94.51,annual
2019-2020,MALAWI,185.09,31.76,216.85,153.33,0.06,0.01,0.03,105,125,117,2018-2019,201.55,22.8,224.35,178.75,-8.17,39.29,annual
2019-2020,CROATIA,147.75,57.18,204.93,90.57,0.05,0.01,0.03,113,109,118,2018-2019,153.79,38.92,192.71,114.87,-3.93,46.91,annual
2019-2020,URUGUAY,147.69,57.24,204.93,90.45,0.05,0.01,0.03,114,108,119,2018-2019,180.99,42.96,223.95,138.03,-18.4,33.23,annual
2019-2020,HONDURAS,185.34,19.32,204.66,166.02,0.06,0,0.03,104,136,120,2018-2019,166.72,18.25,184.97,148.47,11.17,5.86,annual
2019-2020,BELARUS,55.77,147.44,203.21,-91.67,0.02,0.03,0.03,145,91,121,2018-2019,55.71,227.19,282.91,-171.48,0.1,-35.1,annual
2019-2020,SLOVAK REP,138.42,54.84,193.26,83.59,0.04,0.01,0.02,116,112,122,2018-2019,145.96,57.42,203.38,88.54,-5.16,-4.49,annual
2019-2020,PUERTO RICO,134.44,52.45,186.89,81.99,0.04,0.01,0.02,117,115,123,2018-2019,138.42,39.05,177.47,99.38,-2.88,34.33,annual
2019-2020,MALI,146.14,38.07,184.21,108.07,0.05,0.01,0.02,115,122,124,2018-2019,130.69,18.31,148.99,112.38,11.82,107.97,annual
2019-2020,GABON,45.55,138.4,183.94,-92.85,0.01,0.03,0.02,150,94,125,2018-2019,55.17,456.01,511.17,-400.84,-17.44,-69.65,annual
2019-2020,COSTA RICA,126.63,48.71,175.33,77.92,0.04,0.01,0.02,120,116,126,2018-2019,136.15,50.56,186.71,85.6,-7,-3.66,annual
2019-2020,ZIMBABWE,161.13,13.59,174.72,147.54,0.05,0,0.02,109,144,127,2018-2019,181.72,7.79,189.51,173.93,-11.33,74.38,annual
2019-2020,SYRIA,159.34,15.34,174.68,144,0.05,0,0.02,110,138,128,2018-2019,154.59,14.17,168.76,140.42,3.07,8.25,annual
2019-2020,GAMBIA,132.33,40.95,173.28,91.38,0.04,0.01,0.02,118,120,129,2018-2019,156.61,45.05,201.66,111.56,-15.51,-9.1,annual
2019-2020,TRINIDAD,85.11,84.42,169.53,0.68,0.03,0.02,0.02,127,103,130,2018-2019,83.75,195.37,279.13,-111.62,1.62,-56.79,annual
2019-2020,PARAGUAY,126.96,25.28,152.24,101.68,0.04,0.01,0.02,119,129,131,2018-2019,160.71,20.97,181.68,139.73,-21,20.52,annual
2019-2020,SIERRA LEONE,115.37,24.49,139.86,90.88,0.04,0.01,0.02,123,130,132,2018-2019,112.27,11.73,124,100.54,2.76,108.86,annual
2019-2020,GUINEA BISSAU,8.99,124.54,133.53,-115.54,0,0.03,0.02,177,97,133,2018-2019,10.76,123.79,134.55,-113.03,-16.42,0.6,annual
2019-2020,RWANDA,124.05,4.1,128.15,119.95,0.04,0,0.02,121,158,134,2018-2019,144.9,6.68,151.58,138.22,-14.39,-38.55,annual
2019-2020,ESTONIA,65.44,54.06,119.5,11.38,0.02,0.01,0.02,138,114,135,2018-2019,64.32,108.21,172.53,-43.89,1.75,-50.04,annual
2019-2020,PAPUA N GNA,56.02,55.7,111.71,0.32,0.02,0.01,0.01,144,110,136,2018-2019,49.72,88.97,138.69,-39.25,12.66,-37.4,annual
2019-2020,SERBIA,83.68,11.51,95.18,72.17,0.03,0,0.01,129,145,137,2018-2019,72.33,21.45,93.78,50.88,15.69,-46.36,annual
2019-2020,NAMIBIA,66.18,28.54,94.72,37.63,0.02,0.01,0.01,135,128,138,2018-2019,82.37,53.55,135.92,28.83,-19.66,-46.69,annual
2019-2020,MAURITANIA,83.83,10.7,94.53,73.14,0.03,0,0.01,128,147,139,2018-2019,115.59,15.96,131.55,99.63,-27.48,-32.98,annual
2019-2020,GEORGIA,82.77,11.4,94.17,71.38,0.03,0,0.01,130,146,140,2018-2019,110.4,22.18,132.58,88.22,-25.02,-48.62,annual
2019-2020,ALBANIA,44.12,47.51,91.62,-3.39,0.01,0.01,0.01,151,117,141,2018-2019,37.08,22.62,59.7,14.47,18.97,110.06,annual
2019-2020,VIRGIN IS US,81.4,7.5,88.9,73.89,0.03,0,0.01,131,151,142,2018-2019,42.5,0.76,43.26,41.74,91.52,889.45,annual
2019-2020,SURINAME,31.12,55.07,86.19,-23.95,0.01,0.01,0.01,157,111,143,2018-2019,22.58,89.39,111.97,-66.82,37.84,-38.4,annual
2019-2020,EL SALVADOR,79.34,3.2,82.55,76.14,0.03,0,0.01,132,166,144,2018-2019,78.67,4.2,82.87,74.47,0.85,-23.66,annual
2019-2020,HAITI,65.51,13.94,79.45,51.57,0.02,0,0.01,137,143,145,2018-2019,79.35,13.75,93.1,65.6,-17.44,1.36,annual
2019-2020,BAHAMAS,60.48,14.7,75.18,45.79,0.02,0,0.01,139,140,146,2018-2019,6.06,39.21,45.27,-33.16,898.73,-62.52,annual
2019-2020,LUXEMBOURG,20.34,54.35,74.7,-34.01,0.01,0.01,0.01,164,113,147,2018-2019,30.07,131.9,161.98,-101.83,-32.35,-58.79,annual
2019-2020,NIGER,73.6,0.9,74.5,72.69,0.02,0,0.01,133,180,148,2018-2019,94.84,0.65,95.49,94.19,-22.4,38.73,annual
2019-2020,SEYCHELLES,66.64,4.71,71.35,61.94,0.02,0,0.01,134,157,149,2018-2019,84.49,5.27,89.76,79.21,-21.12,-10.74,annual
2019-2020,NICARAGUA,65.53,3.6,69.12,61.93,0.02,0,0.01,136,162,150,2018-2019,53.87,3.6,57.47,50.26,21.65,-0.24,annual
2019-2020,MONACO,1.96,61.5,63.47,-59.54,0,0.01,0.01,198,107,151,2018-2019,2.55,0.27,2.82,2.28,-23.09,22392.75,annual
2019-2020,BURUNDI,58.47,3.83,62.29,54.64,0.02,0,0.01,141,160,152,2018-2019,48.35,4.55,52.9,43.8,20.92,-15.92,annual
2019-2020,JAMAICA,56.76,2.96,59.71,53.8,0.02,0,0.01,143,170,153,2018-2019,55.42,5.01,60.43,50.41,2.41,-40.94,annual
2019-2020,REUNION,40.15,18.52,58.67,21.63,0.01,0,0.01,154,137,154,2018-2019,47.23,18.16,65.38,29.07,-14.98,2.01,annual
2019-2020,FIJI IS,55.7,0.57,56.27,55.13,0.02,0,0.01,146,183,155,2018-2019,60.8,0.71,61.51,60.09,-8.38,-19.45,annual
2019-2020,C AFRI REP,55.63,0.56,56.19,55.06,0.02,0,0.01,147,184,156,2018-2019,26.8,2.02,28.82,24.77,107.6,-72.15,annual
2019-2020,NETHERLANDANTIL,30,22.76,52.76,7.25,0.01,0,0.01,158,132,157,2018-2019,30.58,9.64,40.22,20.94,-1.87,136.08,annual
2019-2020,CUBA,47.51,3.53,51.04,43.98,0.02,0,0.01,149,163,158,2018-2019,35,3.8,38.81,31.2,35.73,-7.1,annual
2019-2020,ARMENIA,40.49,1.56,42.05,38.93,0.01,0,0.01,153,173,159,2018-2019,25.94,0.91,26.85,25.03,56.08,71.55,annual
2019-2020,SOLOMON IS,2.04,38.97,41.01,-36.93,0,0.01,0.01,197,121,160,2018-2019,2.57,58.81,61.38,-56.25,-20.62,-33.74,annual
2019-2020,LESOTHO,40.78,0.04,40.83,40.74,0.01,0,0.01,152,208,161,2018-2019,30.46,0,30.46,30.46,33.88,1864.52,annual
2019-2020,COMOROS,18.88,20.02,38.9,-1.15,0.01,0,0,167,134,162,2018-2019,19.29,34.77,54.06,-15.48,-2.13,-42.42,annual
2019-2020,TURKMENISTAN,33.9,3.99,37.89,29.91,0.01,0,0,155,159,163,2018-2019,45.64,20.63,66.27,25.02,-25.74,-80.66,annual
2019-2020,MACEDONIA,22.61,14.51,37.12,8.09,0.01,0,0,163,141,164,2018-2019,19.54,24.08,43.63,-4.54,15.68,-39.73,annual
2019-2020,MARSHALL ISLAND,32.53,3.61,36.13,28.92,0.01,0,0,156,161,165,2018-2019,0.32,0.51,0.83,-0.19,10060.82,603.73,annual
2019-2020,GUYANA,25.21,6.95,32.16,18.26,0.01,0,0,160,154,166,2018-2019,29.66,6.42,36.08,23.25,-15.01,8.37,annual
2019-2020,KYRGHYZSTAN,29.13,1.33,30.46,27.8,0.01,0,0,159,176,167,2018-2019,30.02,2.59,32.6,27.43,-2.96,-48.74,annual
2019-2020,LAO PD RP,25.08,3.09,28.18,21.99,0.01,0,0,161,167,168,2018-2019,39.38,1.04,40.41,38.34,-36.31,198.87,annual
2019-2020,SOUTH SUDAN,20.05,7.33,27.37,12.72,0.01,0,0,165,152,169,2018-2019,10.53,89.97,100.5,-79.43,90.36,-91.86,annual
2019-2020,SWAZILAND,18.57,7.03,25.61,11.54,0.01,0,0,168,153,170,2018-2019,19.2,9.6,28.8,9.6,-3.26,-26.76,annual
2019-2020,TAJIKISTAN,23.5,0.29,23.8,23.21,0.01,0,0,162,192,171,2018-2019,22.28,4.24,26.52,18.04,5.49,-93.12,annual
2019-2020,ICELAND,10.05,10.41,20.46,-0.36,0,0,0,175,148,172,2018-2019,30.79,8.67,39.46,22.12,-67.36,20.12,annual
2019-2020,MONTENEGRO,19.96,0.16,20.12,19.8,0.01,0,0,166,200,173,2018-2019,38.93,0.13,39.06,38.8,-48.74,24.94,annual
2019-2020,BOSNIA-HRZGOVIN,15.32,3.33,18.64,11.99,0,0,0,170,165,174,2018-2019,17.08,2.45,19.54,14.63,-10.32,35.49,annual
2019-2020,MONGOLIA,16.27,1.3,17.56,14.97,0.01,0,0,169,177,175,2018-2019,22.81,1.01,23.82,21.8,-28.67,28.29,annual
2019-2020,NEW CALEDONIA,15.2,0.23,15.43,14.97,0,0,0,171,196,176,2018-2019,8.83,0.21,9.04,8.61,72.24,8.27,annual
2019-2020,BELIZE,14.27,0.96,15.23,13.31,0,0,0,172,179,177,2018-2019,16.98,0.65,17.64,16.33,-15.97,46.26,annual
2019-2020,BARBADOS,12.76,1.48,14.24,11.28,0,0,0,173,174,178,2018-2019,12.43,1.74,14.18,10.69,2.65,-15.09,annual
2019-2020,KOREA DP RP,8.97,3.47,12.44,5.5,0,0,0,178,164,179,2018-2019,26.99,3.01,30,23.97,-66.75,15.11,annual
2019-2020,MACAO,6.28,5.09,11.37,1.19,0,0,0,182,156,180,2018-2019,1.06,6.29,7.35,-5.24,495.18,-19.14,annual
2019-2020,ARUBA,9.87,0.3,10.17,9.56,0,0,0,176,190,181,2018-2019,9.63,0.55,10.18,9.09,2.43,-44.38,annual
2019-2020,BR VIRGN IS,0.49,8.57,9.06,-8.08,0,0,0,207,149,182,2018-2019,10.69,16.83,27.52,-6.13,-95.4,-49.08,annual
2019-2020,MOLDOVA,8.71,0.25,8.96,8.45,0,0,0,179,195,183,2018-2019,8.63,0.39,9.02,8.24,0.9,-34.77,annual
2019-2020,CAYMAN IS,6.58,1.44,8.02,5.15,0,0,0,181,175,184,2018-2019,4.37,0.23,4.61,4.14,50.66,511.55,annual
2019-2020,GUADELOUPE,7.8,0.2,8,7.6,0,0,0,180,198,185,2018-2019,3.42,0.37,3.79,3.05,128.06,-46.22,annual
2019-2020,SAMOA,4.25,3,7.25,1.26,0,0,0,186,169,186,2018-2019,2.59,2.75,5.33,-0.16,64.35,9.12,annual
2019-2020,FR POLYNESIA,6.04,0.05,6.1,5.99,0,0,0,183,207,187,2018-2019,5.5,0.01,5.51,5.49,9.87,436.4,annual
2019-2020,ERITREA,5.92,0,5.92,5.92,0,0,0,184,217,188,2018-2019,9.03,0,9.03,9.03,-34.5,-91.31,annual
2019-2020,LIECHTENSTEIN,4.36,0.42,4.77,3.94,0,0,0,185,187,189,2018-2019,3.4,3.6,6.99,-0.2,28.22,-88.43,annual
2019-2020,CAPE VERDE IS,2.17,2.04,4.22,0.13,0,0,0,195,172,190,2018-2019,1.6,2.91,4.5,-1.31,36.23,-29.71,annual
2019-2020,MARTINIQUE,3.81,0.29,4.1,3.52,0,0,0,187,191,191,2018-2019,3.58,0.81,4.38,2.77,6.47,-64.23,annual
2019-2020,FR GUIANA,0.98,2.9,3.88,-1.92,0,0,0,201,171,192,2018-2019,1.9,1.82,3.72,0.08,-48.43,59.42,annual
2019-2020,ST LUCIA,3.24,0.61,3.85,2.62,0,0,0,188,182,193,2018-2019,4.01,0.57,4.58,3.44,-19.21,7.77,annual
2019-2020,MAYOTTE,3.13,0.36,3.49,2.78,0,0,0,189,189,194,2018-2019,2.79,0.19,2.98,2.6,12.31,91.23,annual
2019-2020,GRENADA,2.79,0.48,3.27,2.31,0,0,0,190,185,195,2018-2019,3.77,0.48,4.25,3.29,-25.98,-0.02,annual
2019-2020,AMERI SAMOA,0.13,3.08,3.21,-2.95,0,0,0,216,168,196,2018-2019,0.03,0,0.03,0.03,401.64,617139.67,annual
2019-2020,VANUATU REP,2.42,0.26,2.67,2.16,0,0,0,193,193,197,2018-2019,1.97,0,1.97,1.97,22.47,,annual
2019-2020,ST KITT N A,2.56,0,2.56,2.56,0,0,0,191,227,198,2018-2019,2.37,0,2.37,2.37,7.84,,annual
2019-2020,BERMUDA,2.48,0,2.48,2.48,0,0,0,192,215,199,2018-2019,3.15,7.69,10.84,-4.53,-21.44,-100,annual
2019-2020,DOMINICA,2.17,0.25,2.42,1.92,0,0,0,196,194,200,2018-2019,1.3,0.31,1.61,0.98,67.58,-20.23,annual
2019-2020,ANTIGUA,2.19,0.2,2.38,1.99,0,0,0,194,197,201,2018-2019,2.71,0.15,2.86,2.55,-19.19,30,annual
2019-2020,STATE OF PALEST,1.09,0.74,1.83,0.35,0,0,0,200,181,202,2018-2019,1.49,1.19,2.68,0.31,-26.91,-37.27,annual
2019-2020,SAO TOME,1.5,0,1.5,1.5,0,0,0,199,226,203,2018-2019,1.18,0.01,1.19,1.18,26.59,,annual
2019-2020,FAROE IS.,0.91,0,0.91,0.91,0,0,0,202,218,204,2018-2019,2.96,0.03,2.99,2.93,-69.26,,annual
2019-2020,GUAM,0.91,0,0.91,0.91,0,0,0,203,220,205,2018-2019,0.66,0,0.66,0.66,38.21,-33.13,annual
2019-2020,US MINOR OUTLYING ISLANDS,0.4,0.4,0.8,0,0,0,0,208,188,206,2018-2019,0.69,0.08,0.77,0.61,-42.09,403.43,annual
2019-2020,NORFOLK IS,0.33,0.45,0.78,-0.11,0,0,0,210,186,207,2018-2019,0.19,0.14,0.33,0.05,75.06,208.13,annual
2019-2020,ST VINCENT,0.69,0,0.69,0.69,0,0,0,204,228,208,2018-2019,0.73,0.02,0.75,0.71,-6.4,,annual
2019-2020,TONGA,0.66,0,0.66,0.66,0,0,0,205,230,209,2018-2019,0.35,0.05,0.39,0.3,90.49,,annual
2019-2020,TURKS C IS,0.64,0.01,0.65,0.63,0,0,0,206,214,210,2018-2019,0.26,0,0.26,0.26,143.31,,annual
2019-2020,SAN MARINO,0.25,0.15,0.4,0.09,0,0,0,213,201,211,2018-2019,0.15,0.21,0.36,-0.06,62.64,-28.98,annual
2019-2020,KIRIBATI REP,0.39,0,0.39,0.39,0,0,0,209,222,212,2018-2019,0.37,0.22,0.59,0.15,4.49,,annual
2019-2020,ST HELENA,0.33,0.01,0.35,0.32,0,0,0,211,213,213,2018-2019,0.02,0.07,0.09,-0.06,1926.12,-79.75,annual
2019-2020,COOK IS,0.32,0,0.32,0.32,0,0,0,212,216,214,2018-2019,0.27,0.02,0.29,0.25,18.73,,annual
2019-2020,NAURU RP,0.14,0.07,0.21,0.07,0,0,0,215,206,215,2018-2019,0.53,0.16,0.69,0.37,-73.63,-57.77,annual
2019-2020,VATICAN CITY,0.03,0.18,0.21,-0.15,0,0,0,222,199,216,2018-2019,0.03,0.09,0.12,-0.06,16.6,105.33,annual
2019-2020,N. MARIANA IS.,0.15,0,0.15,0.15,0,0,0,214,224,217,2018-2019,0.27,0.02,0.29,0.25,-44.98,-98.1,annual
2019-2020,ANGUILLA,0.04,0.1,0.14,-0.05,0,0,0,221,203,218,2018-2019,0.16,0.19,0.35,-0.04,-71.59,-49.51,annual
2019-2020,JERSEY,0,0.14,0.14,-0.14,0,0,0,229,202,219,2018-2019,0,0.05,0.05,-0.05,,174.93,annual
2019-2020,ANDORRA,0.08,0.03,0.11,0.04,0,0,0,217,209,220,2018-2019,0.33,0.04,0.37,0.29,-76.41,-13.17,annual
2019-2020,FALKLAND IS,0.08,0.03,0.11,0.05,0,0,0,218,210,221,2018-2019,0,0,0,0,,,annual
2019-2020,ANTARTICA,0.02,0.08,0.1,-0.05,0,0,0,223,204,222,2018-2019,0,0.03,0.04,-0.03,566.86,138.28,annual
2019-2020,TOKELAU IS,0,0.08,0.08,-0.08,0,0,0,231,205,223,2018-2019,0,0.02,0.02,-0.02,-62.65,347.51,annual
2019-2020,MONTSERRAT,0.06,0,0.06,0.06,0,0,0,219,223,224,2018-2019,0.06,0.06,0.11,0,3.23,,annual
2019-2020,PALAU,0.05,0,0.06,0.05,0,0,0,220,225,225,2018-2019,0.09,3.22,3.3,-3.13,-39.56,-99.89,annual
2019-2020,PITCAIRN IS.,0.02,0.02,0.04,0,0,0,0,224,211,226,2018-2019,0.01,0.03,0.05,-0.02,88.58,-42.75,annual
2019-2020,CHRISTMAS IS.,0,0.01,0.02,-0.01,0,0,0,226,212,227,2018-2019,0,0,0,0,,,annual
2019-2020,WALLIS F IS,0.02,0,0.02,0.02,0,0,0,225,232,228,2018-2019,0,0,0,0,,,annual
2019-2020,GREENLAND,0,0,0,0,0,0,0,227,219,229,2018-2019,0,0,0,0,,,annual
2019-2020,GUERNSEY,0,0,0,0,0,0,0,228,221,230,2018-2019,0,0,0,0,,,annual
2019-2020,TIMOR LESTE,0,0,0,0,0,0,0,230,229,231,2018-2019,5.26,0,5.26,5.26,,,annual
2019-2020,TUVALU,0,0,0,0,0,0,0,232,231,232,2018-2019,0,0,0,0,-9.07,,annual
2020-2021,CHINA P RP,21188.72,65212.25,86400.97,-44023.53,7.26,16.53,12.59,2,1,1,2019-2020,16614.32,65260.75,81875.07,-48646.42,27.53,-0.07,annual
2020-2021,U S A,51632.85,28888.17,80521.03,22744.68,17.69,7.32,11.73,1,2,2,2019-2020,53108.63,35820.69,88929.32,17287.94,-2.78,-19.35,annual
2020-2021,U ARAB EMTS,16679.58,26624.49,43304.07,-9944.91,5.72,6.75,6.31,3,3,3,2019-2020,28853.77,30265.99,59119.76,-1412.21,-42.19,-12.03,annual
2020-2021,HONG KONG,10162.4,15172.82,25335.22,-5010.41,3.48,3.85,3.69,4,6,4,2019-2020,10967.12,16935.32,27902.43,-5968.2,-7.34,-10.41,annual
2020-2021,SAUDI ARAB,5856.61,16186.76,22043.37,-10330.15,2.01,4.1,3.21,12,5,5,2019-2020,6236.86,26857.37,33094.24,-20620.51,-6.1,-39.73,annual
2020-2021,SINGAPORE,8675.6,13304.92,21980.52,-4629.31,2.97,3.37,3.2,6,9,6,2019-2020,8922.74,14746.78,23669.51,-5824.04,-2.77,-9.78,annual
2020-2021,GERMANY,8126.28,13643.02,21769.3,-5516.74,2.78,3.46,3.17,8,8,7,2019-2020,8291.3,13691.11,21982.41,-5399.81,-1.99,-0.35,annual
2020-2021,SWITZERLAND,1261.81,18230.95,19492.76,-16969.15,0.43,4.62,2.84,43,4,8,2019-2020,1200.08,16899.89,18099.96,-15699.81,5.14,7.88,annual
2020-2021,INDONESIA,5026.57,12470.85,17497.41,-7444.28,1.72,3.16,2.55,14,11,9,2019-2020,4129.69,15067.09,19196.78,-10937.39,21.72,-17.23,annual
2020-2021,KOREA RP,4685.32,12772.97,17458.29,-8087.65,1.61,3.24,2.54,18,10,10,2019-2020,4845.68,15659.7,20505.38,-10814.02,-3.31,-18.43,annual
2020-2021,IRAQ,1498.99,14287.1,15786.09,-12788.12,0.51,3.62,2.3,39,7,11,2019-2020,1878.17,23740.18,25618.34,-21862.01,-20.19,-39.82,annual
2020-2021,JAPAN,4435.04,10924.74,15359.78,-6489.7,1.52,2.77,2.24,19,12,12,2019-2020,4520.58,12434.67,16955.25,-7914.09,-1.89,-12.14,annual
2020-2021,MALAYSIA,6057.7,8373.05,14430.75,-2315.36,2.08,2.12,2.1,11,13,13,2019-2020,6364.69,9782.28,16146.97,-3417.59,-4.82,-14.41,annual
2020-2021,U K,8206.24,4955.99,13162.22,3250.25,2.81,1.26,1.92,7,23,14,2019-2020,8766.76,6712.81,15479.57,2053.95,-6.39,-26.17,annual
2020-2021,AUSTRALIA,4044.94,8247.85,12292.78,-4202.91,1.39,2.09,1.79,22,14,15,2019-2020,2853.16,9782.22,12635.38,-6929.06,41.77,-15.69,annual
2020-2021,BELGIUM,5235.74,6940.68,12176.42,-1704.93,1.79,1.76,1.77,13,17,16,2019-2020,5809.97,8879.48,14689.45,-3069.51,-9.88,-21.83,annual
2020-2021,SOUTH AFRICA,3934.2,7568.2,11502.4,-3633.99,1.35,1.92,1.68,24,16,17,2019-2020,4108.18,6969.79,11077.97,-2861.62,-4.23,8.59,annual
2020-2021,VIETNAM SOC REP,4999.72,6120.66,11120.37,-1120.94,1.71,1.55,1.62,15,18,18,2019-2020,5059.92,7283.42,12343.35,-2223.5,-1.19,-15.96,annual
2020-2021,BANGLADESH PR,9691.71,1091.66,10783.37,8600.05,3.32,0.28,1.57,5,45,19,2019-2020,8200.85,1264.74,9465.6,6936.11,18.18,-13.69,annual
2020-2021,THAILAND,4237.59,5682.27,9919.86,-1444.68,1.45,1.44,1.45,21,19,20,2019-2020,4299.3,6788.38,11087.67,-2489.08,-1.44,-16.29,annual
2020-2021,NETHERLAND,6474.56,3317.72,9792.28,3156.84,2.22,0.84,1.43,10,27,21,2019-2020,8369.19,3390.97,11760.15,4978.22,-22.64,-2.16,annual
2020-2021,QATAR,1284.83,7930.15,9214.97,-6645.32,0.44,2.01,1.34,42,15,22,2019-2020,1268.36,9685.98,10954.34,-8417.62,1.3,-18.13,annual
2020-2021,FRANCE,4786.03,4343.22,9129.25,442.8,1.64,1.1,1.33,16,24,23,2019-2020,5100.65,6168.82,11269.46,-1068.17,-6.17,-29.59,annual
2020-2021,NIGERIA,3134.89,5672.38,8807.27,-2537.49,1.07,1.44,1.28,27,20,24,2019-2020,3609.91,10213.61,13823.51,-6603.7,-13.16,-44.46,annual
2020-2021,ITALY,4736.16,3862.05,8598.21,874.11,1.62,0.98,1.25,17,26,25,2019-2020,4971.42,4490.92,9462.34,480.49,-4.73,-14,annual
2020-2021,RUSSIA,2655.84,5485.75,8141.58,-2829.91,0.91,1.39,1.19,31,21,26,2019-2020,3017.75,7093.01,10110.76,-4075.25,-11.99,-22.66,annual
2020-2021,NEPAL,6838.46,673.16,7511.62,6165.31,2.34,0.17,1.09,9,54,27,2019-2020,7160.35,711.61,7871.95,6448.74,-4.5,-5.4,annual
2020-2021,BRAZIL,4244.94,3015.99,7260.92,1228.95,1.45,0.76,1.06,20,29,28,2019-2020,3967.44,3074.97,7042.41,892.47,6.99,-1.92,annual
2020-2021,KUWAIT,1054.2,5214.15,6268.34,-4159.95,0.36,1.32,0.91,45,22,29,2019-2020,1286.56,9573.8,10860.36,-8287.24,-18.06,-45.54,annual
2020-2021,MEXICO,3086.68,2845.91,5932.59,240.77,1.06,0.72,0.86,28,30,30,2019-2020,3623.71,4296.8,7920.51,-673.08,-14.82,-33.77,annual
2020-2021,TAIWAN,1620.15,4036.75,5656.89,-2416.6,0.56,1.02,0.82,37,25,31,2019-2020,1674.61,4046.23,5720.84,-2371.62,-3.25,-0.23,annual
2020-2021,CANADA,2960.78,2686.43,5647.21,274.35,1.01,0.68,0.82,29,31,32,2019-2020,2851.84,3880.33,6732.18,-1028.49,3.82,-30.77,annual
2020-2021,OMAN,2355.3,3087.93,5443.23,-732.63,0.81,0.78,0.79,32,28,33,2019-2020,2261.81,3669.33,5931.14,-1407.52,4.13,-15.85,annual
2020-2021,TURKEY,3952.89,1467.33,5420.22,2485.56,1.35,0.37,0.79,23,40,34,2019-2020,4969.47,2116.56,7086.03,2852.92,-20.46,-30.67,annual
2020-2021,SPAIN,3238.8,1511.92,4750.72,1726.88,1.11,0.38,0.69,26,39,35,2019-2020,3945.86,1613.17,5559.03,2332.69,-17.92,-6.28,annual
2020-2021,ISRAEL,2701.49,1960.19,4661.68,741.3,0.93,0.5,0.68,30,34,36,2019-2020,3363.11,1592.7,4955.8,1770.41,-19.67,23.07,annual
2020-2021,EGYPT A RP,2264.52,1892.4,4156.92,372.13,0.78,0.48,0.61,33,35,37,2019-2020,2504.24,2031.38,4535.61,472.86,-9.57,-6.84,annual
2020-2021,SRI LANKA DSR,3498.3,642.94,4141.25,2855.36,1.2,0.16,0.6,25,56,38,2019-2020,3800.91,903.69,4704.61,2897.22,-7.96,-28.85,annual
2020-2021,ARGENTINA,687.84,2627.05,3314.89,-1939.21,0.24,0.67,0.48,59,32,39,2019-2020,763.24,2327.26,3090.49,-1564.02,-9.88,12.88,annual
2020-2021,UKRAINE,450.97,2139.86,2590.83,-1688.89,0.15,0.54,0.38,78,33,40,2019-2020,463.81,2060.79,2524.6,-1596.98,-2.77,3.84,annual
2020-2021,TANZANIA REP,1439.06,934.88,2373.94,504.18,0.49,0.24,0.35,41,48,41,2019-2020,1740.08,1023.47,2763.56,716.61,-17.3,-8.66,annual
2020-2021,POLAND,1652.67,706.35,2359.03,946.32,0.57,0.18,0.34,36,52,42,2019-2020,1548.11,849.58,2397.68,698.53,6.75,-16.86,annual
2020-2021,PERU,764.78,1520.88,2285.65,-756.1,0.26,0.39,0.33,54,38,43,2019-2020,764.02,1575.09,2339.11,-811.07,0.1,-3.44,annual
2020-2021,COLOMBIA,865.04,1403.61,2268.65,-538.58,0.3,0.36,0.33,47,42,44,2019-2020,1043.42,810.95,1854.38,232.47,-17.1,73.08,annual
2020-2021,GHANA,862.5,1374.96,2237.46,-512.46,0.3,0.35,0.33,48,43,45,2019-2020,617.42,1773.55,2390.97,-1156.13,39.7,-22.47,annual
2020-2021,ANGOLA,259.6,1879.74,2139.34,-1620.14,0.09,0.48,0.31,94,36,46,2019-2020,285.1,3649.02,3934.11,-3363.92,-8.94,-48.49,annual
2020-2021,GUINEA,501.77,1631.02,2132.79,-1129.25,0.17,0.41,0.31,73,37,47,2019-2020,354.82,416.3,771.13,-61.48,41.41,291.79,annual
2020-2021,IRAN,1774.8,331.48,2106.28,1443.32,0.61,0.08,0.31,35,75,48,2019-2020,3373.69,1397.33,4771.02,1976.35,-47.39,-76.28,annual
2020-2021,PHILIPPINES,1457.3,572.47,2029.77,884.82,0.5,0.15,0.3,40,60,49,2019-2020,1526.03,523.83,2049.87,1002.2,-4.5,9.28,annual
2020-2021,KENYA,1895.84,130.27,2026.11,1765.58,0.65,0.03,0.3,34,93,50,2019-2020,2108.6,89.62,2198.21,2018.98,-10.09,45.36,annual
2020-2021,MOROCCO,507.62,1436.82,1944.44,-929.21,0.17,0.36,0.28,72,41,51,2019-2020,799.45,952.54,1751.99,-153.09,-36.5,50.84,annual
2020-2021,MOZAMBIQUE,1231.34,631.6,1862.95,599.74,0.42,0.16,0.27,44,57,52,2019-2020,2174.31,835.07,3009.38,1339.24,-43.37,-24.37,annual
2020-2021,TOGO,1547.23,300.23,1847.47,1247,0.53,0.08,0.27,38,80,53,2019-2020,1040.6,383.54,1424.14,657.06,48.69,-21.72,annual
2020-2021,SWEDEN,763.84,1004.76,1768.6,-240.93,0.26,0.25,0.26,55,47,54,2019-2020,748.42,1114.48,1862.9,-366.06,2.06,-9.84,annual
2020-2021,JORDAN,630.89,1065.53,1696.42,-434.64,0.22,0.27,0.25,63,46,55,2019-2020,960.66,1064.66,2025.32,-103.99,-34.33,0.08,annual
2020-2021,CHILE,805,670.6,1475.6,134.39,0.28,0.17,0.22,51,55,56,2019-2020,793.43,1175.67,1969.1,-382.24,1.46,-42.96,annual
2020-2021,SUDAN,1022.33,368.28,1390.61,654.05,0.35,0.09,0.2,46,72,57,2019-2020,1096.88,396.75,1493.63,700.12,-6.8,-7.18,annual
2020-2021,DENMARK,755.25,589.13,1344.38,166.13,0.26,0.15,0.2,56,59,58,2019-2020,733.96,632.4,1366.36,101.55,2.9,-6.84,annual
2020-2021,AFGHANISTAN,825.78,509.49,1335.27,316.29,0.28,0.13,0.19,50,63,59,2019-2020,997.58,529.84,1527.42,467.74,-17.22,-3.84,annual
2020-2021,MYANMAR,772.56,526.79,1299.35,245.77,0.26,0.13,0.19,53,62,60,2019-2020,973.89,547.25,1521.13,426.64,-20.67,-3.74,annual
2020-2021,VENEZUELA,557.1,714.24,1271.33,-157.14,0.19,0.18,0.19,67,50,61,2019-2020,339.71,6057.01,6396.72,-5717.3,63.99,-88.21,annual
2020-2021,BOLIVIA,94.34,1159.14,1253.48,-1064.8,0.03,0.29,0.18,127,44,62,2019-2020,113.46,845.88,959.35,-732.42,-16.86,37.03,annual
2020-2021,BHUTAN,701.02,433,1134.02,268.02,0.24,0.11,0.17,57,65,63,2019-2020,738.6,405.73,1144.33,332.87,-5.09,6.72,annual
2020-2021,SENEGAL,699.1,401.13,1100.23,297.97,0.24,0.1,0.16,58,69,64,2019-2020,477.1,469.47,946.56,7.63,46.53,-14.56,annual
2020-2021,AUSTRIA,453.07,623.1,1076.17,-170.03,0.16,0.16,0.16,77,58,65,2019-2020,455.59,629.74,1085.32,-174.15,-0.55,-1.05,annual
2020-2021,BAHARAIN IS,528.25,547.49,1075.74,-19.24,0.18,0.14,0.16,71,61,66,2019-2020,559.09,421.5,980.6,137.59,-5.52,29.89,annual
2020-2021,KAZAKHSTAN,225.96,804.97,1030.92,-579.01,0.08,0.2,0.15,95,49,67,2019-2020,202.59,2255.7,2458.29,-2053.12,11.54,-64.31,annual
2020-2021,ALGERIA,594.74,408.79,1003.53,185.95,0.2,0.1,0.15,64,67,68,2019-2020,611.02,1996.76,2607.79,-1385.74,-2.66,-79.53,annual
2020-2021,FINLAND,284.85,713.2,998.06,-428.35,0.1,0.18,0.15,89,51,69,2019-2020,268.72,625.65,894.38,-356.93,6,13.99,annual
2020-2021,NORWAY,322.48,673.66,996.14,-351.18,0.11,0.17,0.15,87,53,70,2019-2020,421.61,630.79,1052.4,-209.18,-23.51,6.8,annual
2020-2021,IRELAND,563.48,414.46,977.94,149.02,0.19,0.11,0.14,66,66,71,2019-2020,534,604.15,1138.15,-70.15,5.52,-31.4,annual
2020-2021,PORTUGAL,837.14,113.96,951.1,723.18,0.29,0.03,0.14,49,99,72,2019-2020,744.79,141.82,886.6,602.97,12.4,-19.64,annual
2020-2021,COTE D' IVOIRE,585.96,317.51,903.47,268.45,0.2,0.08,0.13,65,79,73,2019-2020,414.67,454.88,869.55,-40.22,41.31,-30.2,annual
2020-2021,BENIN,555.2,325.97,881.17,229.24,0.19,0.08,0.13,68,77,74,2019-2020,326.62,358.94,685.55,-32.32,69.99,-9.19,annual
2020-2021,CZECH REPUBLIC,485.48,393.12,878.59,92.36,0.17,0.1,0.13,76,70,75,2019-2020,496.37,299.42,795.79,196.95,-2.19,31.29,annual
2020-2021,NEW ZEALAND,486.25,381.53,867.78,104.73,0.17,0.1,0.13,75,71,76,2019-2020,378.55,521.83,900.38,-143.27,28.45,-26.89,annual
2020-2021,YEMEN REPUBLC,785.54,23.39,808.93,762.15,0.27,0.01,0.12,52,131,77,2019-2020,721.25,22.73,743.98,698.52,8.91,2.9,annual
2020-2021,ETHIOPIA,684.32,32.64,716.96,651.68,0.23,0.01,0.1,60,122,78,2019-2020,798.31,98.55,896.86,699.76,-14.28,-66.88,annual
2020-2021,HUNGARY,495.27,218.92,714.19,276.35,0.17,0.06,0.1,74,87,79,2019-2020,423.96,187.68,611.64,236.28,16.82,16.65,annual
2020-2021,UGANDA,670.32,39.14,709.47,631.18,0.23,0.01,0.1,61,115,80,2019-2020,621.52,34.59,656.11,586.93,7.85,13.15,annual
2020-2021,UNSPECIFIED,658.71,44.23,702.94,614.48,0.23,0.01,0.1,62,111,81,2019-2020,2483.24,97.75,2580.99,2385.49,-73.47,-54.75,annual
2020-2021,GREECE,546.31,143.02,689.32,403.29,0.19,0.04,0.1,70,92,82,2019-2020,445.6,123.71,569.31,321.9,22.6,15.61,annual
2020-2021,BOTSWANA,172.69,461.72,634.41,-289.04,0.06,0.12,0.09,105,64,83,2019-2020,178.74,744,922.74,-565.26,-3.39,-37.94,annual
2020-2021,SLOVENIA,355.8,271.78,627.58,84.02,0.12,0.07,0.09,82,83,84,2019-2020,334.12,248.43,582.55,85.69,6.49,9.4,annual
2020-2021,BURKINA FASO,207.87,359.94,567.82,-152.07,0.07,0.09,0.08,99,73,85,2019-2020,153.94,542.67,696.61,-388.72,35.03,-33.67,annual
2020-2021,ROMANIA,371.84,193.97,565.81,177.87,0.13,0.05,0.08,81,89,86,2019-2020,366.95,261.34,628.3,105.61,1.33,-25.78,annual
2020-2021,SOMALIA,554.45,5.67,560.13,548.78,0.19,0,0.08,69,156,87,2019-2020,583.87,15.05,598.92,568.82,-5.04,-62.3,annual
2020-2021,ECUADOR,207.89,333.25,541.14,-125.36,0.07,0.08,0.08,98,74,88,2019-2020,253,361.6,614.6,-108.6,-17.83,-7.84,annual
2020-2021,LITHUANIA,163.66,321.05,484.71,-157.38,0.06,0.08,0.07,108,78,89,2019-2020,110.76,262.09,372.86,-151.33,47.76,22.49,annual
2020-2021,CAMEROON,279.07,202.47,481.54,76.61,0.1,0.05,0.07,91,88,90,2019-2020,228.45,676.36,904.81,-447.91,22.16,-70.07,annual
2020-2021,MAURITIUS,422.91,43.84,466.74,379.07,0.14,0.01,0.07,80,112,91,2019-2020,662.13,30.41,692.54,631.72,-36.13,44.15,annual
2020-2021,DOMINIC REP,209.06,256.94,466,-47.88,0.07,0.07,0.07,97,84,92,2019-2020,213.32,361.11,574.43,-147.79,-2,-28.85,annual
2020-2021,GABON,58.7,405.46,464.17,-346.76,0.02,0.1,0.07,143,68,93,2019-2020,45.55,138.4,183.94,-92.85,28.89,192.97,annual
2020-2021,CONGO D. REP.,430.33,10.16,440.49,420.17,0.15,0,0.06,79,145,94,2019-2020,352.77,32.13,384.9,320.65,21.98,-68.38,annual
2020-2021,MADAGASCAR,324.22,87.51,411.73,236.7,0.11,0.02,0.06,86,101,95,2019-2020,301.73,125.92,427.65,175.82,7.45,-30.5,annual
2020-2021,ZAMBIA,268.87,126.5,395.36,142.37,0.09,0.03,0.06,92,95,96,2019-2020,247.64,843.32,1090.95,-595.68,8.57,-85,annual
2020-2021,BRUNEI,62.91,329.25,392.16,-266.35,0.02,0.08,0.06,139,76,97,2019-2020,57.62,586.28,643.9,-528.66,9.18,-43.84,annual
2020-2021,TUNISIA,264.65,123.36,388.01,141.3,0.09,0.03,0.06,93,98,98,2019-2020,245.02,131.13,376.15,113.9,8.01,-5.93,annual
2020-2021,DJIBOUTI,347.06,20.16,367.23,326.9,0.12,0.01,0.05,83,133,99,2019-2020,316.01,19.54,335.55,296.47,9.83,3.21,annual
2020-2021,CONGO P REP,109.84,245.94,355.78,-136.11,0.04,0.06,0.05,122,85,100,2019-2020,112.91,587.5,700.42,-474.59,-2.72,-58.14,annual
2020-2021,GUATEMALA,331.36,20.75,352.11,310.61,0.11,0.01,0.05,84,132,101,2019-2020,291.33,22.95,314.27,268.38,13.74,-9.58,annual
2020-2021,BELARUS,62.33,287.65,349.98,-225.32,0.02,0.07,0.05,140,81,102,2019-2020,55.77,147.44,203.21,-91.67,11.76,95.09,annual
2020-2021,MALTA,317.04,23.71,340.75,293.33,0.11,0.01,0.05,88,130,103,2019-2020,208.2,121.9,330.1,86.3,52.28,-80.55,annual
2020-2021,PAKISTAN IR,326.87,2.39,329.26,324.48,0.11,0,0.05,85,163,104,2019-2020,816.64,13.97,830.6,802.67,-59.97,-82.91,annual
2020-2021,EQUTL GUINEA,14.19,286.79,300.98,-272.6,0,0.07,0.04,170,82,105,2019-2020,10.92,972.88,983.8,-961.96,29.97,-70.52,annual
2020-2021,BULGARIA,170.35,125.38,295.72,44.97,0.06,0.03,0.04,106,97,106,2019-2020,158.9,144.06,302.96,14.84,7.21,-12.97,annual
2020-2021,UZBEKISTAN,280.07,14.94,295.01,265.13,0.1,0,0.04,90,137,107,2019-2020,180.21,66.85,247.06,113.36,55.41,-77.65,annual
2020-2021,AZERBAIJAN,50.81,229.07,279.88,-178.26,0.02,0.06,0.04,149,86,108,2019-2020,53.21,273.91,327.12,-220.7,-4.5,-16.37,annual
2020-2021,URUGUAY,104.71,163.59,268.3,-58.88,0.04,0.04,0.04,124,91,109,2019-2020,147.69,57.24,204.93,90.45,-29.1,185.81,annual
2020-2021,TRINIDAD,74.79,189.36,264.15,-114.57,0.03,0.05,0.04,135,90,110,2019-2020,85.11,84.42,169.53,0.68,-12.12,124.3,annual
2020-2021,LIBERIA,225.65,6.95,232.6,218.7,0.08,0,0.03,96,150,111,2019-2020,219.52,7.75,227.27,211.77,2.79,-10.28,annual
2020-2021,LIBYA,153.91,70.52,224.43,83.4,0.05,0.02,0.03,113,104,112,2019-2020,184.4,43.09,227.49,141.31,-16.53,63.66,annual
2020-2021,MALDIVES,195.88,24.49,220.36,171.39,0.07,0.01,0.03,101,128,113,2019-2020,226.57,6,232.57,220.58,-13.55,308.32,annual
2020-2021,LEBANON,190.38,27.95,218.33,162.42,0.07,0.01,0.03,102,126,114,2019-2020,203.97,30.94,234.91,173.04,-6.67,-9.63,annual
2020-2021,CAMBODIA,168.86,39.35,208.21,129.51,0.06,0.01,0.03,107,114,115,2019-2020,188.12,46.69,234.81,141.43,-10.24,-15.73,annual
2020-2021,GIBRALTAR,203.38,0.46,203.83,202.92,0.07,0,0.03,100,183,116,2019-2020,629.14,1.01,630.14,628.13,-67.67,-54.68,annual
2020-2021,MALI,186.97,13.97,200.94,173.01,0.06,0,0.03,103,138,117,2019-2020,146.14,38.07,184.21,108.07,27.94,-63.31,annual
2020-2021,SLOVAK REP,155.97,35.58,191.55,120.39,0.05,0.01,0.03,112,118,118,2019-2020,138.42,54.84,193.26,83.59,12.67,-35.11,annual
2020-2021,GEORGIA,99.32,86.9,186.22,12.42,0.03,0.02,0.03,126,102,119,2019-2020,82.77,11.4,94.17,71.38,19.99,662.61,annual
2020-2021,CROATIA,142.81,42.81,185.61,100,0.05,0.01,0.03,117,113,120,2019-2020,147.75,57.18,204.93,90.57,-3.34,-25.14,annual
2020-2021,PUERTO RICO,156.21,29.11,185.32,127.11,0.05,0.01,0.03,111,125,121,2019-2020,134.44,52.45,186.89,81.99,16.19,-44.5,annual
2020-2021,PANAMA REPUBLIC,151.88,32.95,184.83,118.94,0.05,0.01,0.03,115,121,122,2019-2020,238.52,75.83,314.35,162.7,-36.32,-56.55,annual
2020-2021,PAPUA N GNA,56.17,125.88,182.05,-69.71,0.02,0.03,0.03,144,96,123,2019-2020,56.02,55.7,111.71,0.32,0.28,126.01,annual
2020-2021,ZIMBABWE,175.72,5.71,181.42,170.01,0.06,0,0.03,104,155,124,2019-2020,161.13,13.59,174.72,147.54,9.05,-58.01,annual
2020-2021,PARAGUAY,160.81,15.61,176.43,145.2,0.06,0,0.03,110,135,125,2019-2020,126.96,25.28,152.24,101.68,26.66,-38.23,annual
2020-2021,HONDURAS,163.38,12.56,175.94,150.81,0.06,0,0.03,109,140,126,2019-2020,185.34,19.32,204.66,166.02,-11.85,-34.96,annual
2020-2021,GAMBIA,129.59,38.41,168,91.19,0.04,0.01,0.02,119,116,127,2019-2020,132.33,40.95,173.28,91.38,-2.07,-6.22,annual
2020-2021,ARMENIA,69.83,96.46,166.29,-26.62,0.02,0.02,0.02,136,100,128,2019-2020,40.49,1.56,42.05,38.93,72.48,6097.15,annual
2020-2021,COSTA RICA,113.88,47.25,161.13,66.63,0.04,0.01,0.02,121,110,129,2019-2020,126.63,48.71,175.33,77.92,-10.06,-2.99,annual
2020-2021,SIERRA LEONE,152.11,8.71,160.81,143.4,0.05,0,0.02,114,146,130,2019-2020,115.37,24.49,139.86,90.88,31.84,-64.45,annual
2020-2021,MALAWI,150.96,7.07,158.03,143.89,0.05,0,0.02,116,149,131,2019-2020,185.09,31.76,216.85,153.33,-18.44,-77.73,annual
2020-2021,LATVIA,103.48,48.88,152.36,54.6,0.04,0.01,0.02,125,109,132,2019-2020,119.25,265.54,384.79,-146.29,-13.22,-81.59,annual
2020-2021,GUINEA BISSAU,18.11,126.99,145.11,-108.88,0.01,0.03,0.02,167,94,133,2019-2020,8.99,124.54,133.53,-115.54,101.45,1.97,annual
2020-2021,RWANDA,134.29,6.67,140.96,127.62,0.05,0,0.02,118,151,134,2019-2020,124.05,4.1,128.15,119.95,8.26,62.49,annual
2020-2021,SYRIA,124.26,15.31,139.57,108.96,0.04,0,0.02,120,136,135,2019-2020,159.34,15.34,174.68,144,-22.01,-0.22,annual
2020-2021,HAITI,107.63,13.47,121.1,94.16,0.04,0,0.02,123,139,136,2019-2020,65.51,13.94,79.45,51.57,64.3,-3.35,annual
2020-2021,CYPRUS,90.11,23.98,114.09,66.13,0.03,0.01,0.02,129,129,137,2019-2020,443.28,74.43,517.71,368.85,-79.67,-67.78,annual
2020-2021,ESTONIA,51.83,59.96,111.79,-8.13,0.02,0.02,0.02,147,106,138,2019-2020,65.44,54.06,119.5,11.38,-20.8,10.91,annual
2020-2021,CHAD,59.23,50,109.23,9.23,0.02,0.01,0.02,142,108,139,2019-2020,58.69,270.75,329.44,-212.06,0.92,-81.53,annual
2020-2021,SERBIA,90.77,7.31,98.08,83.46,0.03,0,0.01,128,148,140,2019-2020,83.68,11.51,95.18,72.17,8.48,-36.48,annual
2020-2021,NICARAGUA,89.67,6.18,95.86,83.49,0.03,0,0.01,130,153,141,2019-2020,65.53,3.6,69.12,61.93,36.85,71.96,annual
2020-2021,MAURITANIA,88.92,5.49,94.41,83.42,0.03,0,0.01,131,157,142,2019-2020,83.83,10.7,94.53,73.14,6.06,-48.63,annual
2020-2021,NIGER,87.03,4.12,91.15,82.92,0.03,0,0.01,132,159,143,2019-2020,73.6,0.9,74.5,72.69,18.26,356.57,annual
2020-2021,CAYMAN IS,4.32,86.45,90.77,-82.12,0,0.02,0.01,183,103,144,2019-2020,6.58,1.44,8.02,5.15,-34.36,5920.62,annual
2020-2021,CUBA,20.33,69.44,89.77,-49.1,0.01,0.02,0.01,162,105,145,2019-2020,47.51,3.53,51.04,43.98,-57.2,1864.74,annual
2020-2021,EL SALVADOR,84.12,3.82,87.95,80.3,0.03,0,0.01,133,161,146,2019-2020,79.34,3.2,82.55,76.14,6.03,19.29,annual
2020-2021,NAMIBIA,51.01,30.23,81.23,20.78,0.02,0.01,0.01,148,124,147,2019-2020,66.18,28.54,94.72,37.63,-22.92,5.89,annual
2020-2021,SWAZILAND,24.32,50.87,75.19,-26.55,0.01,0.01,0.01,158,107,148,2019-2020,18.57,7.03,25.61,11.54,30.94,623.22,annual
2020-2021,VIRGIN IS US,74.97,0.09,75.05,74.88,0.03,0,0.01,134,201,149,2019-2020,81.4,7.5,88.9,73.89,-7.9,-98.85,annual
2020-2021,JAMAICA,64.06,2.23,66.29,61.83,0.02,0,0.01,137,164,150,2019-2020,56.76,2.96,59.71,53.8,12.87,-24.67,annual
2020-2021,BURUNDI,64.02,0.07,64.09,63.95,0.02,0,0.01,138,204,151,2019-2020,58.47,3.83,62.29,54.64,9.5,-98.18,annual
2020-2021,REUNION,43.86,18.42,62.27,25.44,0.02,0,0.01,152,134,152,2019-2020,40.15,18.52,58.67,21.63,9.23,-0.56,annual
2020-2021,TURKMENISTAN,60.34,0.3,60.64,60.05,0.02,0,0.01,141,191,153,2019-2020,33.9,3.99,37.89,29.91,78.01,-92.59,annual
2020-2021,SEYCHELLES,55.08,3.64,58.72,51.44,0.02,0,0.01,145,162,154,2019-2020,66.64,4.71,71.35,61.94,-17.35,-22.69,annual
2020-2021,ALBANIA,46.75,8.3,55.06,38.45,0.02,0,0.01,151,147,155,2019-2020,44.12,47.51,91.62,-3.39,5.97,-82.52,annual
2020-2021,TAJIKISTAN,53.45,1.06,54.51,52.38,0.02,0,0.01,146,174,156,2019-2020,23.5,0.29,23.8,23.21,127.39,264.32,annual
2020-2021,SURINAME,17.12,34.14,51.26,-17.01,0.01,0.01,0.01,168,119,157,2019-2020,31.12,55.07,86.19,-23.95,-44.98,-38.01,annual
2020-2021,FIJI IS,46.9,1.33,48.24,45.57,0.02,0,0.01,150,172,158,2019-2020,55.7,0.57,56.27,55.13,-15.79,132.49,annual
2020-2021,GUYANA,35.69,11.28,46.96,24.41,0.01,0,0.01,155,143,159,2019-2020,25.21,6.95,32.16,18.26,41.56,62.16,annual
2020-2021,KYRGHYZSTAN,38.71,5.16,43.87,33.55,0.01,0,0.01,154,158,160,2019-2020,29.13,1.33,30.46,27.8,32.88,289.15,annual
2020-2021,LUXEMBOURG,12.6,30.49,43.09,-17.89,0,0.01,0.01,171,123,161,2019-2020,20.34,54.35,74.7,-34.01,-38.08,-43.9,annual
2020-2021,BAHAMAS,4.56,35.84,40.4,-31.27,0,0.01,0.01,181,117,162,2019-2020,60.48,14.7,75.18,45.79,-92.45,143.86,annual
2020-2021,LESOTHO,39.89,0.17,40.06,39.72,0.01,0,0.01,153,198,163,2019-2020,40.78,0.04,40.83,40.74,-2.18,278.13,annual
2020-2021,SOLOMON IS,1.65,33.86,35.51,-32.21,0,0.01,0.01,199,120,164,2019-2020,2.04,38.97,41.01,-36.93,-18.96,-13.11,annual
2020-2021,MACAO,8.96,24.52,33.48,-15.56,0,0.01,0,178,127,165,2019-2020,6.28,5.09,11.37,1.19,42.6,381.75,annual
2020-2021,COMOROS,18.26,12.48,30.74,5.77,0.01,0,0,166,141,166,2019-2020,18.88,20.02,38.9,-1.15,-3.27,-37.65,annual
2020-2021,LAO PD RP,27.34,1.7,29.03,25.64,0.01,0,0,156,168,167,2019-2020,25.08,3.09,28.18,21.99,8.99,-45.09,annual
2020-2021,MACEDONIA,23.2,5.82,29.01,17.38,0.01,0,0,160,154,168,2019-2020,22.61,14.51,37.12,8.09,2.61,-59.93,annual
2020-2021,TIMOR LESTE,25.36,0.04,25.4,25.32,0.01,0,0,157,209,169,2019-2020,0,0,0,0,,,annual
2020-2021,SOUTH SUDAN,22.91,1.58,24.49,21.33,0.01,0,0,161,170,170,2019-2020,20.05,7.33,27.37,12.72,14.27,-78.43,annual
2020-2021,C AFRI REP,23.71,0.23,23.94,23.48,0.01,0,0,159,196,171,2019-2020,55.63,0.56,56.19,55.06,-57.37,-59.62,annual
2020-2021,NETHERLANDANTIL,19.22,4.07,23.3,15.15,0.01,0,0,164,160,172,2019-2020,30,22.76,52.76,7.25,-35.93,-82.11,annual
2020-2021,MONTENEGRO,19.98,0.4,20.37,19.58,0.01,0,0,163,187,173,2019-2020,19.96,0.16,20.12,19.8,0.09,142.86,annual
2020-2021,MONGOLIA,18.98,0.42,19.4,18.55,0.01,0,0,165,186,174,2019-2020,16.27,1.3,17.56,14.97,16.65,-67.37,annual
2020-2021,ICELAND,10.91,6.22,17.13,4.7,0,0,0,175,152,175,2019-2020,10.05,10.41,20.46,-0.36,8.58,-40.3,annual
2020-2021,BOSNIA-HRZGOVIN,15.09,1.92,17.01,13.17,0.01,0,0,169,166,176,2019-2020,15.32,3.33,18.64,11.99,-1.51,-42.34,annual
2020-2021,NEW CALEDONIA,11.5,1.81,13.31,9.69,0,0,0,173,167,177,2019-2020,15.2,0.23,15.43,14.97,-24.37,686.12,annual
2020-2021,ST VINCENT,0.63,12.17,12.8,-11.54,0,0,0,207,142,178,2019-2020,0.69,0,0.69,0.69,-8.06,,annual
2020-2021,MOLDOVA,11.58,1,12.58,10.58,0,0,0,172,175,179,2019-2020,8.71,0.25,8.96,8.45,33.04,294.89,annual
2020-2021,BARBADOS,11.1,0.61,11.71,10.5,0,0,0,174,181,180,2019-2020,12.76,1.48,14.24,11.28,-13,-59.15,annual
2020-2021,BR VIRGN IS,0.25,11.03,11.28,-10.77,0,0,0,211,144,181,2019-2020,0.49,8.57,9.06,-8.08,-48.25,28.71,annual
2020-2021,BELIZE,9.43,0.5,9.93,8.94,0,0,0,177,182,182,2019-2020,14.27,0.96,15.23,13.31,-33.9,-48.11,annual
2020-2021,ERITREA,9.46,0,9.46,9.46,0,0,0,176,221,183,2019-2020,5.92,0,5.92,5.92,59.84,1470.05,annual
2020-2021,MAYOTTE,5.65,0.32,5.97,5.33,0,0,0,180,190,184,2019-2020,3.13,0.36,3.49,2.78,80.33,-9.86,annual
2020-2021,FR POLYNESIA,5.67,0.07,5.74,5.59,0,0,0,179,205,185,2019-2020,6.04,0.05,6.1,5.99,-6.26,38.08,annual
2020-2021,CAPE VERDE IS,3.31,2.04,5.35,1.27,0,0,0,187,165,186,2019-2020,2.17,2.04,4.22,0.13,52.22,-0.37,annual
2020-2021,MARTINIQUE,4.25,0.82,5.07,3.43,0,0,0,184,177,187,2019-2020,3.81,0.29,4.1,3.52,11.66,183.17,annual
2020-2021,BERMUDA,4.5,0.04,4.54,4.46,0,0,0,182,208,188,2019-2020,2.48,0,2.48,2.48,81.72,424550.48,annual
2020-2021,KOREA DP RP,2.79,1.41,4.21,1.38,0,0,0,190,171,189,2019-2020,8.97,3.47,12.44,5.5,-68.86,-59.26,annual
2020-2021,LIECHTENSTEIN,3.76,0.34,4.09,3.42,0,0,0,185,189,190,2019-2020,4.36,0.42,4.77,3.94,-13.79,-19.31,annual
2020-2021,ST LUCIA,3.4,0.39,3.79,3,0,0,0,186,188,191,2019-2020,3.24,0.61,3.85,2.62,4.93,-36.11,annual
2020-2021,ARUBA,2.79,0.81,3.6,1.99,0,0,0,189,178,192,2019-2020,9.87,0.3,10.17,9.56,-71.68,166.39,annual
2020-2021,GUADELOUPE,2.66,0.69,3.35,1.97,0,0,0,192,179,193,2019-2020,7.8,0.2,8,7.6,-65.87,245.79,annual
2020-2021,GRENADA,2.87,0.46,3.33,2.41,0,0,0,188,184,194,2019-2020,2.79,0.48,3.27,2.31,2.78,-4.27,annual
2020-2021,SAMOA,2.71,0.45,3.16,2.25,0,0,0,191,185,195,2019-2020,4.25,3,7.25,1.26,-36.33,-84.85,annual
2020-2021,FR GUIANA,1.78,1.29,3.06,0.49,0,0,0,198,173,196,2019-2020,0.98,2.9,3.88,-1.92,81.6,-55.61,annual
2020-2021,MARSHALL ISLAND,0.62,1.66,2.28,-1.04,0,0,0,208,169,197,2019-2020,32.53,3.61,36.13,28.92,-98.09,-54.01,annual
2020-2021,VANUATU REP,2.25,0.02,2.27,2.24,0,0,0,193,214,198,2019-2020,2.42,0.26,2.67,2.16,-6.82,-93.88,annual
2020-2021,STATE OF PALEST,2.01,0.15,2.15,1.86,0,0,0,194,199,199,2019-2020,1.09,0.74,1.83,0.35,84.06,-79.99,annual
2020-2021,DOMINICA,1.87,0.25,2.11,1.62,0,0,0,197,194,200,2019-2020,2.17,0.25,2.42,1.92,-14.03,-0.66,annual
2020-2021,SAO TOME,1.96,0.08,2.04,1.88,0,0,0,195,203,201,2019-2020,1.5,0,1.5,1.5,30.75,,annual
2020-2021,MONACO,1.93,0.01,1.93,1.92,0,0,0,196,217,202,2019-2020,1.96,61.5,63.47,-59.54,-1.86,-99.99,annual
2020-2021,ANTIGUA,1.62,0.14,1.76,1.47,0,0,0,200,200,203,2019-2020,2.19,0.2,2.38,1.99,-26.15,-27.89,annual
2020-2021,ANTARTICA,1.05,0.67,1.72,0.39,0,0,0,202,180,204,2019-2020,0.02,0.08,0.1,-0.05,4764.81,770.8,annual
2020-2021,AMERI SAMOA,0.58,0.96,1.54,-0.38,0,0,0,209,176,205,2019-2020,0.13,3.08,3.21,-2.95,348.37,-68.77,annual
2020-2021,US MINOR OUTLYING ISLANDS,0.97,0.29,1.26,0.68,0,0,0,204,193,206,2019-2020,0.4,0.4,0.8,0,143.32,-29.12,annual
2020-2021,GREENLAND,1.1,0.02,1.11,1.08,0,0,0,201,212,207,2019-2020,0,0,0,0,,,annual
2020-2021,ST KITT N A,0.99,0,0.99,0.99,0,0,0,203,228,208,2019-2020,2.56,0,2.56,2.56,-61.33,,annual
2020-2021,TONGA,0.85,0,0.85,0.85,0,0,0,205,229,209,2019-2020,0.66,0,0.66,0.66,29,,annual
2020-2021,GUAM,0.74,0.03,0.77,0.71,0,0,0,206,211,210,2019-2020,0.91,0,0.91,0.91,-18.32,1800.53,annual
2020-2021,N. MARIANA IS.,0.29,0.29,0.58,0,0,0,0,210,192,211,2019-2020,0.15,0,0.15,0.15,97.34,72821.69,annual
2020-2021,NORFOLK IS,0.22,0.24,0.46,-0.03,0,0,0,213,195,212,2019-2020,0.33,0.45,0.78,-0.11,-35.19,-45.01,annual
2020-2021,SAN MARINO,0.25,0.08,0.34,0.17,0,0,0,212,202,213,2019-2020,0.25,0.15,0.4,0.09,3.28,-45.65,annual
2020-2021,ANGUILLA,0.05,0.18,0.23,-0.13,0,0,0,221,197,214,2019-2020,0.04,0.1,0.14,-0.05,13.76,82.5,annual
2020-2021,PALAU,0.21,0,0.21,0.21,0,0,0,214,227,215,2019-2020,0.05,0,0.06,0.05,295.01,-77.23,annual
2020-2021,ST HELENA,0.17,0.01,0.18,0.16,0,0,0,215,219,216,2019-2020,0.33,0.01,0.35,0.32,-48.19,-28.49,annual
2020-2021,TURKS C IS,0.13,0.05,0.17,0.08,0,0,0,216,207,217,2019-2020,0.64,0.01,0.65,0.63,-80.49,340.19,annual
2020-2021,NAURU RP,0.1,0.05,0.15,0.04,0,0,0,218,206,218,2019-2020,0.14,0.07,0.21,0.07,-31.03,-18.77,annual
2020-2021,PITCAIRN IS.,0.12,0.01,0.13,0.11,0,0,0,217,218,219,2019-2020,0.02,0.02,0.04,0,411.93,-60.26,annual
2020-2021,COOK IS,0.07,0.03,0.1,0.04,0,0,0,219,210,220,2019-2020,0.32,0,0.32,0.32,-77.48,,annual
2020-2021,VATICAN CITY,0.07,0.02,0.09,0.05,0,0,0,220,215,221,2019-2020,0.03,0.18,0.21,-0.15,108.06,-89.17,annual
2020-2021,ANDORRA,0.02,0.01,0.03,0.01,0,0,0,222,216,222,2019-2020,0.08,0.03,0.11,0.04,-74.08,-81.22,annual
2020-2021,TOKELAU IS,0,0.02,0.02,-0.02,0,0,0,230,213,223,2019-2020,0,0.08,0.08,-0.08,,-75.68,annual
2020-2021,WALLIS F IS,0.02,0,0.02,0.02,0,0,0,223,231,224,2019-2020,0.02,0,0.02,0.02,3.77,,annual
2020-2021,CHRISTMAS IS.,0,0,0,0,0,0,0,224,220,225,2019-2020,0,0.01,0.02,-0.01,,-86.96,annual
2020-2021,FALKLAND IS,0,0,0,0,0,0,0,225,222,226,2019-2020,0.08,0.03,0.11,0.05,,,annual
2020-2021,FAROE IS.,0,0,0,0,0,0,0,226,223,227,2019-2020,0.91,0,0.91,0.91,,,annual
2020-2021,JERSEY,0,0,0,0,0,0,0,227,224,228,2019-2020,0,0.14,0.14,-0.14,,,annual
2020-2021,KIRIBATI REP,0,0,0,0,0,0,0,228,225,229,2019-2020,0.39,0,0.39,0.39,,,annual
2020-2021,MONTSERRAT,0,0,0,0,0,0,0,229,226,230,2019-2020,0.06,0,0.06,0.06,,,annual
2020-2021,TUVALU,0,0,0,0,0,0,0,231,230,231,2019-2020,0,0,0,0,,,annual
2021-2022,U S A,76176,43314.07,119490.07,32861.93,18.05,7.07,11.54,1,3,1,2020-2021,51632.85,28888.17,80521.03,22744.68,47.53,49.94,annual
2021-2022,CHINA P RP,21264.4,94570.57,115834.97,-73306.17,5.04,15.43,11.19,3,1,2,2020-2021,21188.72,65212.25,86400.97,-44023.53,0.36,45.02,annual
2021-2022,U ARAB EMTS,28044.91,44833.92,72878.82,-16789.01,6.65,7.31,7.04,2,2,3,2020-2021,16679.58,26624.49,43304.07,-9944.91,68.14,68.39,annual
2021-2022,SAUDI ARAB,8758.95,34100.58,42859.53,-25341.64,2.08,5.56,4.14,12,4,4,2020-2021,5856.61,16186.76,22043.37,-10330.15,49.56,110.67,annual
2021-2022,IRAQ,2403.27,31927.05,34330.33,-29523.78,0.57,5.21,3.32,38,5,5,2020-2021,1498.99,14287.1,15786.09,-12788.12,60.33,123.47,annual
2021-2022,SINGAPORE,11150.66,18962.19,30112.85,-7811.53,2.64,3.09,2.91,6,8,6,2020-2021,8675.6,13304.92,21980.52,-4629.31,28.53,42.52,annual
2021-2022,HONG KONG,10984.8,19096.61,30081.41,-8111.81,2.6,3.12,2.91,7,7,7,2020-2021,10162.4,15172.82,25335.22,-5010.41,8.09,25.86,annual
2021-2022,INDONESIA,8473.49,17702.83,26176.32,-9229.34,2.01,2.89,2.53,14,9,8,2020-2021,5026.57,12470.85,17497.41,-7444.28,68.57,41.95,annual
2021-2022,KOREA RP,8085.56,17477.2,25562.76,-9391.65,1.92,2.85,2.47,17,10,9,2020-2021,4685.32,12772.97,17458.29,-8087.65,72.57,36.83,annual
2021-2022,AUSTRALIA,8283.13,16756.17,25039.3,-8473.04,1.96,2.73,2.42,15,11,10,2020-2021,4044.94,8247.85,12292.78,-4202.91,104.78,103.16,annual
2021-2022,GERMANY,9884.7,14968.1,24852.79,-5083.4,2.34,2.44,2.4,10,12,11,2020-2021,8126.28,13643.02,21769.3,-5516.74,21.64,9.71,annual
2021-2022,SWITZERLAND,1349.28,23392.32,24741.6,-22043.04,0.32,3.82,2.39,46,6,12,2020-2021,1261.81,18230.95,19492.76,-16969.15,6.93,28.31,annual
2021-2022,JAPAN,6177.85,14399.77,20577.62,-8221.92,1.46,2.35,1.99,22,13,13,2020-2021,4435.04,10924.74,15359.78,-6489.7,39.3,31.81,annual
2021-2022,BELGIUM,10084.53,9951.65,20036.18,132.88,2.39,1.62,1.94,9,19,14,2020-2021,5235.74,6940.68,12176.42,-1704.93,92.61,43.38,annual
2021-2022,MALAYSIA,6995.06,12424.2,19419.26,-5429.15,1.66,2.03,1.88,18,15,15,2020-2021,6057.7,8373.05,14430.75,-2315.36,15.47,48.38,annual
2021-2022,BANGLADESH PR,16156.43,1977.93,18134.36,14178.51,3.83,0.32,1.75,4,46,16,2020-2021,9691.71,1091.66,10783.37,8600.05,66.7,81.19,annual
2021-2022,U K,10498.75,7017.78,17516.54,3480.97,2.49,1.14,1.69,8,23,17,2020-2021,8206.24,4955.99,13162.22,3250.25,27.94,41.6,annual
2021-2022,SOUTH AFRICA,6085.29,10965.81,17051.1,-4880.52,1.44,1.79,1.65,23,17,18,2020-2021,3934.2,7568.2,11502.4,-3633.99,54.68,44.89,annual
2021-2022,NETHERLAND,12546.55,4478.1,17024.65,8068.45,2.97,0.73,1.64,5,29,19,2020-2021,6474.56,3317.72,9792.28,3156.84,93.78,34.98,annual
2021-2022,THAILAND,5751.3,9332.59,15083.88,-3581.29,1.36,1.52,1.46,25,21,20,2020-2021,4237.59,5682.27,9919.86,-1444.68,35.72,64.24,annual
2021-2022,QATAR,1837.75,13193.7,15031.45,-11355.94,0.44,2.15,1.45,42,14,21,2020-2021,1284.83,7930.15,9214.97,-6645.32,43.04,66.37,annual
2021-2022,NIGERIA,4663.17,10291.58,14954.75,-5628.4,1.11,1.68,1.44,28,18,22,2020-2021,3134.89,5672.38,8807.27,-2537.49,48.75,81.43,annual
2021-2022,VIETNAM SOC REP,6702.8,7438.52,14141.31,-735.72,1.59,1.21,1.37,19,22,23,2020-2021,4999.72,6120.66,11120.37,-1120.94,34.06,21.53,annual
2021-2022,ITALY,8181.15,5048.47,13229.61,3132.68,1.94,0.82,1.28,16,28,24,2020-2021,4736.16,3862.05,8598.21,874.11,72.74,30.72,annual
2021-2022,RUSSIA,3254.8,9869.99,13124.79,-6615.19,0.77,1.61,1.27,32,20,25,2020-2021,2655.84,5485.75,8141.58,-2829.91,22.55,79.92,annual
2021-2022,FRANCE,6643.72,5782.1,12425.82,861.63,1.57,0.94,1.2,20,26,26,2020-2021,4786.03,4343.22,9129.25,442.8,38.82,33.13,annual
2021-2022,KUWAIT,1241.93,11001.76,12243.68,-9759.83,0.29,1.79,1.18,47,16,27,2020-2021,1054.2,5214.15,6268.34,-4159.95,17.81,111,annual
2021-2022,BRAZIL,6489.02,5713.32,12202.34,775.7,1.54,0.93,1.18,21,27,28,2020-2021,4244.94,3015.99,7260.92,1228.95,52.87,89.43,annual
2021-2022,NEPAL,9645.75,1371.04,11016.79,8274.7,2.29,0.22,1.06,11,52,29,2020-2021,6838.46,673.16,7511.62,6165.31,41.05,103.67,annual
2021-2022,TURKEY,8716.13,1996.75,10712.88,6719.39,2.07,0.33,1.04,13,45,30,2020-2021,3952.89,1467.33,5420.22,2485.56,120.5,36.08,annual
2021-2022,OMAN,3148.33,6840.65,9988.98,-3692.32,0.75,1.12,0.97,33,24,31,2020-2021,2355.3,3087.93,5443.23,-732.63,33.67,121.53,annual
2021-2022,TAIWAN,2756.7,6234.48,8991.18,-3477.79,0.65,1.02,0.87,35,25,32,2020-2021,1620.15,4036.75,5656.89,-2416.6,70.15,54.44,annual
2021-2022,MEXICO,4425.21,4248.04,8673.26,177.17,1.05,0.69,0.84,29,30,33,2020-2021,3086.68,2845.91,5932.59,240.77,43.36,49.27,annual
2021-2022,ISRAEL,4796.13,3073.79,7869.92,1722.34,1.14,0.5,0.76,26,35,34,2020-2021,2701.49,1960.19,4661.68,741.3,77.54,56.81,annual
2021-2022,EGYPT A RP,3743.93,3520.83,7264.76,223.1,0.89,0.57,0.7,31,33,35,2020-2021,2264.52,1892.4,4156.92,372.13,65.33,86.05,annual
2021-2022,CANADA,3763.98,3132.78,6896.76,631.21,0.89,0.51,0.67,30,34,36,2020-2021,2960.78,2686.43,5647.21,274.35,27.13,16.61,annual
2021-2022,SRI LANKA DSR,5802.18,1009.99,6812.17,4792.2,1.37,0.16,0.66,24,58,37,2020-2021,3498.3,642.94,4141.25,2855.36,65.86,57.09,annual
2021-2022,SPAIN,4725.95,2052.99,6778.94,2672.95,1.12,0.33,0.65,27,44,38,2020-2021,3238.8,1511.92,4750.72,1726.88,45.92,35.79,annual
2021-2022,ARGENTINA,1425.96,4201.74,5627.7,-2775.78,0.34,0.69,0.54,44,31,39,2020-2021,687.84,2627.05,3314.89,-1939.21,107.31,59.94,annual
2021-2022,TANZANIA REP,2300.88,2279.18,4580.06,21.7,0.55,0.37,0.44,39,40,40,2020-2021,1439.06,934.88,2373.94,504.18,59.89,143.79,annual
2021-2022,COLOMBIA,1376.75,2964.29,4341.05,-1587.54,0.33,0.48,0.42,45,36,41,2020-2021,865.04,1403.61,2268.65,-538.58,59.16,111.19,annual
2021-2022,GUINEA,561.53,3616.56,4178.08,-3055.03,0.13,0.59,0.4,78,32,42,2020-2021,501.77,1631.02,2132.79,-1129.25,11.91,121.74,annual
2021-2022,MOZAMBIQUE,1975.76,1879.49,3855.25,96.27,0.47,0.31,0.37,41,47,43,2020-2021,1231.34,631.6,1862.95,599.74,60.46,197.57,annual
2021-2022,POLAND,2723.94,1124.79,3848.72,1599.15,0.65,0.18,0.37,36,55,44,2020-2021,1652.67,706.35,2359.03,946.32,64.82,59.24,annual
2021-2022,PERU,897.7,2707.38,3605.08,-1809.68,0.21,0.44,0.35,59,39,45,2020-2021,764.78,1520.88,2285.65,-756.1,17.38,78.01,annual
2021-2022,TOGO,3012.08,376.85,3388.93,2635.23,0.71,0.06,0.33,34,80,46,2020-2021,1547.23,300.23,1847.47,1247,94.68,25.52,annual
2021-2022,UKRAINE,472.68,2913.61,3386.29,-2440.92,0.11,0.48,0.33,88,37,47,2020-2021,450.97,2139.86,2590.83,-1688.89,4.82,36.16,annual
2021-2022,MOROCCO,962.28,2244.19,3206.47,-1281.91,0.23,0.37,0.31,55,41,48,2020-2021,507.62,1436.82,1944.44,-929.21,89.57,56.19,annual
2021-2022,ANGOLA,452.45,2725.08,3177.53,-2272.63,0.11,0.44,0.31,89,38,49,2020-2021,259.6,1879.74,2139.34,-1620.14,74.29,44.97,annual
2021-2022,PHILIPPINES,2107.24,729.12,2836.35,1378.12,0.5,0.12,0.27,40,67,50,2020-2021,1457.3,572.47,2029.77,884.82,44.6,27.36,annual
2021-2022,KENYA,2631.9,145.35,2777.25,2486.54,0.62,0.02,0.27,37,101,51,2020-2021,1895.84,130.27,2026.11,1765.58,38.82,11.58,annual
2021-2022,JORDAN,889.27,1827.19,2716.46,-937.92,0.21,0.3,0.26,61,48,52,2020-2021,630.89,1065.53,1696.42,-434.64,40.95,71.48,annual
2021-2022,GHANA,1109.46,1497.77,2607.24,-388.31,0.26,0.24,0.25,51,49,53,2020-2021,862.5,1374.96,2237.46,-512.46,28.63,8.93,annual
2021-2022,CHILE,1181.92,1371.16,2553.08,-189.24,0.28,0.22,0.25,50,51,54,2020-2021,805,670.6,1475.6,134.39,46.82,104.47,annual
2021-2022,SWEDEN,1035.97,1450.13,2486.11,-414.16,0.25,0.24,0.24,54,50,55,2020-2021,763.84,1004.76,1768.6,-240.93,35.63,44.33,annual
2021-2022,NORWAY,379.72,2092.36,2472.08,-1712.64,0.09,0.34,0.24,92,42,56,2020-2021,322.48,673.66,996.14,-351.18,17.75,210.6,annual
2021-2022,BOLIVIA,117.96,2072.54,2190.5,-1954.58,0.03,0.34,0.21,128,43,57,2020-2021,94.34,1159.14,1253.48,-1064.8,25.04,78.8,annual
2021-2022,IRAN,1451.16,463.38,1914.54,987.78,0.34,0.08,0.18,43,75,58,2020-2021,1774.8,331.48,2106.28,1443.32,-18.24,39.79,annual
2021-2022,MYANMAR,893.03,1001.87,1894.9,-108.84,0.21,0.16,0.18,60,60,59,2020-2021,772.56,526.79,1299.35,245.77,15.59,90.19,annual
2021-2022,DENMARK,944.15,888.73,1832.89,55.42,0.22,0.14,0.18,57,61,60,2020-2021,755.25,589.13,1344.38,166.13,25.01,50.86,annual
2021-2022,IRELAND,687.99,1135.81,1823.8,-447.81,0.16,0.19,0.18,71,54,61,2020-2021,563.48,414.46,977.94,149.02,22.1,174.04,annual
2021-2022,ALGERIA,703.25,1004.24,1707.49,-300.98,0.17,0.16,0.16,69,59,62,2020-2021,594.74,408.79,1003.53,185.95,18.24,145.66,annual
2021-2022,BAHARAIN IS,899.9,753.29,1653.19,146.61,0.21,0.12,0.16,58,66,63,2020-2021,528.25,547.49,1075.74,-19.24,70.35,37.59,annual
2021-2022,SENEGAL,953.59,696.16,1649.75,257.42,0.23,0.11,0.16,56,68,64,2020-2021,699.1,401.13,1100.23,297.97,36.4,73.55,annual
2021-2022,CONGO P REP,161.02,1309.73,1470.76,-1148.71,0.04,0.21,0.14,120,53,65,2020-2021,109.84,245.94,355.78,-136.11,46.6,432.54,annual
2021-2022,BHUTAN,885.81,545.04,1430.84,340.77,0.21,0.09,0.14,62,71,66,2020-2021,701.02,433,1134.02,268.02,26.36,25.87,annual
2021-2022,AUSTRIA,564.32,825.13,1389.45,-260.81,0.13,0.13,0.13,77,64,67,2020-2021,453.07,623.1,1076.17,-170.03,24.55,32.42,annual
2021-2022,GREECE,1077.45,299.94,1377.39,777.5,0.26,0.05,0.13,52,86,68,2020-2021,546.31,143.02,689.32,403.29,97.22,109.73,annual
2021-2022,PORTUGAL,1191.8,164.54,1356.34,1027.27,0.28,0.03,0.13,49,97,69,2020-2021,837.14,113.96,951.1,723.18,42.37,44.38,annual
2021-2022,ECUADOR,304.86,1012.4,1317.26,-707.53,0.07,0.17,0.13,102,57,70,2020-2021,207.89,333.25,541.14,-125.36,46.65,203.79,annual
2021-2022,UNSPECIFIED,1232.71,37.77,1270.48,1194.94,0.29,0.01,0.12,48,126,71,2020-2021,658.71,44.23,702.94,614.48,87.14,-14.6,annual
2021-2022,FINLAND,344.46,876.28,1220.74,-531.81,0.08,0.14,0.12,95,63,72,2020-2021,284.85,713.2,998.06,-428.35,20.93,22.86,annual
2021-2022,CZECH REPUBLIC,628.25,592.1,1220.35,36.15,0.15,0.1,0.12,74,70,73,2020-2021,485.48,393.12,878.59,92.36,29.41,50.62,annual
2021-2022,CAMEROON,403.06,806.42,1209.49,-403.36,0.1,0.13,0.12,91,65,74,2020-2021,279.07,202.47,481.54,76.61,44.43,298.3,annual
2021-2022,SUDAN,1077.25,129.15,1206.4,948.1,0.26,0.02,0.12,53,105,75,2020-2021,1022.33,368.28,1390.61,654.05,5.37,-64.93,annual
2021-2022,COTE D' IVOIRE,728.62,468.78,1197.4,259.84,0.17,0.08,0.12,65,74,76,2020-2021,585.96,317.51,903.47,268.45,24.35,47.64,annual
2021-2022,GABON,53,1070.49,1123.49,-1017.5,0.01,0.17,0.11,146,56,77,2020-2021,58.7,405.46,464.17,-346.76,-9.72,164.02,annual
2021-2022,BENIN,716.41,402.12,1118.53,314.29,0.17,0.07,0.11,66,77,78,2020-2021,555.2,325.97,881.17,229.24,29.04,23.36,annual
2021-2022,YEMEN REPUBLC,846.57,227.81,1074.38,618.76,0.2,0.04,0.1,63,92,79,2020-2021,785.54,23.39,808.93,762.15,7.77,873.92,annual
2021-2022,AFGHANISTAN,554.47,510.93,1065.4,43.54,0.13,0.08,0.1,79,73,80,2020-2021,825.78,509.49,1335.27,316.29,-32.85,0.28,annual
2021-2022,DOMINIC REP,310.09,648.77,958.85,-338.68,0.07,0.11,0.09,101,69,81,2020-2021,209.06,256.94,466,-47.88,48.32,152.5,annual
2021-2022,EQUTL GUINEA,12.44,885.56,898,-873.13,0,0.14,0.09,172,62,82,2020-2021,14.19,286.79,300.98,-272.6,-12.38,208.78,annual
2021-2022,NEW ZEALAND,487.6,374.84,862.44,112.76,0.12,0.06,0.08,86,81,83,2020-2021,486.25,381.53,867.78,104.73,0.28,-1.75,annual
2021-2022,ROMANIA,592.74,263.1,855.84,329.65,0.14,0.04,0.08,75,90,84,2020-2021,371.84,193.97,565.81,177.87,59.41,35.64,annual
2021-2022,HUNGARY,550.89,293.67,844.56,257.22,0.13,0.05,0.08,81,88,85,2020-2021,495.27,218.92,714.19,276.35,11.23,34.15,annual
2021-2022,UGANDA,697.78,142.98,840.76,554.8,0.17,0.02,0.08,70,102,86,2020-2021,670.32,39.14,709.47,631.18,4.1,265.29,annual
2021-2022,BOTSWANA,278.87,527.96,806.83,-249.09,0.07,0.09,0.08,103,72,87,2020-2021,172.69,461.72,634.41,-289.04,61.49,14.35,annual
2021-2022,SLOVENIA,496.72,303.24,799.96,193.48,0.12,0.05,0.08,83,85,88,2020-2021,355.8,271.78,627.58,84.02,39.61,11.57,annual
2021-2022,MAURITIUS,714.85,71.88,786.73,642.97,0.17,0.01,0.08,67,115,89,2020-2021,422.91,43.84,466.74,379.07,69.03,63.98,annual
2021-2022,SOMALIA,744.58,18.06,762.64,726.52,0.18,0,0.07,64,141,90,2020-2021,554.45,5.67,560.13,548.78,34.29,218.4,annual
2021-2022,DJIBOUTI,713.33,41.68,755.01,671.66,0.17,0.01,0.07,68,125,91,2020-2021,347.06,20.16,367.23,326.9,105.53,106.7,annual
2021-2022,ETHIOPIA,681.28,62.44,743.72,618.84,0.16,0.01,0.07,72,120,92,2020-2021,684.32,32.64,716.96,651.68,-0.44,91.3,annual
2021-2022,MALDIVES,670.4,68.93,739.33,601.47,0.16,0.01,0.07,73,117,93,2020-2021,195.88,24.49,220.36,171.39,242.26,181.51,annual
2021-2022,TUNISIA,406.82,297.83,704.65,108.99,0.1,0.05,0.07,90,87,94,2020-2021,264.65,123.36,388.01,141.3,53.72,141.44,annual
2021-2022,PANAMA REPUBLIC,347.75,292.4,640.15,55.35,0.08,0.05,0.06,94,89,95,2020-2021,151.88,32.95,184.83,118.94,128.96,787.53,annual
2021-2022,BURKINA FASO,196.64,425.44,622.09,-228.8,0.05,0.07,0.06,115,76,96,2020-2021,207.87,359.94,567.82,-152.07,-5.4,18.2,annual
2021-2022,CONGO D. REP.,568.17,31.21,599.38,536.97,0.13,0.01,0.06,76,129,97,2020-2021,430.33,10.16,440.49,420.17,32.03,207.27,annual
2021-2022,LIBYA,239.6,358.2,597.8,-118.6,0.06,0.06,0.06,108,82,98,2020-2021,153.91,70.52,224.43,83.4,55.67,407.95,annual
2021-2022,GUATEMALA,552.15,21.08,573.23,531.07,0.13,0,0.06,80,139,99,2020-2021,331.36,20.75,352.11,310.61,66.63,1.6,annual
2021-2022,KAZAKHSTAN,235.12,325.77,560.89,-90.66,0.06,0.05,0.05,109,84,100,2020-2021,225.96,804.97,1030.92,-579.01,4.05,-59.53,annual
2021-2022,CROATIA,493.18,59.43,552.61,433.75,0.12,0.01,0.05,84,121,101,2020-2021,142.81,42.81,185.61,100,245.35,38.83,annual
2021-2022,LITHUANIA,330.85,200.92,531.77,129.93,0.08,0.03,0.05,98,93,102,2020-2021,163.66,321.05,484.71,-157.38,102.16,-37.42,annual
2021-2022,PAKISTAN IR,513.85,2.54,516.38,511.31,0.12,0,0.05,82,166,103,2020-2021,326.87,2.39,329.26,324.48,57.2,6.28,annual
2021-2022,MADAGASCAR,351.26,150.93,502.19,200.32,0.08,0.02,0.05,93,100,104,2020-2021,324.22,87.51,411.73,236.7,8.34,72.47,annual
2021-2022,MALTA,477.22,22.88,500.11,454.34,0.11,0,0.05,87,134,105,2020-2021,317.04,23.71,340.75,293.33,50.53,-3.49,annual
2021-2022,GIBRALTAR,488.68,0.25,488.92,488.43,0.12,0,0.05,85,193,106,2020-2021,203.38,0.46,203.83,202.92,140.28,-46.14,annual
2021-2022,ZAMBIA,340.97,118.18,459.15,222.79,0.08,0.02,0.04,96,106,107,2020-2021,268.87,126.5,395.36,142.37,26.82,-6.57,annual
2021-2022,BELARUS,65.34,381.08,446.42,-315.74,0.02,0.06,0.04,140,79,108,2020-2021,62.33,287.65,349.98,-225.32,4.83,32.48,annual
2021-2022,BRUNEI,43.16,394.44,437.6,-351.28,0.01,0.06,0.04,149,78,109,2020-2021,62.91,329.25,392.16,-266.35,-31.39,19.8,annual
2021-2022,PAPUA N GNA,69.95,357.61,427.56,-287.67,0.02,0.06,0.04,138,83,110,2020-2021,56.17,125.88,182.05,-69.71,24.52,184.09,annual
2021-2022,VENEZUELA,334.36,89.42,423.78,244.94,0.08,0.01,0.04,97,112,111,2020-2021,557.1,714.24,1271.33,-157.14,-39.98,-87.48,annual
2021-2022,BULGARIA,247.08,173.2,420.29,73.88,0.06,0.03,0.04,106,96,112,2020-2021,170.35,125.38,295.72,44.97,45.05,38.15,annual
2021-2022,GEORGIA,163.91,196.64,360.55,-32.73,0.04,0.03,0.03,118,94,113,2020-2021,99.32,86.9,186.22,12.42,65.03,126.27,annual
2021-2022,LEBANON,313.14,32.46,345.61,280.68,0.07,0.01,0.03,100,127,114,2020-2021,190.38,27.95,218.33,162.42,64.48,16.13,annual
2021-2022,UZBEKISTAN,271.18,71.35,342.53,199.83,0.06,0.01,0.03,105,116,115,2020-2021,280.07,14.94,295.01,265.13,-3.17,377.54,annual
2021-2022,HONDURAS,317.9,21.12,339.02,296.79,0.08,0,0.03,99,138,116,2020-2021,163.38,12.56,175.94,150.81,94.58,68.06,annual
2021-2022,PUERTO RICO,277.85,54.9,332.75,222.95,0.07,0.01,0.03,104,122,117,2020-2021,156.21,29.11,185.32,127.11,77.86,88.62,annual
2021-2022,URUGUAY,150.73,161.49,312.22,-10.76,0.04,0.03,0.03,122,98,118,2020-2021,104.71,163.59,268.3,-58.88,43.95,-1.28,annual
2021-2022,CAMBODIA,198.37,94.88,293.25,103.49,0.05,0.02,0.03,114,111,119,2020-2021,168.86,39.35,208.21,129.51,17.47,141.12,annual
2021-2022,SLOVAK REP,171.13,101.86,272.99,69.27,0.04,0.02,0.03,117,110,120,2020-2021,155.97,35.58,191.55,120.39,9.72,186.27,annual
2021-2022,LIBERIA,247.05,21.2,268.25,225.86,0.06,0,0.03,107,137,121,2020-2021,225.65,6.95,232.6,218.7,9.48,204.95,annual
2021-2022,LATVIA,132.93,134.64,267.57,-1.72,0.03,0.02,0.03,126,104,122,2020-2021,103.48,48.88,152.36,54.6,28.45,175.46,annual
2021-2022,SWAZILAND,26.82,234.98,261.79,-208.16,0.01,0.04,0.03,157,91,123,2020-2021,24.32,50.87,75.19,-26.55,10.28,361.91,annual
2021-2022,MALAWI,150.42,107.71,258.13,42.71,0.04,0.02,0.02,123,108,124,2020-2021,150.96,7.07,158.03,143.89,-0.36,1422.63,annual
2021-2022,NAMIBIA,205.88,45.99,251.88,159.89,0.05,0.01,0.02,112,123,125,2020-2021,51.01,30.23,81.23,20.78,303.63,52.17,annual
2021-2022,MALI,207.56,22.85,230.42,184.71,0.05,0,0.02,111,135,126,2020-2021,186.97,13.97,200.94,173.01,11.01,63.61,annual
2021-2022,PARAGUAY,211.15,16.3,227.46,194.85,0.05,0,0.02,110,143,127,2020-2021,160.81,15.61,176.43,145.2,31.3,4.41,annual
2021-2022,GUYANA,66.41,156.96,223.36,-90.55,0.02,0.03,0.02,139,99,128,2020-2021,35.69,11.28,46.96,24.41,86.07,1291.93,annual
2021-2022,CYPRUS,139.85,74.32,214.17,65.53,0.03,0.01,0.02,125,113,129,2020-2021,90.11,23.98,114.09,66.13,55.2,209.87,annual
2021-2022,COSTA RICA,147.5,63.28,210.78,84.22,0.03,0.01,0.02,124,119,130,2020-2021,113.88,47.25,161.13,66.63,29.52,33.93,annual
2021-2022,ZIMBABWE,200.49,7.77,208.27,192.72,0.05,0,0.02,113,155,131,2020-2021,175.72,5.71,181.42,170.01,14.1,36.22,annual
2021-2022,TRINIDAD,93.27,112.2,205.47,-18.93,0.02,0.02,0.02,134,107,132,2020-2021,74.79,189.36,264.15,-114.57,24.71,-40.75,annual
2021-2022,GAMBIA,153.27,43.49,196.76,109.78,0.04,0.01,0.02,121,124,133,2020-2021,129.59,38.41,168,91.19,18.27,13.24,annual
2021-2022,SIERRA LEONE,178.8,16.92,195.72,161.88,0.04,0,0.02,116,142,134,2020-2021,152.11,8.71,160.81,143.4,17.55,94.34,annual
2021-2022,GUINEA BISSAU,10.61,174.34,184.95,-163.73,0,0.03,0.02,176,95,135,2020-2021,18.11,126.99,145.11,-108.88,-41.43,37.28,annual
2021-2022,EL SALVADOR,162.07,4.11,166.18,157.95,0.04,0,0.02,119,160,136,2020-2021,84.12,3.82,87.95,80.3,92.65,7.61,annual
2021-2022,ARMENIA,27.47,134.85,162.32,-107.38,0.01,0.02,0.02,155,103,137,2020-2021,69.83,96.46,166.29,-26.62,-60.66,39.8,annual
2021-2022,AZERBAIJAN,36.42,104.81,141.23,-68.4,0.01,0.02,0.01,150,109,138,2020-2021,50.81,229.07,279.88,-178.26,-28.33,-54.24,annual
2021-2022,RWANDA,127.87,7.55,135.42,120.32,0.03,0,0.01,127,156,139,2020-2021,134.29,6.67,140.96,127.62,-4.78,13.18,annual
2021-2022,ESTONIA,62.1,72.3,134.4,-10.2,0.01,0.01,0.01,141,114,140,2020-2021,51.83,59.96,111.79,-8.13,19.81,20.58,annual
2021-2022,HAITI,99.49,21.86,121.35,77.63,0.02,0,0.01,132,136,141,2020-2021,107.63,13.47,121.1,94.16,-7.56,62.27,annual
2021-2022,SYRIA,105.46,15.61,121.07,89.85,0.02,0,0.01,130,146,142,2020-2021,124.26,15.31,139.57,108.96,-15.13,1.98,annual
2021-2022,NICARAGUA,107.48,9.51,116.98,97.97,0.03,0,0.01,129,153,143,2020-2021,89.67,6.18,95.86,83.49,19.85,53.8,annual
2021-2022,TURKMENISTAN,104.29,10.07,114.36,94.23,0.02,0,0.01,131,152,144,2020-2021,60.34,0.3,60.64,60.05,72.84,3305.49,annual
2021-2022,MAURITANIA,96.9,12.02,108.91,84.88,0.02,0,0.01,133,149,145,2020-2021,88.92,5.49,94.41,83.42,8.97,118.7,annual
2021-2022,NIGER,91.62,15.99,107.61,75.63,0.02,0,0.01,135,145,146,2020-2021,87.03,4.12,91.15,82.92,5.27,288.49,annual
2021-2022,SERBIA,89.89,11.07,100.96,78.82,0.02,0,0.01,136,150,147,2020-2021,90.77,7.31,98.08,83.46,-0.97,51.42,annual
2021-2022,REUNION,58.53,27.71,86.25,30.82,0.01,0,0.01,143,131,148,2020-2021,43.86,18.42,62.27,25.44,33.46,50.48,annual
2021-2022,ALBANIA,55.16,30.71,85.87,24.45,0.01,0.01,0.01,145,130,149,2020-2021,46.75,8.3,55.06,38.45,17.99,269.78,annual
2021-2022,JAMAICA,80.6,1.8,82.4,78.79,0.02,0,0.01,137,167,150,2020-2021,64.06,2.23,66.29,61.83,25.82,-19.04,annual
2021-2022,LUXEMBOURG,14.56,67.39,81.95,-52.83,0,0.01,0.01,171,118,151,2020-2021,12.6,30.49,43.09,-17.89,15.59,121.01,annual
2021-2022,BURUNDI,60.51,0.04,60.55,60.47,0.01,0,0.01,142,205,152,2020-2021,64.02,0.07,64.09,63.95,-5.49,-42.32,annual
2021-2022,FIJI IS,57.96,0.49,58.45,57.47,0.01,0,0.01,144,184,153,2020-2021,46.9,1.33,48.24,45.57,23.58,-63.11,annual
2021-2022,CHAD,52.94,3,55.94,49.94,0.01,0,0.01,147,164,154,2020-2021,59.23,50,109.23,9.23,-10.62,-94,annual
2021-2022,SURINAME,17.36,31.93,49.29,-14.57,0,0.01,0,166,128,155,2020-2021,17.12,34.14,51.26,-17.01,1.39,-6.47,annual
2021-2022,SEYCHELLES,44.92,3.92,48.84,41,0.01,0,0,148,161,156,2020-2021,55.08,3.64,58.72,51.44,-18.45,7.68,annual
2021-2022,TAJIKISTAN,35.35,10.74,46.09,24.61,0.01,0,0,151,151,157,2020-2021,53.45,1.06,54.51,52.38,-33.86,910.14,annual
2021-2022,NETHERLANDANTIL,29.65,16.12,45.77,13.52,0.01,0,0,154,144,158,2020-2021,19.22,4.07,23.3,15.15,54.23,295.91,annual
2021-2022,COMOROS,23.05,14.87,37.91,8.18,0.01,0,0,161,147,159,2020-2021,18.26,12.48,30.74,5.77,26.23,19.1,annual
2021-2022,KYRGHYZSTAN,32.89,1.79,34.68,31.1,0.01,0,0,152,168,160,2020-2021,38.71,5.16,43.87,33.55,-15.03,-65.25,annual
2021-2022,MACAO,12.04,20.11,32.15,-8.07,0,0,0,173,140,161,2020-2021,8.96,24.52,33.48,-15.56,34.39,-17.99,annual
2021-2022,MACEDONIA,30.52,1.19,31.72,29.33,0.01,0,0,153,172,162,2020-2021,23.2,5.82,29.01,17.38,31.58,-79.47,annual
2021-2022,SOUTH SUDAN,26.91,1.23,28.14,25.68,0.01,0,0,156,170,163,2020-2021,22.91,1.58,24.49,21.33,17.47,-22.08,annual
2021-2022,SOLOMON IS,1.85,25.93,27.78,-24.08,0,0,0,199,132,164,2020-2021,1.65,33.86,35.51,-32.21,12.05,-23.42,annual
2021-2022,CUBA,26.57,1,27.57,25.58,0.01,0,0,158,176,165,2020-2021,20.33,69.44,89.77,-49.1,30.68,-98.57,annual
2021-2022,NEW CALEDONIA,18.81,8.11,26.92,10.7,0,0,0,164,154,166,2020-2021,11.5,1.81,13.31,9.69,63.6,347.97,annual
2021-2022,MONGOLIA,25.94,0.54,26.48,25.39,0.01,0,0,160,182,167,2020-2021,18.98,0.42,19.4,18.55,36.68,28.35,annual
2021-2022,TIMOR LESTE,26.04,0,26.04,26.04,0.01,0,0,159,223,168,2020-2021,25.36,0.04,25.4,25.32,2.66,-97.77,annual
2021-2022,NAURU RP,0.31,23.28,23.59,-22.97,0,0,0,213,133,169,2020-2021,0.1,0.05,0.15,0.04,223.97,42516.55,annual
2021-2022,MONTENEGRO,21.76,0.35,22.11,21.41,0.01,0,0,162,189,170,2020-2021,19.98,0.4,20.37,19.58,8.95,-11.71,annual
2021-2022,C AFRI REP,20.13,0.18,20.31,19.95,0,0,0,163,195,171,2020-2021,23.71,0.23,23.94,23.48,-15.11,-19.74,annual
2021-2022,BOSNIA-HRZGOVIN,17,3.03,20.03,13.97,0,0,0,167,163,172,2020-2021,15.09,1.92,17.01,13.17,12.69,58.03,annual
2021-2022,ERITREA,17.42,0.12,17.54,17.3,0,0,0,165,199,173,2020-2021,9.46,0,9.46,9.46,84.18,12709.56,annual
2021-2022,ICELAND,11.77,5.71,17.48,6.06,0,0,0,174,157,174,2020-2021,10.91,6.22,17.13,4.7,7.84,-8.18,annual
2021-2022,BARBADOS,16.19,0.84,17.03,15.35,0,0,0,168,177,175,2020-2021,11.1,0.61,11.71,10.5,45.86,38.84,annual
2021-2022,BELIZE,15.25,0.5,15.75,14.75,0,0,0,169,183,176,2020-2021,9.43,0.5,9.93,8.94,61.62,0.7,annual
2021-2022,LAO PD RP,14.65,0.8,15.46,13.85,0,0,0,170,179,177,2020-2021,27.34,1.7,29.03,25.64,-46.39,-52.88,annual
2021-2022,BR VIRGN IS,0.36,14.72,15.08,-14.36,0,0,0,210,148,178,2020-2021,0.25,11.03,11.28,-10.77,41.51,33.47,annual
2021-2022,BAHAMAS,8.06,3.52,11.58,4.55,0,0,0,179,162,179,2020-2021,4.56,35.84,40.4,-31.27,76.65,-90.18,annual
2021-2022,LESOTHO,10.99,0,10.99,10.99,0,0,0,175,218,180,2020-2021,39.89,0.17,40.06,39.72,-72.44,,annual
2021-2022,CAPE VERDE IS,6.27,4.63,10.9,1.64,0,0,0,181,159,181,2020-2021,3.31,2.04,5.35,1.27,89.43,127.36,annual
2021-2022,FR POLYNESIA,9.22,1.11,10.33,8.11,0,0,0,177,175,182,2020-2021,5.67,0.07,5.74,5.59,62.76,1384.55,annual
2021-2022,MOLDOVA,9.03,0.09,9.12,8.94,0,0,0,178,202,183,2020-2021,11.58,1,12.58,10.58,-22,-91,annual
2021-2022,ARUBA,6.22,1.77,7.98,4.45,0,0,0,183,169,184,2020-2021,2.79,0.81,3.6,1.99,122.49,118.34,annual
2021-2022,MARTINIQUE,6.26,0.48,6.74,5.77,0,0,0,182,185,185,2020-2021,4.25,0.82,5.07,3.43,47.17,-41.05,annual
2021-2022,CAYMAN IS,6.63,0.09,6.73,6.54,0,0,0,180,201,186,2020-2021,4.32,86.45,90.77,-82.12,53.48,-99.89,annual
2021-2022,KOREA DP RP,0.34,5.26,5.6,-4.92,0,0,0,211,158,187,2020-2021,2.79,1.41,4.21,1.38,-87.87,271.98,annual
2021-2022,ST KITT N A,2.61,2.98,5.59,-0.38,0,0,0,193,165,188,2020-2021,0.99,0,0.99,0.99,163.63,302836.43,annual
2021-2022,BERMUDA,5.53,0.01,5.54,5.51,0,0,0,184,209,189,2020-2021,4.5,0.04,4.54,4.46,22.7,-69.36,annual
2021-2022,VIRGIN IS US,4.28,0.44,4.72,3.85,0,0,0,185,186,190,2020-2021,74.97,0.09,75.05,74.88,-94.29,405.1,annual
2021-2022,GRENADA,3.96,0.74,4.7,3.22,0,0,0,187,180,191,2020-2021,2.87,0.46,3.33,2.41,37.96,62.23,annual
2021-2022,MAYOTTE,3.48,1.15,4.63,2.33,0,0,0,190,174,192,2020-2021,5.65,0.32,5.97,5.33,-38.46,257.84,annual
2021-2022,GUADELOUPE,3.58,0.74,4.32,2.83,0,0,0,188,181,193,2020-2021,2.66,0.69,3.35,1.97,34.4,8.17,annual
2021-2022,ST LUCIA,4.07,0.14,4.21,3.92,0,0,0,186,196,194,2020-2021,3.4,0.39,3.79,3,19.76,-63.77,annual
2021-2022,MONACO,3.58,0.37,3.95,3.21,0,0,0,189,188,195,2020-2021,1.93,0.01,1.93,1.92,85.97,4883.43,annual
2021-2022,VANUATU REP,3.16,0,3.16,3.16,0,0,0,191,226,196,2020-2021,2.25,0.02,2.27,2.24,40.25,,annual
2021-2022,DOMINICA,2.8,0.19,3,2.61,0,0,0,192,194,197,2020-2021,1.87,0.25,2.11,1.62,50.26,-22.68,annual
2021-2022,LIECHTENSTEIN,1.96,0.83,2.79,1.12,0,0,0,198,178,198,2020-2021,3.76,0.34,4.09,3.42,-47.94,148.32,annual
2021-2022,ANTIGUA,2.47,0.13,2.61,2.34,0,0,0,194,197,199,2020-2021,1.62,0.14,1.76,1.47,53.17,-6.11,annual
2021-2022,FR GUIANA,2.08,0.33,2.41,1.75,0,0,0,195,191,200,2020-2021,1.78,1.29,3.06,0.49,17,-74.41,annual
2021-2022,STATE OF PALEST,1.97,0.3,2.27,1.67,0,0,0,197,192,201,2020-2021,2.01,0.15,2.15,1.86,-1.78,101.11,annual
2021-2022,MARSHALL ISLAND,1.06,1.19,2.25,-0.13,0,0,0,205,173,202,2020-2021,0.62,1.66,2.28,-1.04,70.14,-28.16,annual
2021-2022,SAO TOME,2.07,0,2.07,2.07,0,0,0,196,221,203,2020-2021,1.96,0.08,2.04,1.88,5.69,-100,annual
2021-2022,GUAM,1.68,0.11,1.8,1.57,0,0,0,200,200,204,2020-2021,0.74,0.03,0.77,0.71,126.8,256.68,annual
2021-2022,SAMOA,1.4,0.38,1.78,1.02,0,0,0,203,187,205,2020-2021,2.71,0.45,3.16,2.25,-48.29,-15.51,annual
2021-2022,KIRIBATI REP,1.64,0.04,1.69,1.6,0,0,0,201,206,206,2020-2021,0,0,0,0,,,annual
2021-2022,GREENLAND,1.41,0,1.41,1.41,0,0,0,202,216,207,2020-2021,1.1,0.02,1.11,1.08,28.31,,annual
2021-2022,TONGA,1.33,0,1.33,1.33,0,0,0,204,225,208,2020-2021,0.85,0,0.85,0.85,56.15,,annual
2021-2022,ANTARTICA,0.07,1.22,1.29,-1.14,0,0,0,218,171,209,2020-2021,1.05,0.67,1.72,0.39,-92.98,82.35,annual
2021-2022,ST VINCENT,0.85,0,0.85,0.84,0,0,0,206,222,210,2020-2021,0.63,12.17,12.8,-11.54,34.16,-99.98,annual
2021-2022,AMERI SAMOA,0.78,0,0.78,0.78,0,0,0,207,212,211,2020-2021,0.58,0.96,1.54,-0.38,33.67,-99.74,annual
2021-2022,TURKS C IS,0.64,0.01,0.65,0.64,0,0,0,208,211,212,2020-2021,0.13,0.05,0.17,0.08,411.99,-89.43,annual
2021-2022,NORFOLK IS,0.18,0.35,0.53,-0.17,0,0,0,215,190,213,2020-2021,0.22,0.24,0.46,-0.03,-17.14,42.94,annual
2021-2022,US MINOR OUTLYING ISLANDS,0.33,0.13,0.46,0.2,0,0,0,212,198,214,2020-2021,0.97,0.29,1.26,0.68,-66.07,-55.89,annual
2021-2022,N. MARIANA IS.,0.38,0.05,0.43,0.32,0,0,0,209,204,215,2020-2021,0.29,0.29,0.58,0,29.56,-81.57,annual
2021-2022,SAN MARINO,0.29,0.07,0.36,0.21,0,0,0,214,203,216,2020-2021,0.25,0.08,0.34,0.17,12.72,-10.41,annual
2021-2022,ANGUILLA,0.09,0.03,0.12,0.06,0,0,0,217,207,217,2020-2021,0.05,0.18,0.23,-0.13,80.4,-83.82,annual
2021-2022,PALAU,0.11,0,0.11,0.11,0,0,0,216,219,218,2020-2021,0.21,0,0.21,0.21,-49.97,,annual
2021-2022,ANDORRA,0.05,0,0.05,0.05,0,0,0,219,213,219,2020-2021,0.02,0.01,0.03,0.01,140.95,,annual
2021-2022,CHRISTMAS IS.,0.01,0.03,0.04,-0.03,0,0,0,222,208,220,2020-2021,0,0,0,0,,1606.55,annual
2021-2022,COOK IS,0.04,0,0.04,0.04,0,0,0,220,214,221,2020-2021,0.07,0.03,0.1,0.04,-43.67,,annual
2021-2022,VATICAN CITY,0.03,0,0.03,0.03,0,0,0,221,227,222,2020-2021,0.07,0.02,0.09,0.05,-49.11,,annual
2021-2022,ST HELENA,0,0.01,0.01,-0.01,0,0,0,226,210,223,2020-2021,0.17,0.01,0.18,0.16,,-34.83,annual
2021-2022,FALKLAND IS,0,0,0,0,0,0,0,223,215,224,2020-2021,0,0,0,0,,,annual
2021-2022,JERSEY,0,0,0,0,0,0,0,224,217,225,2020-2021,0,0,0,0,,,annual
2021-2022,PITCAIRN IS.,0,0,0,0,0,0,0,225,220,226,2020-2021,0.12,0.01,0.13,0.11,,,annual
2021-2022,TOKELAU IS,0,0,0,0,0,0,0,227,224,227,2020-2021,0,0.02,0.02,-0.02,,,annual
2021-2022,WALLIS F IS,0,0,0,0,0,0,0,228,228,228,2020-2021,0.02,0,0.02,0.02,-79.21,,annual
2022-2023,U S A,78548.4,50863.87,129412.27,27684.53,17.41,7.1,11.09,1,3,1,2021-2022,76176,43314.07,119490.07,32861.93,3.11,17.43,annual
2022-2023,CHINA P RP,15331.94,98505.77,113837.71,-83173.82,3.4,13.76,9.75,4,1,2,2021-2022,21264.4,94570.57,115834.97,-73306.17,-27.9,4.16,annual
2022-2023,U ARAB EMTS,31608.82,53232.42,84841.24,-21623.61,7.01,7.44,7.27,2,2,3,2021-2022,28044.91,44833.92,72878.82,-16789.01,12.71,18.73,annual
2022-2023,SAUDI ARAB,10727.67,42035.27,52762.94,-31307.6,2.38,5.87,4.52,8,5,4,2021-2022,8758.95,34100.58,42859.53,-25341.64,22.48,23.27,annual
2022-2023,RUSSIA,3147.21,46212.71,49359.93,-43065.5,0.7,6.45,4.23,36,4,5,2021-2022,3254.8,9869.99,13124.79,-6615.19,-3.31,368.21,annual
2022-2023,INDONESIA,10026.25,28820.41,38846.65,-18794.16,2.22,4.03,3.33,10,7,6,2021-2022,8473.49,17702.83,26176.32,-9229.34,18.32,62.8,annual
2022-2023,IRAQ,2696.72,34385.5,37082.22,-31688.78,0.6,4.8,3.18,38,6,7,2021-2022,2403.27,31927.05,34330.33,-29523.78,12.21,7.7,annual
2022-2023,SINGAPORE,11992.96,23595.35,35588.32,-11602.39,2.66,3.3,3.05,6,8,8,2021-2022,11150.66,18962.19,30112.85,-7811.53,7.55,24.43,annual
2022-2023,HONG KONG,9892.66,18274.95,28167.62,-8382.29,2.19,2.55,2.41,12,11,9,2021-2022,10984.8,19096.61,30081.41,-8111.81,-9.94,-4.3,annual
2022-2023,KOREA RP,6654.95,21227.32,27882.27,-14572.36,1.48,2.96,2.39,22,9,10,2021-2022,8085.56,17477.2,25562.76,-9391.65,-17.69,21.46,annual
2022-2023,NETHERLAND,21620.73,5961.36,27582.09,15659.37,4.79,0.83,2.36,3,28,11,2021-2022,12546.55,4478.1,17024.65,8068.45,72.32,33.12,annual
2022-2023,GERMANY,10136.69,16601.53,26738.22,-6464.84,2.25,2.32,2.29,9,13,12,2021-2022,9884.7,14968.1,24852.79,-5083.4,2.55,10.91,annual
2022-2023,AUSTRALIA,6951.32,19011.31,25962.62,-12059.99,1.54,2.66,2.22,21,10,13,2021-2022,8283.13,16756.17,25039.3,-8473.04,-16.08,13.46,annual
2022-2023,JAPAN,5465,16495.32,21960.32,-11030.33,1.21,2.3,1.88,26,14,14,2021-2022,6177.85,14399.77,20577.62,-8221.92,-11.54,14.55,annual
2022-2023,U K,11457.77,8960.73,20418.5,2497.04,2.54,1.25,1.75,7,21,15,2021-2022,10498.75,7017.78,17516.54,3480.97,9.13,27.69,annual
2022-2023,MALAYSIA,7156.21,12734.94,19891.16,-5578.73,1.59,1.78,1.7,20,16,16,2021-2022,6995.06,12424.2,19419.26,-5429.15,2.3,2.5,annual
2022-2023,SOUTH AFRICA,8474.44,10397.83,18872.26,-1923.39,1.88,1.45,1.62,16,19,17,2021-2022,6085.29,10965.81,17051.1,-4880.52,39.26,-5.18,annual
2022-2023,QATAR,1966.78,16808.1,18774.88,-14841.31,0.44,2.35,1.61,44,12,18,2021-2022,1837.75,13193.7,15031.45,-11355.94,7.02,27.39,annual
2022-2023,BELGIUM,8864.2,9177.67,18041.87,-313.48,1.97,1.28,1.55,14,20,19,2021-2022,10084.53,9951.65,20036.18,132.88,-12.1,-7.78,annual
2022-2023,SWITZERLAND,1348,15793.95,17141.95,-14445.96,0.3,2.21,1.47,49,15,20,2021-2022,1349.28,23392.32,24741.6,-22043.04,-0.09,-32.48,annual
2022-2023,THAILAND,5709.81,11193.36,16903.18,-5483.55,1.27,1.56,1.45,25,18,21,2021-2022,5751.3,9332.59,15083.88,-3581.29,-0.72,19.94,annual
2022-2023,BRAZIL,9919.59,6672.52,16592.11,3247.07,2.2,0.93,1.42,11,26,22,2021-2022,6489.02,5713.32,12202.34,775.7,52.87,16.79,annual
2022-2023,VIETNAM SOC REP,5909.35,8794.73,14704.08,-2885.38,1.31,1.23,1.26,24,22,23,2021-2022,6702.8,7438.52,14141.31,-735.72,-11.84,18.23,annual
2022-2023,ITALY,8691.83,5591.91,14283.74,3099.92,1.93,0.78,1.22,15,29,24,2021-2022,8181.15,5048.47,13229.61,3132.68,6.24,10.76,annual
2022-2023,BANGLADESH PR,12216.03,2021.24,14237.27,10194.79,2.71,0.28,1.22,5,47,25,2021-2022,16156.43,1977.93,18134.36,14178.51,-24.39,2.19,annual
2022-2023,TURKEY,9609.69,4208.84,13818.53,5400.85,2.13,0.59,1.18,13,30,26,2021-2022,8716.13,1996.75,10712.88,6719.39,10.25,110.78,annual
2022-2023,FRANCE,7611.94,6201.05,13812.99,1410.89,1.69,0.87,1.18,19,27,27,2021-2022,6643.72,5782.1,12425.82,861.63,14.57,7.25,annual
2022-2023,KUWAIT,1560.45,12247.37,13807.82,-10686.92,0.35,1.71,1.18,47,17,28,2021-2022,1241.93,11001.76,12243.68,-9759.83,25.65,11.32,annual
2022-2023,OMAN,4477.25,7911.18,12388.43,-3433.93,0.99,1.1,1.06,31,24,29,2021-2022,3148.33,6840.65,9988.98,-3692.32,42.21,15.65,annual
2022-2023,NIGERIA,5159.44,6692.65,11852.09,-1533.21,1.14,0.93,1.02,28,25,30,2021-2022,4663.17,10291.58,14954.75,-5628.4,10.64,-34.97,annual
2022-2023,TAIWAN,2637.53,8264.3,10901.83,-5626.77,0.58,1.15,0.93,39,23,31,2021-2022,2756.7,6234.48,8991.18,-3477.79,-4.32,32.56,annual
2022-2023,ISRAEL,8451.23,2323.19,10774.42,6128.04,1.87,0.32,0.92,17,42,32,2021-2022,4796.13,3073.79,7869.92,1722.34,76.21,-24.42,annual
2022-2023,MEXICO,5196.38,3867.56,9063.94,1328.82,1.15,0.54,0.78,27,33,33,2021-2022,4425.21,4248.04,8673.26,177.17,17.43,-8.96,annual
2022-2023,NEPAL,8079.26,841.52,8920.77,7237.74,1.79,0.12,0.76,18,63,34,2021-2022,9645.75,1371.04,11016.79,8274.7,-16.24,-38.62,annual
2022-2023,CANADA,4109.74,4167.56,8277.3,-57.82,0.91,0.58,0.71,32,31,35,2021-2022,3763.98,3132.78,6896.76,631.21,9.19,33.03,annual
2022-2023,SPAIN,4661.48,3001.68,7663.16,1659.81,1.03,0.42,0.66,30,36,36,2021-2022,4725.95,2052.99,6778.94,2672.95,-1.36,46.21,annual
2022-2023,TOGO,6048.07,540.81,6588.88,5507.27,1.34,0.08,0.56,23,75,37,2021-2022,3012.08,376.85,3388.93,2635.23,100.79,43.51,annual
2022-2023,TANZANIA REP,3935.49,2541.31,6476.8,1394.17,0.87,0.35,0.55,34,40,38,2021-2022,2300.88,2279.18,4580.06,21.7,71.04,11.5,annual
2022-2023,SRI LANKA DSR,5111.59,1078.16,6189.75,4033.42,1.13,0.15,0.53,29,57,39,2021-2022,5802.18,1009.99,6812.17,4792.2,-11.9,6.75,annual
2022-2023,EGYPT A RP,4109.62,1951.54,6061.16,2158.08,0.91,0.27,0.52,33,48,40,2021-2022,3743.93,3520.83,7264.76,223.1,9.77,-44.57,annual
2022-2023,MOZAMBIQUE,2506.47,2521.96,5028.43,-15.49,0.56,0.35,0.43,40,41,41,2021-2022,1975.76,1879.49,3855.25,96.27,26.86,34.18,annual
2022-2023,ARGENTINA,960.41,3929.1,4889.51,-2968.7,0.21,0.55,0.42,62,32,42,2021-2022,1425.96,4201.74,5627.7,-2775.78,-32.65,-6.49,annual
2022-2023,JORDAN,2143.85,2290.4,4434.25,-146.55,0.48,0.32,0.38,42,43,43,2021-2022,889.27,1827.19,2716.46,-937.92,141.08,25.35,annual
2022-2023,ANGOLA,621.78,3599.31,4221.09,-2977.53,0.14,0.5,0.36,74,35,44,2021-2022,452.45,2725.08,3177.53,-2272.63,37.43,32.08,annual
2022-2023,IRELAND,581.51,3630.44,4211.95,-3048.94,0.13,0.51,0.36,78,34,45,2021-2022,687.99,1135.81,1823.8,-447.81,-15.48,219.64,annual
2022-2023,COLOMBIA,1447.96,2634.19,4082.15,-1186.22,0.32,0.37,0.35,48,37,46,2021-2022,1376.75,2964.29,4341.05,-1587.54,5.17,-11.14,annual
2022-2023,POLAND,2323.11,1366.4,3689.5,956.71,0.52,0.19,0.32,41,55,47,2021-2022,2723.94,1124.79,3848.72,1599.15,-14.72,21.48,annual
2022-2023,MOROCCO,1047.15,2549.44,3596.59,-1502.3,0.23,0.36,0.31,56,39,48,2021-2022,962.28,2244.19,3206.47,-1281.91,8.82,13.6,annual
2022-2023,KENYA,3273.66,116.68,3390.35,3156.98,0.73,0.02,0.29,35,110,49,2021-2022,2631.9,145.35,2777.25,2486.54,24.38,-19.73,annual
2022-2023,PERU,865.91,2250.75,3116.66,-1384.84,0.19,0.31,0.27,67,44,50,2021-2022,897.7,2707.38,3605.08,-1809.68,-3.54,-16.87,annual
2022-2023,PHILIPPINES,2094.15,959.59,3053.73,1134.56,0.46,0.13,0.26,43,60,51,2021-2022,2107.24,729.12,2836.35,1378.12,-0.62,31.61,annual
2022-2023,UNSPECIFIED,2942.49,90.56,3033.05,2851.93,0.65,0.01,0.26,37,119,52,2021-2022,1232.71,37.77,1270.48,1194.94,138.7,139.74,annual
2022-2023,GHANA,964.17,1909.59,2873.76,-945.42,0.21,0.27,0.25,60,49,53,2021-2022,1109.46,1497.77,2607.24,-388.31,-13.1,27.5,annual
2022-2023,GUINEA,631.93,2082.84,2714.76,-1450.91,0.14,0.29,0.23,71,45,54,2021-2022,561.53,3616.56,4178.08,-3055.03,12.54,-42.41,annual
2022-2023,SWEDEN,961.93,1729.61,2691.54,-767.68,0.21,0.24,0.23,61,50,55,2021-2022,1035.97,1450.13,2486.11,-414.16,-7.15,19.27,annual
2022-2023,BOLIVIA,77.34,2550.21,2627.56,-2472.87,0.02,0.36,0.23,143,38,56,2021-2022,117.96,2072.54,2190.5,-1954.58,-34.43,23.05,annual
2022-2023,CHILE,1166.43,1435.83,2602.26,-269.4,0.26,0.2,0.22,53,53,57,2021-2022,1181.92,1371.16,2553.08,-189.24,-1.31,4.72,annual
2022-2023,SENEGAL,1134.2,1377.37,2511.56,-243.17,0.25,0.19,0.22,54,54,58,2021-2022,953.59,696.16,1649.75,257.42,18.94,97.85,annual
2022-2023,IRAN,1659.12,672.12,2331.24,987.01,0.37,0.09,0.2,46,69,59,2021-2022,1451.16,463.38,1914.54,987.78,14.33,45.05,annual
2022-2023,CONGO P REP,178.49,2026.19,2204.67,-1847.7,0.04,0.28,0.19,115,46,60,2021-2022,161.02,1309.73,1470.76,-1148.71,10.85,54.7,annual
2022-2023,ALGERIA,613.83,1503.97,2117.8,-890.14,0.14,0.21,0.18,75,51,61,2021-2022,703.25,1004.24,1707.49,-300.98,-12.72,49.76,annual
2022-2023,AUSTRIA,1261.64,837.63,2099.27,424.01,0.28,0.12,0.18,50,64,62,2021-2022,564.32,825.13,1389.45,-260.81,123.57,1.51,annual
2022-2023,SUDAN,1815.84,218.18,2034.02,1597.67,0.4,0.03,0.17,45,95,63,2021-2022,1077.25,129.15,1206.4,948.1,68.56,68.93,annual
2022-2023,FINLAND,532.64,1491.62,2024.26,-958.99,0.12,0.21,0.17,84,52,64,2021-2022,344.46,876.28,1220.74,-531.81,54.63,70.22,annual
2022-2023,BAHARAIN IS,965.25,1014.5,1979.76,-49.25,0.21,0.14,0.17,59,59,65,2021-2022,899.9,753.29,1653.19,146.61,7.26,34.68,annual
2022-2023,CZECH REPUBLIC,1169.32,778.09,1947.41,391.23,0.26,0.11,0.17,52,65,66,2021-2022,628.25,592.1,1220.35,36.15,86.12,31.41,annual
2022-2023,GREECE,785.9,1157.9,1943.8,-372,0.17,0.16,0.17,69,56,67,2021-2022,1077.45,299.94,1377.39,777.5,-27.06,286.04,annual
2022-2023,MYANMAR,807,954.74,1761.74,-147.74,0.18,0.13,0.15,68,61,68,2021-2022,893.03,1001.87,1894.9,-108.84,-9.63,-4.7,annual
2022-2023,DENMARK,911.39,770.37,1681.75,141.02,0.2,0.11,0.14,64,66,69,2021-2022,944.15,888.73,1832.89,55.42,-3.47,-13.32,annual
2022-2023,BHUTAN,1079.09,535.61,1614.7,543.48,0.24,0.07,0.14,55,76,70,2021-2022,885.81,545.04,1430.84,340.77,21.82,-1.73,annual
2022-2023,COTE D' IVOIRE,887.79,665.18,1552.97,222.61,0.2,0.09,0.13,66,70,71,2021-2022,728.62,468.78,1197.4,259.84,21.85,41.9,annual
2022-2023,NORWAY,569.19,938.06,1507.25,-368.87,0.13,0.13,0.13,80,62,72,2021-2022,379.72,2092.36,2472.08,-1712.64,49.89,-55.17,annual
2022-2023,ECUADOR,399.79,1016.41,1416.21,-616.62,0.09,0.14,0.12,94,58,73,2021-2022,304.86,1012.4,1317.26,-707.53,31.14,0.4,annual
2022-2023,BENIN,892.81,452.58,1345.4,440.23,0.2,0.06,0.12,65,83,74,2021-2022,716.41,402.12,1118.53,314.29,24.62,12.55,annual
2022-2023,ROMANIA,744.44,562.21,1306.65,182.24,0.17,0.08,0.11,70,73,75,2021-2022,592.74,263.1,855.84,329.65,25.59,113.69,annual
2022-2023,DJIBOUTI,1191.39,55.88,1247.27,1135.51,0.26,0.01,0.11,51,127,76,2021-2022,713.33,41.68,755.01,671.66,67.02,34.08,annual
2022-2023,PORTUGAL,1005.41,196.1,1201.51,809.31,0.22,0.03,0.1,57,99,77,2021-2022,1191.8,164.54,1356.34,1027.27,-15.64,19.18,annual
2022-2023,YEMEN REPUBLC,1000.36,160.91,1161.27,839.45,0.22,0.02,0.1,58,103,78,2021-2022,846.57,227.81,1074.38,618.76,18.17,-29.37,annual
2022-2023,CAMEROON,553.17,550.39,1103.56,2.78,0.12,0.08,0.09,82,74,79,2021-2022,403.06,806.42,1209.49,-403.36,37.24,-31.75,annual
2022-2023,LIBYA,337.91,729.89,1067.8,-391.98,0.07,0.1,0.09,98,67,80,2021-2022,239.6,358.2,597.8,-118.6,41.03,103.77,annual
2022-2023,UGANDA,560.06,494.15,1054.21,65.91,0.12,0.07,0.09,81,79,81,2021-2022,697.78,142.98,840.76,554.8,-19.74,245.6,annual
2022-2023,NEW ZEALAND,547.84,477.74,1025.58,70.1,0.12,0.07,0.09,83,80,82,2021-2022,487.6,374.84,862.44,112.76,12.35,27.45,annual
2022-2023,MALDIVES,476.75,496.62,973.37,-19.87,0.11,0.07,0.08,86,78,83,2021-2022,670.4,68.93,739.33,601.47,-28.89,620.49,annual
2022-2023,SOMALIA,946.37,17.9,964.27,928.48,0.21,0,0.08,63,144,84,2021-2022,744.58,18.06,762.64,726.52,27.1,-0.93,annual
2022-2023,SLOVENIA,611.35,297.83,909.18,313.52,0.14,0.04,0.08,76,90,85,2021-2022,496.72,303.24,799.96,193.48,23.08,-1.78,annual
2022-2023,AFGHANISTAN,437.05,452.81,889.85,-15.76,0.1,0.06,0.08,90,82,86,2021-2022,554.47,510.93,1065.4,43.54,-21.18,-11.38,annual
2022-2023,HUNGARY,575.54,307.19,882.73,268.35,0.13,0.04,0.08,79,88,87,2021-2022,550.89,293.67,844.56,257.22,4.47,4.6,annual
2022-2023,CONGO D. REP.,631.11,214.12,845.23,416.99,0.14,0.03,0.07,72,96,88,2021-2022,568.17,31.21,599.38,536.97,11.08,586.07,annual
2022-2023,TUNISIA,423.11,421.24,844.35,1.87,0.09,0.06,0.07,92,85,89,2021-2022,406.82,297.83,704.65,108.99,4.01,41.44,annual
2022-2023,UKRAINE,132.68,650.26,782.94,-517.59,0.03,0.09,0.07,124,71,90,2021-2022,472.68,2913.61,3386.29,-2440.92,-71.93,-77.68,annual
2022-2023,EQUTL GUINEA,23.08,711.96,735.04,-688.89,0.01,0.1,0.06,164,68,91,2021-2022,12.44,885.56,898,-873.13,85.57,-19.6,annual
2022-2023,PAPUA N GNA,85.84,643.36,729.2,-557.52,0.02,0.09,0.06,136,72,92,2021-2022,69.95,357.61,427.56,-287.67,22.72,79.9,annual
2022-2023,DOMINIC REP,329.63,360.31,689.94,-30.68,0.07,0.05,0.06,99,87,93,2021-2022,310.09,648.77,958.85,-338.68,6.3,-44.46,annual
2022-2023,MADAGASCAR,525.38,131.69,657.06,393.69,0.12,0.02,0.06,85,106,94,2021-2022,351.26,150.93,502.19,200.32,49.57,-12.75,annual
2022-2023,PAKISTAN IR,627.12,20.11,647.23,607.02,0.14,0,0.06,73,140,95,2021-2022,513.85,2.54,516.38,511.31,22.04,692.71,annual
2022-2023,BULGARIA,211.42,433.19,644.61,-221.77,0.05,0.06,0.06,111,84,96,2021-2022,247.08,173.2,420.29,73.88,-14.43,150.1,annual
2022-2023,ETHIOPIA,585.53,57.06,642.59,528.47,0.13,0.01,0.06,77,126,97,2021-2022,681.28,62.44,743.72,618.84,-14.05,-8.62,annual
2022-2023,KAZAKHSTAN,436.5,205.13,641.62,231.37,0.1,0.03,0.05,91,97,98,2021-2022,235.12,325.77,560.89,-90.66,85.65,-37.03,annual
2022-2023,BOTSWANA,171.27,459.97,631.25,-288.7,0.04,0.06,0.05,118,81,99,2021-2022,278.87,527.96,806.83,-249.09,-38.58,-12.88,annual
2022-2023,AZERBAIJAN,100.96,497.58,598.54,-396.63,0.02,0.07,0.05,132,77,100,2021-2022,36.42,104.81,141.23,-68.4,177.22,374.73,annual
2022-2023,PANAMA REPUBLIC,314.56,283.35,597.91,31.21,0.07,0.04,0.05,100,91,101,2021-2022,347.75,292.4,640.15,55.35,-9.54,-3.1,annual
2022-2023,MAURITIUS,462.69,91.77,554.47,370.92,0.1,0.01,0.05,88,117,102,2021-2022,714.85,71.88,786.73,642.97,-35.27,27.67,annual
2022-2023,GIBRALTAR,445.18,71.99,517.17,373.2,0.1,0.01,0.04,89,122,103,2021-2022,488.68,0.25,488.92,488.43,-8.9,29243.35,annual
2022-2023,LEBANON,403,92.49,495.49,310.52,0.09,0.01,0.04,93,116,104,2021-2022,313.14,32.46,345.61,280.68,28.7,184.9,annual
2022-2023,GUATEMALA,465.39,20.7,486.09,444.69,0.1,0,0.04,87,139,105,2021-2022,552.15,21.08,573.23,531.07,-15.71,-1.81,annual
2022-2023,GABON,80.42,398.47,478.89,-318.05,0.02,0.06,0.04,140,86,106,2021-2022,53,1070.49,1123.49,-1017.5,51.75,-62.78,annual
2022-2023,LITHUANIA,357.44,114.24,471.68,243.2,0.08,0.02,0.04,95,113,107,2021-2022,330.85,200.92,531.77,129.93,8.04,-43.14,annual
2022-2023,ZAMBIA,280.68,184.93,465.62,95.75,0.06,0.03,0.04,103,100,108,2021-2022,340.97,118.18,459.15,222.79,-17.68,56.48,annual
2022-2023,CROATIA,341.8,117.54,459.34,224.26,0.08,0.02,0.04,97,109,109,2021-2022,493.18,59.43,552.61,433.75,-30.69,97.78,annual
2022-2023,LATVIA,187.31,250.12,437.43,-62.81,0.04,0.03,0.04,114,93,110,2021-2022,132.93,134.64,267.57,-1.72,40.91,85.77,annual
2022-2023,GEORGIA,265.31,167.04,432.35,98.28,0.06,0.02,0.04,106,102,111,2021-2022,163.91,196.64,360.55,-32.73,61.86,-15.05,annual
2022-2023,VENEZUELA,178,252.85,430.85,-74.85,0.04,0.04,0.04,116,92,112,2021-2022,334.36,89.42,423.78,244.94,-46.76,182.78,annual
2022-2023,PUERTO RICO,268.84,119.41,388.26,149.43,0.06,0.02,0.03,105,108,113,2021-2022,277.85,54.9,332.75,222.95,-3.24,117.51,annual
2022-2023,MAURITANIA,146.57,231.68,378.24,-85.11,0.03,0.03,0.03,122,94,114,2021-2022,96.9,12.02,108.91,84.88,51.26,1827.97,annual
2022-2023,BRUNEI,69.48,303.99,373.47,-234.51,0.02,0.04,0.03,145,89,115,2021-2022,43.16,394.44,437.6,-351.28,60.99,-22.93,annual
2022-2023,CAMBODIA,220.43,146.02,366.44,74.41,0.05,0.02,0.03,110,104,116,2021-2022,198.37,94.88,293.25,103.49,11.12,53.89,annual
2022-2023,MALTA,312.76,51.35,364.1,261.41,0.07,0.01,0.03,101,128,117,2021-2022,477.22,22.88,500.11,454.34,-34.46,124.4,annual
2022-2023,ALBANIA,344.52,10.57,355.09,333.95,0.08,0,0.03,96,152,118,2021-2022,55.16,30.71,85.87,24.45,524.58,-65.57,annual
2022-2023,URUGUAY,155.01,198.71,353.71,-43.7,0.03,0.03,0.03,121,98,119,2021-2022,150.73,161.49,312.22,-10.76,2.84,23.05,annual
2022-2023,UZBEKISTAN,283.31,48.4,331.71,234.91,0.06,0.01,0.03,102,132,120,2021-2022,271.18,71.35,342.53,199.83,4.47,-32.17,annual
2022-2023,BURKINA FASO,176.78,116.34,293.11,60.44,0.04,0.02,0.03,117,111,121,2021-2022,196.64,425.44,622.09,-228.8,-10.1,-72.65,annual
2022-2023,HONDURAS,273.35,15.42,288.77,257.93,0.06,0,0.02,104,147,122,2021-2022,317.9,21.12,339.02,296.79,-14.01,-26.97,annual
2022-2023,SIERRA LEONE,237.38,49.79,287.17,187.6,0.05,0.01,0.02,109,130,123,2021-2022,178.8,16.92,195.72,161.88,32.77,194.24,annual
2022-2023,LIBERIA,257.15,26.8,283.96,230.35,0.06,0,0.02,107,138,124,2021-2022,247.05,21.2,268.25,225.86,4.09,26.45,annual
2022-2023,NAMIBIA,240.6,37.54,278.14,203.06,0.05,0.01,0.02,108,135,125,2021-2022,205.88,45.99,251.88,159.89,16.86,-18.38,annual
2022-2023,SLOVAK REP,190.22,70.92,261.14,119.3,0.04,0.01,0.02,113,123,126,2021-2022,171.13,101.86,272.99,69.27,11.16,-30.37,annual
2022-2023,COSTA RICA,192.72,60.78,253.5,131.94,0.04,0.01,0.02,112,125,127,2021-2022,147.5,63.28,210.78,84.22,30.66,-3.95,annual
2022-2023,ESTONIA,71.26,139.95,211.2,-68.69,0.02,0.02,0.02,144,105,128,2021-2022,62.1,72.3,134.4,-10.2,14.75,93.56,annual
2022-2023,NIGER,83.83,119.5,203.33,-35.67,0.02,0.02,0.02,137,107,129,2021-2022,91.62,15.99,107.61,75.63,-8.5,647.26,annual
2022-2023,CYPRUS,81.88,116.17,198.06,-34.29,0.02,0.02,0.02,139,112,130,2021-2022,139.85,74.32,214.17,65.53,-41.45,56.32,annual
2022-2023,TRINIDAD,104.93,91.26,196.19,13.67,0.02,0.01,0.02,130,118,131,2021-2022,93.27,112.2,205.47,-18.93,12.5,-18.66,annual
2022-2023,TURKMENISTAN,90.29,101.72,192.01,-11.43,0.02,0.01,0.02,133,114,132,2021-2022,104.29,10.07,114.36,94.23,-13.43,910.35,annual
2022-2023,RWANDA,143.78,40.19,183.97,103.6,0.03,0.01,0.02,123,134,133,2021-2022,127.87,7.55,135.42,120.32,12.45,432.4,annual
2022-2023,GUINEA BISSAU,9.88,169.93,179.8,-160.05,0,0.02,0.02,179,101,134,2021-2022,10.61,174.34,184.95,-163.73,-6.9,-2.53,annual
2022-2023,PARAGUAY,156.34,19.8,176.14,136.55,0.03,0,0.02,120,142,135,2021-2022,211.15,16.3,227.46,194.85,-25.96,21.45,annual
2022-2023,GAMBIA,122.6,51.15,173.75,71.45,0.03,0.01,0.01,127,129,136,2021-2022,153.27,43.49,196.76,109.78,-20.01,17.62,annual
2022-2023,ZIMBABWE,157.33,9.18,166.51,148.15,0.03,0,0.01,119,155,137,2021-2022,200.49,7.77,208.27,192.72,-21.53,18.1,annual
2022-2023,MALAWI,114.63,42.76,157.39,71.88,0.03,0.01,0.01,128,133,138,2021-2022,150.42,107.71,258.13,42.71,-23.79,-60.3,annual
2022-2023,MALI,132.49,20.02,152.51,112.47,0.03,0,0.01,125,141,139,2021-2022,207.56,22.85,230.42,184.71,-36.17,-12.39,annual
2022-2023,LUXEMBOURG,41.76,100.82,142.57,-59.06,0.01,0.01,0.01,155,115,140,2021-2022,14.56,67.39,81.95,-52.83,186.74,49.6,annual
2022-2023,ARMENIA,61.37,72.89,134.26,-11.53,0.01,0.01,0.01,148,121,141,2021-2022,27.47,134.85,162.32,-107.38,123.37,-45.94,annual
2022-2023,EL SALVADOR,126.98,2.31,129.29,124.67,0.03,0,0.01,126,171,142,2021-2022,162.07,4.11,166.18,157.95,-21.65,-43.82,annual
2022-2023,NICARAGUA,108.71,10.64,119.35,98.06,0.02,0,0.01,129,151,143,2021-2022,107.48,9.51,116.98,97.97,1.14,11.94,annual
2022-2023,SYRIA,103.43,9.22,112.65,94.22,0.02,0,0.01,131,154,144,2021-2022,105.46,15.61,121.07,89.85,-1.92,-40.95,annual
2022-2023,BELARUS,43.91,67.9,111.81,-23.99,0.01,0.01,0.01,153,124,145,2021-2022,65.34,381.08,446.42,-315.74,-32.79,-82.18,annual
2022-2023,HAITI,88.07,12.06,100.13,76,0.02,0,0.01,134,150,146,2021-2022,99.49,21.86,121.35,77.63,-11.48,-44.82,annual
2022-2023,SERBIA,82.69,13.71,96.41,68.98,0.02,0,0.01,138,148,147,2021-2022,89.89,11.07,100.96,78.82,-8.01,23.89,annual
2022-2023,JAMAICA,87.75,4.99,92.74,82.76,0.02,0,0.01,135,159,148,2021-2022,80.6,1.8,82.4,78.79,8.88,176.69,annual
2022-2023,LAO PD RP,16.98,74.3,91.28,-57.31,0,0.01,0.01,169,120,149,2021-2022,14.65,0.8,15.46,13.85,15.9,9181.42,annual
2022-2023,CUBA,79.04,4.87,83.92,74.17,0.02,0,0.01,142,162,150,2021-2022,26.57,1,27.57,25.58,197.48,389.45,annual
2022-2023,FIJI IS,80.02,0.1,80.12,79.92,0.02,0,0.01,141,200,151,2021-2022,57.96,0.49,58.45,57.47,38.05,-79.61,annual
2022-2023,REUNION,47.21,28.86,76.07,18.35,0.01,0,0.01,152,137,152,2021-2022,58.53,27.71,86.25,30.82,-19.35,4.13,annual
2022-2023,SEYCHELLES,64.88,8.96,73.84,55.92,0.01,0,0.01,146,156,153,2021-2022,44.92,3.92,48.84,41,44.43,128.75,annual
2022-2023,GUYANA,62.15,4.22,66.37,57.94,0.01,0,0.01,147,164,154,2021-2022,66.41,156.96,223.36,-90.55,-6.4,-97.31,annual
2022-2023,CHAD,57.5,6.14,63.64,51.36,0.01,0,0.01,149,158,155,2021-2022,52.94,3,55.94,49.94,8.61,104.89,annual
2022-2023,SURINAME,12.23,48.89,61.13,-36.66,0,0.01,0.01,175,131,156,2021-2022,17.36,31.93,49.29,-14.57,-29.53,53.14,annual
2022-2023,KYRGHYZSTAN,52.38,4.19,56.56,48.19,0.01,0,0,150,165,157,2021-2022,32.89,1.79,34.68,31.1,59.25,133.61,annual
2022-2023,COMOROS,39.83,16.11,55.93,23.72,0.01,0,0,156,145,158,2021-2022,23.05,14.87,37.91,8.18,72.8,8.33,annual
2022-2023,TAJIKISTAN,49.4,0.52,49.92,48.87,0.01,0,0,151,191,159,2021-2022,35.35,10.74,46.09,24.61,39.74,-95.12,annual
2022-2023,NETHERLANDANTIL,31.02,18.05,49.07,12.96,0.01,0,0,160,143,160,2021-2022,29.65,16.12,45.77,13.52,4.61,11.98,annual
2022-2023,BURUNDI,42.75,0.39,43.14,42.36,0.01,0,0,154,193,161,2021-2022,60.51,0.04,60.55,60.47,-29.34,863.93,annual
2022-2023,SOLOMON IS,2.69,33.09,35.78,-30.4,0,0,0,193,136,162,2021-2022,1.85,25.93,27.78,-24.08,45.31,27.6,annual
2022-2023,TIMOR LESTE,35.49,0,35.49,35.49,0.01,0,0,157,226,163,2021-2022,26.04,0,26.04,26.04,36.29,60.56,annual
2022-2023,MONGOLIA,33.9,0.94,34.84,32.97,0.01,0,0,158,183,164,2021-2022,25.94,0.54,26.48,25.39,30.72,73.01,annual
2022-2023,SOUTH SUDAN,32.31,1.13,33.44,31.17,0.01,0,0,159,179,165,2021-2022,26.91,1.23,28.14,25.68,20.04,-8.15,annual
2022-2023,MACEDONIA,27.9,1.37,29.27,26.52,0.01,0,0,162,175,166,2021-2022,30.52,1.19,31.72,29.33,-8.61,15.15,annual
2022-2023,MONTENEGRO,28.28,0.1,28.37,28.18,0.01,0,0,161,201,167,2021-2022,21.76,0.35,22.11,21.41,29.93,-72.6,annual
2022-2023,NEW CALEDONIA,18.66,7.19,25.84,11.47,0,0,0,166,157,168,2021-2022,18.81,8.11,26.92,10.7,-0.8,-11.41,annual
2022-2023,BARBADOS,24.19,1.29,25.47,22.9,0.01,0,0,163,176,169,2021-2022,16.19,0.84,17.03,15.35,49.35,53.05,annual
2022-2023,C AFRI REP,20.85,2.65,23.5,18.2,0,0,0,165,168,170,2021-2022,20.13,0.18,20.31,19.95,3.6,1350.93,annual
2022-2023,SWAZILAND,14.98,4.92,19.9,10.06,0,0,0,172,161,171,2021-2022,26.82,234.98,261.79,-208.16,-44.14,-97.91,annual
2022-2023,BOSNIA-HRZGOVIN,17.23,2.51,19.74,14.71,0,0,0,168,169,172,2021-2022,17,3.03,20.03,13.97,1.32,-17.03,annual
2022-2023,ERITREA,17.95,0,17.96,17.95,0,0,0,167,217,173,2021-2022,17.42,0.12,17.54,17.3,3.05,-97.74,annual
2022-2023,MACAO,4.35,13.4,17.75,-9.05,0,0,0,187,149,174,2021-2022,12.04,20.11,32.15,-8.07,-63.87,-33.38,annual
2022-2023,BELIZE,15.93,1.06,16.99,14.88,0,0,0,170,180,175,2021-2022,15.25,0.5,15.75,14.75,4.51,111.54,annual
2022-2023,SAMOA,1.22,15.76,16.98,-14.55,0,0,0,202,146,176,2021-2022,1.4,0.38,1.78,1.02,-13.13,4008.08,annual
2022-2023,BAHAMAS,12.76,3.68,16.44,9.08,0,0,0,174,167,177,2021-2022,8.06,3.52,11.58,4.55,58.26,4.64,annual
2022-2023,MOLDOVA,11.99,3.93,15.92,8.06,0,0,0,176,166,178,2021-2022,9.03,0.09,9.12,8.94,32.73,4259.31,annual
2022-2023,ARUBA,14.62,0.77,15.39,13.86,0,0,0,173,186,179,2021-2022,6.22,1.77,7.98,4.45,135.21,-56.6,annual
2022-2023,ICELAND,10.41,4.95,15.36,5.46,0,0,0,177,160,180,2021-2022,11.77,5.71,17.48,6.06,-11.57,-13.28,annual
2022-2023,LESOTHO,15.06,0,15.06,15.06,0,0,0,171,219,181,2021-2022,10.99,0,10.99,10.99,36.97,,annual
2022-2023,BR VIRGN IS,0.45,10.55,11,-10.1,0,0,0,207,153,182,2021-2022,0.36,14.72,15.08,-14.36,24.68,-28.31,annual
2022-2023,FR POLYNESIA,10.13,0.52,10.65,9.61,0,0,0,178,190,183,2021-2022,9.22,1.11,10.33,8.11,9.89,-53,annual
2022-2023,CAPE VERDE IS,4.51,4.43,8.95,0.08,0,0,0,186,163,184,2021-2022,6.27,4.63,10.9,1.64,-28.02,-4.2,annual
2022-2023,VIRGIN IS US,7.59,1.01,8.61,6.58,0,0,0,180,181,185,2021-2022,4.28,0.44,4.72,3.85,77.33,133.1,annual
2022-2023,MARTINIQUE,5.19,1.21,6.4,3.97,0,0,0,183,178,186,2021-2022,6.26,0.48,6.74,5.77,-17.09,151.16,annual
2022-2023,MAYOTTE,5.58,0.73,6.31,4.84,0,0,0,182,187,187,2021-2022,3.48,1.15,4.63,2.33,60.41,-36.32,annual
2022-2023,CAYMAN IS,5.68,0,5.68,5.67,0,0,0,181,214,188,2021-2022,6.63,0.09,6.73,6.54,-14.45,-98.99,annual
2022-2023,GRENADA,3.89,1.45,5.34,2.44,0,0,0,188,174,189,2021-2022,3.96,0.74,4.7,3.22,-1.72,95.44,annual
2022-2023,ST LUCIA,5.13,0.11,5.24,5.02,0,0,0,184,199,190,2021-2022,4.07,0.14,4.21,3.92,26.1,-23.16,annual
2022-2023,BERMUDA,5.05,0.05,5.11,5,0,0,0,185,205,191,2021-2022,5.53,0.01,5.54,5.51,-8.57,336.45,annual
2022-2023,KOREA DP RP,1.77,2.48,4.25,-0.71,0,0,0,196,170,192,2021-2022,0.34,5.26,5.6,-4.92,421.34,-52.82,annual
2022-2023,ST KITT N A,2.63,1.22,3.86,1.41,0,0,0,195,177,193,2021-2022,2.61,2.98,5.59,-0.38,1.03,-58.98,annual
2022-2023,MONACO,2.79,1,3.79,1.8,0,0,0,192,182,194,2021-2022,3.58,0.37,3.95,3.21,-21.97,170.57,annual
2022-2023,GUADELOUPE,3.39,0.32,3.71,3.07,0,0,0,189,194,195,2021-2022,3.58,0.74,4.32,2.83,-5.37,-57.12,annual
2022-2023,DOMINICA,2.91,0.6,3.51,2.3,0,0,0,190,188,196,2021-2022,2.8,0.19,3,2.61,3.67,214.06,annual
2022-2023,ANTIGUA,2.9,0.52,3.42,2.38,0,0,0,191,189,197,2021-2022,2.47,0.13,2.61,2.34,17.1,289.24,annual
2022-2023,FR GUIANA,1.5,1.75,3.25,-0.24,0,0,0,200,173,198,2021-2022,2.08,0.33,2.41,1.75,-27.67,430.03,annual
2022-2023,STATE OF PALEST,2.65,0.42,3.07,2.23,0,0,0,194,192,199,2021-2022,1.97,0.3,2.27,1.67,34.46,40.33,annual
2022-2023,LIECHTENSTEIN,0.3,1.97,2.26,-1.67,0,0,0,209,172,200,2021-2022,1.96,0.83,2.79,1.12,-84.84,135.74,annual
2022-2023,TURKS C IS,1.76,0.04,1.8,1.73,0,0,0,197,206,201,2021-2022,0.64,0.01,0.65,0.64,174.43,622.03,annual
2022-2023,KIRIBATI REP,1.51,0,1.51,1.51,0,0,0,198,218,202,2021-2022,1.64,0.04,1.69,1.6,-8.21,,annual
2022-2023,SAO TOME,1.51,0,1.51,1.5,0,0,0,199,224,203,2021-2022,2.07,0,2.07,2.07,-27.29,282245.28,annual
2022-2023,TONGA,1.45,0.03,1.49,1.42,0,0,0,201,210,204,2021-2022,1.33,0,1.33,1.33,9.39,,annual
2022-2023,MARSHALL ISLAND,0.48,0.88,1.36,-0.4,0,0,0,205,185,205,2021-2022,1.06,1.19,2.25,-0.13,-54.92,-26.34,annual
2022-2023,ST VINCENT,1.19,0,1.19,1.19,0,0,0,203,225,206,2021-2022,0.85,0,0.85,0.84,40.22,,annual
2022-2023,ANTARTICA,0.1,0.89,0.99,-0.79,0,0,0,216,184,207,2021-2022,0.07,1.22,1.29,-1.14,38.13,-26.72,annual
2022-2023,GUAM,0.64,0.17,0.81,0.47,0,0,0,204,198,208,2021-2022,1.68,0.11,1.8,1.57,-62.04,52.68,annual
2022-2023,SAN MARINO,0.47,0.07,0.53,0.4,0,0,0,206,204,209,2021-2022,0.29,0.07,0.36,0.21,62.77,-10.95,annual
2022-2023,FAROE IS.,0.35,0.08,0.43,0.27,0,0,0,208,203,210,2021-2022,0,0,0,0,,,annual
2022-2023,N. MARIANA IS.,0.18,0.22,0.41,-0.04,0,0,0,212,195,211,2021-2022,0.38,0.05,0.43,0.32,-51.74,317.52,annual
2022-2023,NAURU RP,0.3,0.03,0.33,0.28,0,0,0,210,208,212,2021-2022,0.31,23.28,23.59,-22.97,-2.51,-99.89,annual
2022-2023,ANDORRA,0.23,0,0.23,0.23,0,0,0,211,213,213,2021-2022,0.05,0,0.05,0.05,362.05,,annual
2022-2023,NORFOLK IS,0.02,0.21,0.23,-0.19,0,0,0,221,196,214,2021-2022,0.18,0.35,0.53,-0.17,-88.86,-40,annual
2022-2023,US MINOR OUTLYING ISLANDS,0.11,0.1,0.21,0.01,0,0,0,215,202,215,2021-2022,0.33,0.13,0.46,0.2,-65.72,-21.05,annual
2022-2023,GREENLAND,0.03,0.17,0.2,-0.13,0,0,0,220,197,216,2021-2022,1.41,0,1.41,1.41,-97.56,,annual
2022-2023,VATICAN CITY,0.16,0.02,0.18,0.14,0,0,0,213,212,217,2021-2022,0.03,0,0.03,0.03,363.2,,annual
2022-2023,MONTSERRAT,0.15,0,0.15,0.15,0,0,0,214,220,218,2021-2022,0,0,0,0,,,annual
2022-2023,ST HELENA,0.05,0.03,0.09,0.02,0,0,0,217,209,219,2021-2022,0,0.01,0.01,-0.01,,401.14,annual
2022-2023,ANGUILLA,0.04,0.03,0.07,0.02,0,0,0,218,207,220,2021-2022,0.09,0.03,0.12,0.06,-53.74,-4.75,annual
2022-2023,AMERI SAMOA,0.03,0.02,0.04,0.01,0,0,0,219,211,221,2021-2022,0.78,0,0.78,0.78,-96.46,587.41,annual
2022-2023,CHRISTMAS IS.,0,0,0,0,0,0,0,222,215,222,2021-2022,0.01,0.03,0.04,-0.03,,,annual
2022-2023,COOK IS,0,0,0,0,0,0,0,223,216,223,2021-2022,0.04,0,0.04,0.04,,,annual
2022-2023,NIUE IS,0,0,0,0,0,0,0,224,221,224,2021-2022,0,0,0,0,,,annual
2022-2023,PALAU,0,0,0,0,0,0,0,225,222,225,2021-2022,0.11,0,0.11,0.11,,,annual
2022-2023,PITCAIRN IS.,0,0,0,0,0,0,0,226,223,226,2021-2022,0,0,0,0,,,annual
2022-2023,VANUATU REP,0,0,0,0,0,0,0,227,227,227,2021-2022,3.16,0,3.16,3.16,,,annual
2022-2023,WALLIS F IS,0,0,0,0,0,0,0,228,228,228,2021-2022,0,0,0,0,,,annual
2023-2024,CHINA P RP,16666.52,101745.54,118412.06,-85079.03,3.81,15.06,10.64,4,1,1,2022-2023,15331.94,98505.77,113837.71,-83173.82,8.7,3.29,annual
2023-2024,U S A,77523.12,40772.98,118296.09,36750.14,17.74,6.04,10.63,1,4,2,2022-2023,78548.4,50863.87,129412.27,27684.53,-1.31,-19.84,annual
2023-2024,U ARAB EMTS,35625.19,48018.1,83643.3,-12392.91,8.15,7.11,7.52,2,3,3,2022-2023,31608.82,53232.42,84841.24,-21623.61,12.71,-9.8,annual
2023-2024,RUSSIA,4261.62,61431.24,65692.87,-57169.62,0.97,9.1,5.9,30,2,4,2022-2023,3147.21,46212.71,49359.93,-43065.5,35.41,32.93,annual
2023-2024,SAUDI ARAB,11562.75,31806.53,43369.28,-20243.78,2.65,4.71,3.9,7,5,5,2022-2023,10727.67,42035.27,52762.94,-31307.6,7.78,-24.33,annual
2023-2024,SINGAPORE,14414.27,21200.94,35615.2,-6786.67,3.3,3.14,3.2,5,9,6,2022-2023,11992.96,23595.35,35588.32,-11602.39,20.19,-10.15,annual
2023-2024,IRAQ,3354.73,30004.81,33359.53,-26650.08,0.77,4.44,3,35,6,7,2022-2023,2696.72,34385.5,37082.22,-31688.78,24.4,-12.74,annual
2023-2024,INDONESIA,5989.39,23410.67,29400.06,-17421.27,1.37,3.47,2.64,21,7,8,2022-2023,10026.25,28820.41,38846.65,-18794.16,-40.26,-18.77,annual
2023-2024,HONG KONG,8244.07,20449.7,28693.77,-12205.63,1.89,3.03,2.58,12,11,9,2022-2023,9892.66,18274.95,28167.62,-8382.29,-16.66,11.9,annual
2023-2024,KOREA RP,6417.14,21136.11,27553.25,-14718.97,1.47,3.13,2.48,19,10,10,2022-2023,6654.95,21227.32,27882.27,-14572.36,-3.57,-0.43,annual
2023-2024,NETHERLAND,22369.05,4974.29,27343.34,17394.76,5.12,0.74,2.46,3,28,11,2022-2023,21620.73,5961.36,27582.09,15659.37,3.46,-16.56,annual
2023-2024,GERMANY,9841.55,16270.35,26111.9,-6428.8,2.25,2.41,2.35,9,13,12,2022-2023,10136.69,16601.53,26738.22,-6464.84,-2.91,-1.99,annual
2023-2024,AUSTRALIA,7940.75,16159.43,24100.18,-8218.68,1.82,2.39,2.17,13,14,13,2022-2023,6951.32,19011.31,25962.62,-12059.99,14.23,-15,annual
2023-2024,JAPAN,5159.21,17697.67,22856.88,-12538.46,1.18,2.62,2.05,24,12,14,2022-2023,5465,16495.32,21960.32,-11030.33,-5.6,7.29,annual
2023-2024,SWITZERLAND,1526.95,21239.11,22766.05,-19712.16,0.35,3.14,2.05,46,8,15,2022-2023,1348,15793.95,17141.95,-14445.96,13.28,34.48,annual
2023-2024,U K,12981.85,8420.8,21402.65,4561.05,2.97,1.25,1.92,6,20,16,2022-2023,11457.77,8960.73,20418.5,2497.04,13.3,-6.03,annual
2023-2024,MALAYSIA,7262.17,12754.11,20016.29,-5491.94,1.66,1.89,1.8,15,15,17,2022-2023,7156.21,12734.94,19891.16,-5578.73,1.48,0.15,annual
2023-2024,SOUTH AFRICA,8707.54,10543.3,19250.83,-1835.76,1.99,1.56,1.73,11,17,18,2022-2023,8474.44,10397.83,18872.26,-1923.39,2.75,1.4,annual
2023-2024,BELGIUM,7839.2,7240.21,15079.41,598.99,1.79,1.07,1.36,14,23,19,2022-2023,8864.2,9177.67,18041.87,-313.48,-11.56,-21.11,annual
2023-2024,THAILAND,5038.97,9909.41,14948.39,-4870.44,1.15,1.47,1.34,25,18,20,2022-2023,5709.81,11193.36,16903.18,-5483.55,-11.75,-11.47,annual
2023-2024,VIETNAM SOC REP,5470.4,9345.39,14815.78,-3874.99,1.25,1.38,1.33,22,19,21,2022-2023,5909.35,8794.73,14704.08,-2885.38,-7.43,6.26,annual
2023-2024,ITALY,8766.71,5795.37,14562.08,2971.34,2.01,0.86,1.31,10,26,22,2022-2023,8691.83,5591.91,14283.74,3099.92,0.86,3.64,annual
2023-2024,QATAR,1700.01,12381.41,14081.41,-10681.4,0.39,1.83,1.27,45,16,23,2022-2023,1966.78,16808.1,18774.88,-14841.31,-13.56,-26.34,annual
2023-2024,FRANCE,7144.56,6238.99,13383.55,905.56,1.63,0.92,1.2,16,24,24,2022-2023,7611.94,6201.05,13812.99,1410.89,-6.14,0.61,annual
2023-2024,BANGLADESH PR,11061.28,1844.59,12905.88,9216.69,2.53,0.27,1.16,8,42,25,2022-2023,12216.03,2021.24,14237.27,10194.79,-9.45,-8.74,annual
2023-2024,BRAZIL,6021.95,6210.17,12232.12,-188.22,1.38,0.92,1.1,20,25,26,2022-2023,9919.59,6672.52,16592.11,3247.07,-39.29,-6.93,annual
2023-2024,KUWAIT,2103.22,8375.97,10479.19,-6272.75,0.48,1.24,0.94,40,21,27,2022-2023,1560.45,12247.37,13807.82,-10686.92,34.78,-31.61,annual
2023-2024,TURKEY,6655.84,3781.08,10436.91,2874.76,1.52,0.56,0.94,18,32,28,2022-2023,9609.69,4208.84,13818.53,5400.85,-30.74,-10.16,annual
2023-2024,TAIWAN,1840.75,8278.7,10119.45,-6437.95,0.42,1.23,0.91,43,22,29,2022-2023,2637.53,8264.3,10901.83,-5626.77,-30.21,0.17,annual
2023-2024,OMAN,4426.47,4520.84,8947.32,-94.37,1.01,0.67,0.8,29,30,30,2022-2023,4477.25,7911.18,12388.43,-3433.93,-1.13,-42.85,annual
2023-2024,MEXICO,5324.23,3104.27,8428.51,2219.96,1.22,0.46,0.76,23,36,31,2022-2023,5196.38,3867.56,9063.94,1328.82,2.46,-19.74,annual
2023-2024,CANADA,3845.33,4529.66,8374.99,-684.33,0.88,0.67,0.75,32,29,32,2022-2023,4109.74,4167.56,8277.3,-57.82,-6.43,8.69,annual
2023-2024,TANZANIA REP,4616.62,3291.92,7908.55,1324.7,1.06,0.49,0.71,27,34,33,2022-2023,3935.49,2541.31,6476.8,1394.17,17.31,29.54,annual
2023-2024,NIGERIA,3663.52,4229.81,7893.32,-566.29,0.84,0.63,0.71,33,31,34,2022-2023,5159.44,6692.65,11852.09,-1533.21,-28.99,-36.8,annual
2023-2024,NEPAL,7041.02,829.71,7870.73,6211.3,1.61,0.12,0.71,17,64,35,2022-2023,8079.26,841.52,8920.77,7237.74,-12.85,-1.4,annual
2023-2024,SPAIN,4794.12,2454.88,7249,2339.24,1.1,0.36,0.65,26,39,36,2022-2023,4661.48,3001.68,7663.16,1659.81,2.85,-18.22,annual
2023-2024,ISRAEL,4527.08,2007.21,6534.29,2519.87,1.04,0.3,0.59,28,41,37,2022-2023,8451.23,2323.19,10774.42,6128.04,-46.43,-13.6,annual
2023-2024,IRELAND,702.81,5665.88,6368.69,-4963.07,0.16,0.84,0.57,75,27,38,2022-2023,581.51,3630.44,4211.95,-3048.94,20.86,56.07,annual
2023-2024,SRI LANKA DSR,4117.83,1424.25,5542.08,2693.59,0.94,0.21,0.5,31,47,39,2022-2023,5111.59,1078.16,6189.75,4033.42,-19.44,32.1,annual
2023-2024,EGYPT A RP,3520.72,1228.25,4748.97,2292.47,0.81,0.18,0.43,34,52,40,2022-2023,4109.62,1951.54,6061.16,2158.08,-14.33,-37.06,annual
2023-2024,MOZAMBIQUE,1996,2419.11,4415.12,-423.11,0.46,0.36,0.4,42,40,41,2022-2023,2506.47,2521.96,5028.43,-15.49,-20.37,-4.08,annual
2023-2024,COLOMBIA,1218.9,3086.19,4305.09,-1867.29,0.28,0.46,0.39,50,37,42,2022-2023,1447.96,2634.19,4082.15,-1186.22,-15.82,17.16,annual
2023-2024,ANGOLA,697.72,3495.04,4192.76,-2797.31,0.16,0.52,0.38,76,33,43,2022-2023,621.78,3599.31,4221.09,-2977.53,12.21,-2.9,annual
2023-2024,TOGO,3229.01,850.39,4079.39,2378.62,0.74,0.13,0.37,36,63,44,2022-2023,6048.07,540.81,6588.88,5507.27,-46.61,57.24,annual
2023-2024,PERU,920.18,3114.31,4034.5,-2194.13,0.21,0.46,0.36,64,35,45,2022-2023,865.91,2250.75,3116.66,-1384.84,6.27,38.37,annual
2023-2024,POLAND,2436.84,1504.29,3941.13,932.54,0.56,0.22,0.35,39,45,46,2022-2023,2323.11,1366.4,3689.5,956.71,4.9,10.09,annual
2023-2024,ARGENTINA,1085.76,2496.52,3582.28,-1410.76,0.25,0.37,0.32,58,38,47,2022-2023,960.41,3929.1,4889.51,-2968.7,13.05,-36.46,annual
2023-2024,PHILIPPINES,2097.17,1433.6,3530.77,663.57,0.48,0.21,0.32,41,46,48,2022-2023,2094.15,959.59,3053.73,1134.56,0.14,49.4,annual
2023-2024,KENYA,3174.84,176.34,3351.18,2998.49,0.73,0.03,0.3,37,102,49,2022-2023,3273.66,116.68,3390.35,3156.98,-3.02,51.13,annual
2023-2024,ROMANIA,1778.05,1200.08,2978.13,577.97,0.41,0.18,0.27,44,53,50,2022-2023,744.44,562.21,1306.65,182.24,138.84,113.46,annual
2023-2024,UNSPECIFIED,2893.5,64.42,2957.92,2829.08,0.66,0.01,0.27,38,123,51,2022-2023,2942.49,90.56,3033.05,2851.93,-1.66,-28.86,annual
2023-2024,JORDAN,1465.27,1410.63,2875.89,54.64,0.34,0.21,0.26,47,49,52,2022-2023,2143.85,2290.4,4434.25,-146.55,-31.65,-38.41,annual
2023-2024,SWEDEN,1018.8,1748.95,2767.74,-730.15,0.23,0.26,0.25,61,43,53,2022-2023,961.93,1729.61,2691.54,-767.68,5.91,1.12,annual
2023-2024,CHILE,1183.05,1514.1,2697.14,-331.05,0.27,0.22,0.24,53,44,54,2022-2023,1166.43,1435.83,2602.26,-269.4,1.42,5.45,annual
2023-2024,GHANA,1098.88,1416.9,2515.78,-318.03,0.25,0.21,0.23,57,48,55,2022-2023,964.17,1909.59,2873.76,-945.42,13.97,-25.8,annual
2023-2024,MOROCCO,1032.58,1404.29,2436.87,-371.71,0.24,0.21,0.22,60,50,56,2022-2023,1047.15,2549.44,3596.59,-1502.3,-1.39,-44.92,annual
2023-2024,CZECH REPUBLIC,1389.79,736.81,2126.6,652.98,0.32,0.11,0.19,48,69,57,2022-2023,1169.32,778.09,1947.41,391.23,18.85,-5.31,annual
2023-2024,GUINEA,696.48,1385.72,2082.2,-689.24,0.16,0.21,0.19,77,51,58,2022-2023,631.93,2082.84,2714.76,-1450.91,10.22,-33.47,annual
2023-2024,AUSTRIA,1136.41,922.3,2058.71,214.11,0.26,0.14,0.19,56,57,59,2022-2023,1261.64,837.63,2099.27,424.01,-9.93,10.11,annual
2023-2024,GREECE,1055.65,884.4,1940.05,171.25,0.24,0.13,0.17,59,61,60,2022-2023,785.9,1157.9,1943.8,-372,34.32,-23.62,annual
2023-2024,IRAN,1222.46,625.15,1847.6,597.31,0.28,0.09,0.17,49,72,61,2022-2023,1659.12,672.12,2331.24,987.01,-26.32,-6.99,annual
2023-2024,DENMARK,856.24,917.71,1773.94,-61.47,0.2,0.14,0.16,68,58,62,2022-2023,911.39,770.37,1681.75,141.02,-6.05,19.13,annual
2023-2024,MYANMAR,670.37,1075.65,1746.02,-405.28,0.15,0.16,0.16,79,55,63,2022-2023,807,954.74,1761.74,-147.74,-16.93,12.66,annual
2023-2024,BAHARAIN IS,909.42,829.44,1738.86,79.99,0.21,0.12,0.16,65,65,64,2022-2023,965.25,1014.5,1979.76,-49.25,-5.78,-18.24,annual
2023-2024,ALGERIA,848.16,885.54,1733.7,-37.38,0.19,0.13,0.16,69,60,65,2022-2023,613.83,1503.97,2117.8,-890.14,38.18,-41.12,annual
2023-2024,SENEGAL,938.57,633.92,1572.49,304.65,0.21,0.09,0.14,63,71,66,2022-2023,1134.2,1377.37,2511.56,-243.17,-17.25,-53.98,annual
2023-2024,FINLAND,582.65,913.5,1496.15,-330.85,0.13,0.14,0.13,81,59,67,2022-2023,532.64,1491.62,2024.26,-958.99,9.39,-38.76,annual
2023-2024,UGANDA,508.14,883.11,1391.26,-374.97,0.12,0.13,0.13,88,62,68,2022-2023,560.06,494.15,1054.21,65.91,-9.27,78.71,annual
2023-2024,PORTUGAL,1183.83,178.34,1362.16,1005.49,0.27,0.03,0.12,52,101,69,2022-2023,1005.41,196.1,1201.51,809.31,17.75,-9.06,annual
2023-2024,BHUTAN,963.73,339.11,1302.84,624.62,0.22,0.05,0.12,62,79,70,2022-2023,1079.09,535.61,1614.7,543.48,-10.69,-36.69,annual
2023-2024,ECUADOR,459.22,797.03,1256.24,-337.81,0.11,0.12,0.11,91,66,71,2022-2023,399.79,1016.41,1416.21,-616.62,14.86,-21.58,annual
2023-2024,CAMEROON,454.04,788.11,1242.15,-334.07,0.1,0.12,0.11,92,68,72,2022-2023,553.17,550.39,1103.56,2.78,-17.92,43.19,annual
2023-2024,NORWAY,403.08,793.85,1196.93,-390.77,0.09,0.12,0.11,95,67,73,2022-2023,569.19,938.06,1507.25,-368.87,-29.18,-15.37,annual
2023-2024,PAKISTAN IR,1188.86,2.88,1191.74,1185.99,0.27,0,0.11,51,168,74,2022-2023,627.12,20.11,647.23,607.02,89.57,-85.69,annual
2023-2024,VENEZUELA,175.33,999.69,1175.03,-824.36,0.04,0.15,0.11,118,56,75,2022-2023,178,252.85,430.85,-74.85,-1.5,295.37,annual
2023-2024,DJIBOUTI,1143.58,22.26,1165.83,1121.32,0.26,0,0.1,55,140,76,2022-2023,1191.39,55.88,1247.27,1135.51,-4.01,-60.17,annual
2023-2024,ALBANIA,1154.05,7.59,1161.65,1146.46,0.26,0,0.1,54,157,77,2022-2023,344.52,10.57,355.09,333.95,234.97,-28.18,annual
2023-2024,BOLIVIA,71.41,1087.33,1158.74,-1015.92,0.02,0.16,0.1,144,54,78,2022-2023,77.34,2550.21,2627.56,-2472.87,-7.67,-57.36,annual
2023-2024,SUDAN,805.04,330.55,1135.59,474.49,0.18,0.05,0.1,72,81,79,2022-2023,1815.84,218.18,2034.02,1597.67,-55.67,51.51,annual
2023-2024,COTE D' IVOIRE,685.53,384.94,1070.47,300.59,0.16,0.06,0.1,78,76,80,2022-2023,887.79,665.18,1552.97,222.61,-22.78,-42.13,annual
2023-2024,YEMEN REPUBLC,875.98,191.02,1067,684.96,0.2,0.03,0.1,67,99,81,2022-2023,1000.36,160.91,1161.27,839.45,-12.43,18.71,annual
2023-2024,AFGHANISTAN,355.45,642.29,997.74,-286.84,0.08,0.1,0.09,97,70,82,2022-2023,437.05,452.81,889.85,-15.76,-18.67,41.85,annual
2023-2024,MALDIVES,891.92,86.64,978.56,805.28,0.2,0.01,0.09,66,116,83,2022-2023,476.75,496.62,973.37,-19.87,87.08,-82.55,annual
2023-2024,BENIN,752.55,214.57,967.12,537.97,0.17,0.03,0.09,74,93,84,2022-2023,892.81,452.58,1345.4,440.23,-15.71,-52.59,annual
2023-2024,DOMINIC REP,347,570.47,917.47,-223.46,0.08,0.08,0.08,98,73,85,2022-2023,329.63,360.31,689.94,-30.68,5.27,58.33,annual
2023-2024,SLOVENIA,586.97,308.47,895.44,278.5,0.13,0.05,0.08,80,85,86,2022-2023,611.35,297.83,909.18,313.52,-3.99,3.57,annual
2023-2024,NEW ZEALAND,538.33,335.14,873.47,203.18,0.12,0.05,0.08,86,80,87,2022-2023,547.84,477.74,1025.58,70.1,-1.74,-29.85,annual
2023-2024,HUNGARY,561.69,306.95,868.64,254.74,0.13,0.05,0.08,84,86,88,2022-2023,575.54,307.19,882.73,268.35,-2.41,-0.08,annual
2023-2024,MAURITIUS,778.03,73.63,851.67,704.4,0.18,0.01,0.08,73,121,89,2022-2023,462.69,91.77,554.47,370.92,68.15,-19.77,annual
2023-2024,SOMALIA,819.58,28.21,847.78,791.37,0.19,0,0.08,71,137,90,2022-2023,946.37,17.9,964.27,928.48,-13.4,57.61,annual
2023-2024,GIBRALTAR,829.43,0.3,829.74,829.13,0.19,0,0.07,70,191,91,2022-2023,445.18,71.99,517.17,373.2,86.31,-99.58,annual
2023-2024,NAMIBIA,453.48,360.37,813.85,93.11,0.1,0.05,0.07,93,78,92,2022-2023,240.6,37.54,278.14,203.06,88.48,859.95,annual
2023-2024,LIBYA,565.12,238.55,803.67,326.58,0.13,0.04,0.07,83,89,93,2022-2023,337.91,729.89,1067.8,-391.98,67.24,-67.32,annual
2023-2024,CONGO D. REP.,580.69,209.44,790.13,371.25,0.13,0.03,0.07,82,94,94,2022-2023,631.11,214.12,845.23,416.99,-7.99,-2.19,annual
2023-2024,UKRAINE,173.3,539.86,713.16,-366.56,0.04,0.08,0.06,119,74,95,2022-2023,132.68,650.26,782.94,-517.59,30.62,-16.98,annual
2023-2024,TUNISIA,439.2,236.61,675.81,202.59,0.1,0.04,0.06,94,90,96,2022-2023,423.11,421.24,844.35,1.87,3.8,-43.83,annual
2023-2024,PANAMA REPUBLIC,296.53,371.3,667.83,-74.77,0.07,0.05,0.06,101,77,97,2022-2023,314.56,283.35,597.91,31.21,-5.73,31.04,annual
2023-2024,URUGUAY,520.83,134.63,655.46,386.21,0.12,0.02,0.06,87,108,98,2022-2023,155.01,198.71,353.71,-43.7,236.01,-32.25,annual
2023-2024,GUATEMALA,559.1,30.27,589.37,528.83,0.13,0,0.05,85,135,99,2022-2023,465.39,20.7,486.09,444.69,20.14,46.24,annual
2023-2024,ETHIOPIA,489.59,81.93,571.52,407.66,0.11,0.01,0.05,90,118,100,2022-2023,585.53,57.06,642.59,528.47,-16.38,43.59,annual
2023-2024,PAPUA N GNA,70.06,471.88,541.94,-401.81,0.02,0.07,0.05,145,75,101,2022-2023,85.84,643.36,729.2,-557.52,-18.38,-26.65,annual
2023-2024,MALTA,496.11,35.68,531.79,460.44,0.11,0.01,0.05,89,130,102,2022-2023,312.76,51.35,364.1,261.41,58.63,-30.52,annual
2023-2024,UZBEKISTAN,372.56,98.8,471.36,273.76,0.09,0.01,0.04,96,114,103,2022-2023,283.31,48.4,331.71,234.91,31.5,104.14,annual
2023-2024,LEBANON,344.91,112.9,457.8,232.01,0.08,0.02,0.04,99,111,104,2022-2023,403,92.49,495.49,310.52,-14.42,22.07,annual
2023-2024,LITHUANIA,314.42,136.39,450.81,178.03,0.07,0.02,0.04,100,107,105,2022-2023,357.44,114.24,471.68,243.2,-12.04,19.39,annual
2023-2024,ZAMBIA,244.31,204.08,448.39,40.23,0.06,0.03,0.04,104,95,106,2022-2023,280.68,184.93,465.62,95.75,-12.96,10.35,annual
2023-2024,BOTSWANA,109.26,326.75,436,-217.49,0.02,0.05,0.04,127,82,107,2022-2023,171.27,459.97,631.25,-288.7,-36.21,-28.96,annual
2023-2024,MADAGASCAR,231.91,192.28,424.19,39.63,0.05,0.03,0.04,108,98,108,2022-2023,525.38,131.69,657.06,393.69,-55.86,46.01,annual
2023-2024,BULGARIA,223.64,192.35,415.99,31.29,0.05,0.03,0.04,109,97,109,2022-2023,211.42,433.19,644.61,-221.77,5.78,-55.6,annual
2023-2024,LATVIA,220.5,183.71,404.21,36.79,0.05,0.03,0.04,110,100,110,2022-2023,187.31,250.12,437.43,-62.81,17.72,-26.55,annual
2023-2024,CAMBODIA,185.39,218.4,403.78,-33.01,0.04,0.03,0.04,114,92,111,2022-2023,220.43,146.02,366.44,74.41,-15.9,49.57,annual
2023-2024,GABON,72.67,318.98,391.65,-246.3,0.02,0.05,0.04,143,84,112,2022-2023,80.42,398.47,478.89,-318.05,-9.64,-19.95,annual
2023-2024,TRINIDAD,109.06,259.9,368.96,-150.85,0.02,0.04,0.03,129,88,113,2022-2023,104.93,91.26,196.19,13.67,3.93,184.78,annual
2023-2024,EQUTL GUINEA,26.79,320.31,347.1,-293.53,0.01,0.05,0.03,166,83,114,2022-2023,23.08,711.96,735.04,-688.89,16.07,-55.01,annual
2023-2024,KAZAKHSTAN,236.56,95.14,331.7,141.43,0.05,0.01,0.03,106,115,115,2022-2023,436.5,205.13,641.62,231.37,-45.8,-53.62,annual
2023-2024,BURKINA FASO,120.82,203.05,323.88,-82.23,0.03,0.03,0.03,125,96,116,2022-2023,176.78,116.34,293.11,60.44,-31.65,74.54,annual
2023-2024,LUXEMBOURG,39.65,265.05,304.7,-225.4,0.01,0.04,0.03,157,87,117,2022-2023,41.76,100.82,142.57,-59.06,-5.04,162.91,annual
2023-2024,COSTA RICA,183.82,117.85,301.67,65.97,0.04,0.02,0.03,115,110,118,2022-2023,192.72,60.78,253.5,131.94,-4.62,93.89,annual
2023-2024,SIERRA LEONE,267.86,30.67,298.53,237.19,0.06,0,0.03,102,132,119,2022-2023,237.38,49.79,287.17,187.6,12.84,-38.4,annual
2023-2024,GEORGIA,197.49,100.98,298.46,96.51,0.05,0.01,0.03,112,112,120,2022-2023,265.31,167.04,432.35,98.28,-25.57,-39.55,annual
2023-2024,CONGO P REP,176.03,122.39,298.42,53.63,0.04,0.02,0.03,116,109,121,2022-2023,178.49,2026.19,2204.67,-1847.7,-1.38,-93.96,annual
2023-2024,HONDURAS,265.93,30.61,296.54,235.32,0.06,0,0.03,103,133,122,2022-2023,273.35,15.42,288.77,257.93,-2.72,98.47,annual
2023-2024,CROATIA,233.55,58.06,291.61,175.49,0.05,0.01,0.03,107,125,123,2022-2023,341.8,117.54,459.34,224.26,-31.67,-50.6,annual
2023-2024,BRUNEI,67.44,218.76,286.2,-151.32,0.02,0.03,0.03,146,91,124,2022-2023,69.48,303.99,373.47,-234.51,-2.94,-28.04,annual
2023-2024,PUERTO RICO,140.53,144.44,284.97,-3.91,0.03,0.02,0.03,121,103,125,2022-2023,268.84,119.41,388.26,149.43,-47.73,20.96,annual
2023-2024,SLOVAK REP,193.03,67.6,260.64,125.43,0.04,0.01,0.02,113,122,126,2022-2023,190.22,70.92,261.14,119.3,1.48,-4.68,annual
2023-2024,LIBERIA,243.29,12.46,255.75,230.83,0.06,0,0.02,105,152,127,2022-2023,257.15,26.8,283.96,230.35,-5.39,-53.5,annual
2023-2024,PARAGUAY,212.25,30.51,242.76,181.73,0.05,0,0.02,111,134,128,2022-2023,156.34,19.8,176.14,136.55,35.76,54.13,annual
2023-2024,GAMBIA,175.95,41.41,217.36,134.53,0.04,0.01,0.02,117,128,129,2022-2023,122.6,51.15,173.75,71.45,43.51,-19.04,annual
2023-2024,ESTONIA,77.29,138.01,215.3,-60.72,0.02,0.02,0.02,140,106,130,2022-2023,71.26,139.95,211.2,-68.69,8.47,-1.38,annual
2023-2024,NIGER,47.22,139.27,186.49,-92.06,0.01,0.02,0.02,151,105,131,2022-2023,83.83,119.5,203.33,-35.67,-43.68,16.55,annual
2023-2024,NICARAGUA,132.31,47.99,180.3,84.32,0.03,0.01,0.02,123,126,132,2022-2023,108.71,10.64,119.35,98.06,21.72,350.88,annual
2023-2024,ZIMBABWE,152.37,16.55,168.92,135.83,0.03,0,0.02,120,149,133,2022-2023,157.33,9.18,166.51,148.15,-3.15,80.27,annual
2023-2024,MALI,119.62,29.35,148.98,90.27,0.03,0,0.01,126,136,134,2022-2023,132.49,20.02,152.51,112.47,-9.71,46.6,annual
2023-2024,MALAWI,87.18,58.49,145.67,28.69,0.02,0.01,0.01,138,124,135,2022-2023,114.63,42.76,157.39,71.88,-23.95,36.81,annual
2023-2024,RWANDA,133.5,11.76,145.26,121.75,0.03,0,0.01,122,153,136,2022-2023,143.78,40.19,183.97,103.6,-7.15,-70.75,annual
2023-2024,BR VIRGN IS,0.64,141.87,142.51,-141.23,0,0.02,0.01,209,104,137,2022-2023,0.45,10.55,11,-10.1,41.8,1244.31,annual
2023-2024,CYPRUS,95,42.04,137.05,52.96,0.02,0.01,0.01,136,127,138,2022-2023,81.88,116.17,198.06,-34.29,16.03,-63.81,annual
2023-2024,EL SALVADOR,128.91,2.6,131.51,126.31,0.03,0,0.01,124,169,139,2022-2023,126.98,2.31,129.29,124.67,1.52,12.57,annual
2023-2024,ARMENIA,95.29,36.09,131.38,59.2,0.02,0.01,0.01,135,129,140,2022-2023,61.37,72.89,134.26,-11.53,55.28,-50.49,annual
2023-2024,BAHAMAS,106.34,20.84,127.18,85.51,0.02,0,0.01,131,142,141,2022-2023,12.76,3.68,16.44,9.08,733.3,465.97,annual
2023-2024,SERBIA,106.91,19.48,126.39,87.43,0.02,0,0.01,130,144,142,2022-2023,82.69,13.71,96.41,68.98,29.29,42.03,annual
2023-2024,HAITI,105.54,15.26,120.8,90.28,0.02,0,0.01,132,150,143,2022-2023,88.07,12.06,100.13,76,19.84,26.54,annual
2023-2024,JAMAICA,109.15,7.48,116.63,101.67,0.02,0,0.01,128,159,144,2022-2023,87.75,4.99,92.74,82.76,24.38,49.91,annual
2023-2024,MAURITANIA,96.38,19.16,115.54,77.22,0.02,0,0.01,134,145,145,2022-2023,146.57,231.68,378.24,-85.11,-34.24,-91.73,annual
2023-2024,LAO PD RP,12.88,99.73,112.62,-86.85,0,0.01,0.01,174,113,146,2022-2023,16.98,74.3,91.28,-57.31,-24.15,34.24,annual
2023-2024,TURKMENISTAN,37.46,74.93,112.39,-37.48,0.01,0.01,0.01,159,120,147,2022-2023,90.29,101.72,192.01,-11.43,-58.52,-26.34,annual
2023-2024,GUYANA,99.36,6.61,105.97,92.75,0.02,0,0.01,133,160,148,2022-2023,62.15,4.22,66.37,57.94,59.87,56.69,annual
2023-2024,AZERBAIJAN,89.67,0.74,90.41,88.93,0.02,0,0.01,137,181,149,2022-2023,100.96,497.58,598.54,-396.63,-11.18,-99.85,annual
2023-2024,VIRGIN IS US,5.83,84.29,90.12,-78.47,0,0.01,0.01,185,117,150,2022-2023,7.59,1.01,8.61,6.58,-23.26,8205.64,annual
2023-2024,SEYCHELLES,76.19,8.69,84.88,67.5,0.02,0,0.01,142,155,151,2022-2023,64.88,8.96,73.84,55.92,17.44,-2.99,annual
2023-2024,CHAD,79.84,3.64,83.48,76.2,0.02,0,0.01,139,166,152,2022-2023,57.5,6.14,63.64,51.36,38.86,-40.72,annual
2023-2024,GUINEA BISSAU,6.98,75.19,82.17,-68.2,0,0.01,0.01,182,119,153,2022-2023,9.88,169.93,179.8,-160.05,-29.29,-55.75,annual
2023-2024,SYRIA,63.23,18.33,81.57,44.9,0.01,0,0.01,148,148,154,2022-2023,103.43,9.22,112.65,94.22,-38.87,98.92,annual
2023-2024,REUNION,45.33,35.36,80.69,9.97,0.01,0.01,0.01,153,131,155,2022-2023,47.21,28.86,76.07,18.35,-3.98,22.52,annual
2023-2024,FIJI IS,76.28,1.19,77.46,75.09,0.02,0,0.01,141,177,156,2022-2023,80.02,0.1,80.12,79.92,-4.67,1082.8,annual
2023-2024,C AFRI REP,65.25,0.24,65.48,65.01,0.01,0,0.01,147,195,157,2022-2023,20.85,2.65,23.5,18.2,212.88,-91.14,annual
2023-2024,BELARUS,43.83,15.22,59.05,28.62,0.01,0,0.01,154,151,158,2022-2023,43.91,67.9,111.81,-23.99,-0.18,-77.59,annual
2023-2024,KYRGHYZSTAN,45.72,9.34,55.06,36.38,0.01,0,0,152,154,159,2022-2023,52.38,4.19,56.56,48.19,-12.7,122.97,annual
2023-2024,SURINAME,29.25,22.6,51.86,6.65,0.01,0,0,164,139,160,2022-2023,12.23,48.89,61.13,-36.66,139.1,-53.77,annual
2023-2024,TAJIKISTAN,51.64,0.01,51.65,51.63,0.01,0,0,149,212,161,2022-2023,49.4,0.52,49.92,48.87,4.54,-98.45,annual
2023-2024,TIMOR LESTE,48.02,0.28,48.3,47.73,0.01,0,0,150,192,162,2022-2023,35.49,0,35.49,35.49,35.31,19642.25,annual
2023-2024,COMOROS,27.95,18.65,46.6,9.31,0.01,0,0,165,147,163,2022-2023,39.83,16.11,55.93,23.72,-29.81,15.76,annual
2023-2024,SWAZILAND,24.79,18.91,43.7,5.88,0.01,0,0,167,146,164,2022-2023,14.98,4.92,19.9,10.06,65.44,284.38,annual
2023-2024,CUBA,40.46,2.19,42.65,38.26,0.01,0,0,156,170,165,2022-2023,79.04,4.87,83.92,74.17,-48.82,-54.98,annual
2023-2024,SOUTH SUDAN,41.68,0.16,41.84,41.52,0.01,0,0,155,197,166,2022-2023,32.31,1.13,33.44,31.17,29.02,-85.74,annual
2023-2024,NETHERLANDANTIL,21.43,19.63,41.06,1.8,0,0,0,168,143,167,2022-2023,31.02,18.05,49.07,12.96,-30.9,8.72,annual
2023-2024,NEW CALEDONIA,15.4,24.99,40.39,-9.58,0,0,0,170,138,168,2022-2023,18.66,7.19,25.84,11.47,-17.44,247.69,annual
2023-2024,BURUNDI,38.37,0,38.37,38.37,0.01,0,0,158,215,169,2022-2023,42.75,0.39,43.14,42.36,-10.25,,annual
2023-2024,MACEDONIA,36.64,0.73,37.37,35.9,0.01,0,0,160,182,170,2022-2023,27.9,1.37,29.27,26.52,31.33,-46.73,annual
2023-2024,MONTENEGRO,34.91,1.74,36.65,33.17,0.01,0,0,161,173,171,2022-2023,28.28,0.1,28.37,28.18,23.46,1714.87,annual
2023-2024,BOSNIA-HRZGOVIN,29.28,5.19,34.46,24.09,0.01,0,0,163,163,172,2022-2023,17.23,2.51,19.74,14.71,69.95,106.38,annual
2023-2024,MONGOLIA,33.15,1.02,34.18,32.13,0.01,0,0,162,179,173,2022-2023,33.9,0.94,34.84,32.97,-2.22,9.15,annual
2023-2024,SAMOA,1.92,22.09,24.01,-20.17,0,0,0,200,141,174,2022-2023,1.22,15.76,16.98,-14.55,57.87,40.14,annual
2023-2024,BARBADOS,18.83,3.25,22.09,15.58,0,0,0,169,167,175,2022-2023,24.19,1.29,25.47,22.9,-22.13,152.91,annual
2023-2024,ICELAND,12.16,5.98,18.14,6.19,0,0,0,176,162,176,2022-2023,10.41,4.95,15.36,5.46,16.85,20.74,annual
2023-2024,MOLDOVA,12.51,4.24,16.75,8.26,0,0,0,175,165,177,2022-2023,11.99,3.93,15.92,8.06,4.32,8.04,annual
2023-2024,ARUBA,14.79,1.17,15.96,13.62,0,0,0,172,178,178,2022-2023,14.62,0.77,15.39,13.86,1.12,52.79,annual
2023-2024,ANTIGUA,14.97,0.84,15.81,14.13,0,0,0,171,180,179,2022-2023,2.9,0.52,3.42,2.38,416.7,62,annual
2023-2024,BELIZE,13.47,0.27,13.74,13.19,0,0,0,173,193,180,2022-2023,15.93,1.06,16.99,14.88,-15.48,-74.09,annual
2023-2024,FR POLYNESIA,12,0.27,12.27,11.73,0,0,0,177,194,181,2022-2023,10.13,0.52,10.65,9.61,18.41,-48.71,annual
2023-2024,ERITREA,10.05,0,10.05,10.05,0,0,0,178,218,182,2022-2023,17.95,0,17.96,17.95,-44,,annual
2023-2024,LIECHTENSTEIN,0.88,8.52,9.4,-7.64,0,0,0,206,156,183,2022-2023,0.3,1.97,2.26,-1.67,197.19,333.4,annual
2023-2024,SOLOMON IS,2.99,6.17,9.17,-3.18,0,0,0,194,161,184,2022-2023,2.69,33.09,35.78,-30.4,11.38,-81.35,annual
2023-2024,MAYOTTE,7.57,1.58,9.15,5.99,0,0,0,179,174,185,2022-2023,5.58,0.73,6.31,4.84,35.73,115.7,annual
2023-2024,MACAO,0.96,7.55,8.51,-6.59,0,0,0,205,158,186,2022-2023,4.35,13.4,17.75,-9.05,-77.96,-43.66,annual
2023-2024,ST LUCIA,7.26,1.23,8.49,6.03,0,0,0,180,176,187,2022-2023,5.13,0.11,5.24,5.02,41.6,1028.07,annual
2023-2024,CAPE VERDE IS,3.16,4.64,7.8,-1.48,0,0,0,193,164,188,2022-2023,4.51,4.43,8.95,0.08,-30.06,4.62,annual
2023-2024,CAYMAN IS,7.12,0,7.12,7.12,0,0,0,181,216,189,2022-2023,5.68,0,5.68,5.67,25.48,-55.02,annual
2023-2024,GRENADA,4.4,1.91,6.32,2.49,0,0,0,190,172,190,2022-2023,3.89,1.45,5.34,2.44,13.14,32.16,annual
2023-2024,BERMUDA,6.08,0,6.08,6.08,0,0,0,183,214,191,2022-2023,5.05,0.05,5.11,5,20.38,,annual
2023-2024,FAROE IS.,5.94,0,5.94,5.94,0,0,0,184,219,192,2022-2023,0.35,0.08,0.43,0.27,1574.98,,annual
2023-2024,LESOTHO,5.55,0.07,5.62,5.48,0,0,0,186,202,193,2022-2023,15.06,0,15.06,15.06,-63.14,3227.1,annual
2023-2024,MARTINIQUE,4.59,0.6,5.19,3.99,0,0,0,189,185,194,2022-2023,5.19,1.21,6.4,3.97,-11.52,-50.68,annual
2023-2024,ST KITT N A,4.99,0.11,5.1,4.88,0,0,0,187,199,195,2022-2023,2.63,1.22,3.86,1.41,89.45,-91.09,annual
2023-2024,GUADELOUPE,4.61,0.01,4.62,4.6,0,0,0,188,210,196,2022-2023,3.39,0.32,3.71,3.07,36.15,-96.86,annual
2023-2024,AMERI SAMOA,4.15,0.05,4.19,4.1,0,0,0,191,204,197,2022-2023,0.03,0.02,0.04,0.01,14921.54,175.04,annual
2023-2024,VANUATU REP,3.92,0,3.92,3.92,0,0,0,192,229,198,2022-2023,0,0,0,0,,,annual
2023-2024,KOREA DP RP,2.04,1.41,3.45,0.63,0,0,0,199,175,199,2022-2023,1.77,2.48,4.25,-0.71,15.69,-43.16,annual
2023-2024,DOMINICA,2.53,0.5,3.03,2.03,0,0,0,195,187,200,2022-2023,2.91,0.6,3.51,2.3,-12.94,-16.82,annual
2023-2024,MONACO,2.36,0.64,3,1.73,0,0,0,197,183,201,2022-2023,2.79,1,3.79,1.8,-15.43,-36.2,annual
2023-2024,MARSHALL ISLAND,2.19,0.36,2.55,1.82,0,0,0,198,189,202,2022-2023,0.48,0.88,1.36,-0.4,358.04,-58.44,annual
2023-2024,ST VINCENT,2.38,0.1,2.48,2.29,0,0,0,196,200,203,2022-2023,1.19,0,1.19,1.19,100.93,,annual
2023-2024,PALAU,0.15,2.08,2.23,-1.93,0,0,0,219,171,204,2022-2023,0,0,0,0,,,annual
2023-2024,FR GUIANA,1.47,0.63,2.1,0.84,0,0,0,203,184,205,2022-2023,1.5,1.75,3.25,-0.24,-2.33,-63.73,annual
2023-2024,TONGA,1.59,0.02,1.61,1.58,0,0,0,201,209,206,2022-2023,1.45,0.03,1.49,1.42,9.46,-49.53,annual
2023-2024,SAO TOME,1.53,0.02,1.56,1.51,0,0,0,202,208,207,2022-2023,1.51,0,1.51,1.5,1.78,389.6,annual
2023-2024,TURKS C IS,1.11,0.43,1.54,0.67,0,0,0,204,188,208,2022-2023,1.76,0.04,1.8,1.73,-37.22,1057.26,annual
2023-2024,STATE OF PALEST,0.65,0.22,0.87,0.43,0,0,0,208,196,209,2022-2023,2.65,0.42,3.07,2.23,-75.61,-47.69,annual
2023-2024,GUAM,0.85,0.01,0.86,0.83,0,0,0,207,211,210,2022-2023,0.64,0.17,0.81,0.47,32.7,-92.3,annual
2023-2024,ANTARTICA,0.26,0.51,0.77,-0.24,0,0,0,217,186,211,2022-2023,0.1,0.89,0.99,-0.79,156.68,-43.12,annual
2023-2024,MICRONESIA,0.62,0,0.62,0.62,0,0,0,210,222,212,2022-2023,0,0,0,0,,,annual
2023-2024,SAN MARINO,0.52,0.07,0.59,0.45,0,0,0,211,203,213,2022-2023,0.47,0.07,0.53,0.4,11.49,2.16,annual
2023-2024,ANGUILLA,0.26,0.3,0.56,-0.03,0,0,0,216,190,214,2022-2023,0.04,0.03,0.07,0.02,524.46,981.84,annual
2023-2024,SINT MAARTEN (DUTCH PART),0.45,0,0.45,0.45,0,0,0,212,228,215,2022-2023,0,0,0,0,,,annual
2023-2024,ANDORRA,0.32,0.05,0.37,0.27,0,0,0,213,205,216,2022-2023,0.23,0,0.23,0.23,39.94,25061.41,annual
2023-2024,US MINOR OUTLYING ISLANDS,0.3,0.03,0.34,0.27,0,0,0,215,207,217,2022-2023,0.11,0.1,0.21,0.01,167.95,-65.36,annual
2023-2024,N. MARIANA IS.,0.31,0,0.31,0.31,0,0,0,214,224,218,2022-2023,0.18,0.22,0.41,-0.04,69.02,-99.74,annual
2023-2024,GREENLAND,0.23,0,0.23,0.23,0,0,0,218,220,219,2022-2023,0.03,0.17,0.2,-0.13,563.79,,annual
2023-2024,VATICAN CITY,0.09,0.09,0.18,0,0,0,0,222,201,220,2022-2023,0.16,0.02,0.18,0.14,-41.38,357.6,annual
2023-2024,NORFOLK IS,0.02,0.13,0.15,-0.12,0,0,0,223,198,221,2022-2023,0.02,0.21,0.23,-0.19,-9.94,-36.46,annual
2023-2024,MONTSERRAT,0.12,0,0.12,0.12,0,0,0,220,223,222,2022-2023,0.15,0,0.15,0.15,-17.35,,annual
2023-2024,NAURU RP,0.09,0,0.09,0.08,0,0,0,221,225,223,2022-2023,0.3,0.03,0.33,0.28,-71.81,-89.56,annual
2023-2024,ST HELENA,0,0.05,0.05,-0.05,0,0,0,228,206,224,2022-2023,0.05,0.03,0.09,0.02,-99.7,50.43,annual
2023-2024,WALLIS F IS,0,0.01,0.01,-0.01,0,0,0,229,213,225,2022-2023,0,0,0,0,,,annual
2023-2024,CHRISTMAS IS.,0,0,0,0,0,0,0,224,217,226,2022-2023,0,0,0,0,,,annual
2023-2024,KIRIBATI REP,0,0,0,0,0,0,0,225,221,227,2022-2023,1.51,0,1.51,1.51,,,annual
2023-2024,NIUE IS,0,0,0,0,0,0,0,226,226,228,2022-2023,0,0,0,0,,,annual
2023-2024,PITCAIRN IS.,0,0,0,0,0,0,0,227,227,229,2022-2023,0,0,0,0,263.77,,annual
2024-2025,U S A,86514.28,45625.2,132139.48,40889.09,19.77,6.33,11.4,1,4,1,2023-2024,77523.12,40772.98,118296.09,36750.14,11.6,11.9,annual
2024-2025,CHINA P RP,14252.21,113447.34,127699.55,-99195.14,3.26,15.73,11.02,5,1,2,2023-2024,16666.52,101745.54,118412.06,-85079.03,-14.49,11.5,annual
2024-2025,U ARAB EMTS,36638.02,63403.01,100041.03,-26764.99,8.37,8.79,8.63,2,3,3,2023-2024,35625.19,48018.1,83643.3,-12392.91,2.84,32.04,annual
2024-2025,RUSSIA,4881.3,63811.44,68692.74,-58930.14,1.12,8.85,5.93,25,2,4,2023-2024,4261.62,61431.24,65692.87,-57169.62,14.54,3.87,annual
2024-2025,SAUDI ARAB,11756.65,30121.12,41877.78,-18364.47,2.69,4.18,3.61,7,5,5,2023-2024,11562.75,31806.53,43369.28,-20243.78,1.68,-5.3,annual
2024-2025,SINGAPORE,12976.15,21282.12,34258.27,-8305.98,2.96,2.95,2.96,6,9,6,2023-2024,14414.27,21200.94,35615.2,-6786.67,-9.98,0.38,annual
2024-2025,IRAQ,3272.52,28891.2,32163.72,-25618.67,0.75,4.01,2.78,34,6,7,2023-2024,3354.73,30004.81,33359.53,-26650.08,-2.45,-3.71,annual
2024-2025,GERMANY,10628.61,18947.62,29576.24,-8319.01,2.43,2.63,2.55,9,12,8,2023-2024,9841.55,16270.35,26111.9,-6428.8,8,16.45,annual
2024-2025,INDONESIA,5380.18,22778.03,28158.21,-17397.85,1.23,3.16,2.43,24,7,9,2023-2024,5989.39,23410.67,29400.06,-17421.27,-10.17,-2.7,annual
2024-2025,NETHERLAND,22763.41,4994.81,27758.23,17768.6,5.2,0.69,2.4,3,29,10,2023-2024,22369.05,4974.29,27343.34,17394.76,1.76,0.41,annual
2024-2025,KOREA RP,5819.64,21064.21,26883.85,-15244.57,1.33,2.92,2.32,20,10,11,2023-2024,6417.14,21136.11,27553.25,-14718.97,-9.31,-0.34,annual
2024-2025,HONG KONG,6066.71,19729.22,25795.94,-13662.51,1.39,2.74,2.23,19,11,12,2023-2024,8244.07,20449.7,28693.77,-12205.63,-26.41,-3.52,annual
2024-2025,JAPAN,6249.32,18915.34,25164.66,-12666.02,1.43,2.62,2.17,18,13,13,2023-2024,5159.21,17697.67,22856.88,-12538.46,21.13,6.88,annual
2024-2025,AUSTRALIA,8581.38,15526.46,24107.84,-6945.08,1.96,2.15,2.08,10,14,14,2023-2024,7940.75,16159.43,24100.18,-8218.68,8.07,-3.92,annual
2024-2025,SWITZERLAND,1475.41,21795.8,23271.21,-20320.39,0.34,3.02,2.01,45,8,15,2023-2024,1526.95,21239.11,22766.05,-19712.16,-3.38,2.62,annual
2024-2025,U K,14549.95,8582.78,23132.73,5967.18,3.32,1.19,2,4,21,16,2023-2024,12981.85,8420.8,21402.65,4561.05,12.08,1.92,annual
2024-2025,MALAYSIA,7316.85,12538.68,19855.53,-5221.83,1.67,1.74,1.71,15,16,17,2023-2024,7262.17,12754.11,20016.29,-5491.94,0.75,-1.69,annual
2024-2025,THAILAND,4812.58,14267.08,19079.67,-9454.5,1.1,1.98,1.65,26,15,18,2023-2024,5038.97,9909.41,14948.39,-4870.44,-4.49,43.98,annual
2024-2025,SOUTH AFRICA,7462.28,10547.45,18009.73,-3085.18,1.71,1.46,1.55,13,18,19,2023-2024,8707.54,10543.3,19250.83,-1835.76,-14.3,0.04,annual
2024-2025,VIETNAM SOC REP,5428.92,10333.95,15762.87,-4905.03,1.24,1.43,1.36,23,19,20,2023-2024,5470.4,9345.39,14815.78,-3874.99,-0.76,10.58,annual
2024-2025,FRANCE,7960.06,7231.39,15191.45,728.67,1.82,1,1.31,11,23,21,2023-2024,7144.56,6238.99,13383.55,905.56,11.41,15.91,annual
2024-2025,QATAR,1682.48,12463.79,14146.26,-10781.31,0.38,1.73,1.22,44,17,22,2023-2024,1700.01,12381.41,14081.41,-10681.4,-1.03,0.67,annual
2024-2025,ITALY,7727.33,6014.4,13741.73,1712.93,1.77,0.83,1.19,12,26,23,2023-2024,8766.71,5795.37,14562.08,2971.34,-11.86,3.78,annual
2024-2025,BANGLADESH PR,11485.26,2005.04,13490.3,9480.22,2.62,0.28,1.16,8,43,24,2023-2024,11061.28,1844.59,12905.88,9216.69,3.83,8.7,annual
2024-2025,BELGIUM,6320.14,6589.99,12910.13,-269.85,1.44,0.91,1.11,17,24,25,2023-2024,7839.2,7240.21,15079.41,598.99,-19.38,-8.98,annual
2024-2025,BRAZIL,6771.01,5435.01,12206.02,1336.01,1.55,0.75,1.05,16,27,26,2023-2024,6021.95,6210.17,12232.12,-188.22,12.44,-12.48,annual
2024-2025,TAIWAN,1781.7,10006.95,11788.65,-8225.24,0.41,1.39,1.02,43,20,27,2023-2024,1840.75,8278.7,10119.45,-6437.95,-3.21,20.88,annual
2024-2025,OMAN,4065.35,6548.73,10614.08,-2483.38,0.93,0.91,0.92,31,25,28,2023-2024,4426.47,4520.84,8947.32,-94.37,-8.16,44.86,annual
2024-2025,KUWAIT,1934.81,8285.74,10220.54,-6350.93,0.44,1.15,0.88,42,22,29,2023-2024,2103.22,8375.97,10479.19,-6272.75,-8.01,-1.08,annual
2024-2025,TURKEY,5716.54,2993.27,8709.81,2723.27,1.31,0.42,0.75,22,37,30,2023-2024,6655.84,3781.08,10436.91,2874.76,-14.11,-20.84,annual
2024-2025,NEPAL,7385.98,1288.83,8674.82,6097.15,1.69,0.18,0.75,14,52,31,2023-2024,7041.02,829.71,7870.73,6211.3,4.9,55.34,annual
2024-2025,CANADA,4222.27,4447.13,8669.4,-224.86,0.96,0.62,0.75,30,32,32,2023-2024,3845.33,4529.66,8374.99,-684.33,9.8,-1.82,annual
2024-2025,TANZANIA REP,4789.61,3850.64,8640.24,938.97,1.09,0.53,0.75,27,34,33,2023-2024,4616.62,3291.92,7908.55,1324.7,3.75,16.97,annual
2024-2025,MEXICO,5749.01,2869.02,8618.03,2879.99,1.31,0.4,0.74,21,38,34,2023-2024,5324.23,3104.27,8428.51,2219.96,7.98,-7.58,annual
2024-2025,NIGERIA,2945.5,4192.22,7137.72,-1246.72,0.67,0.58,0.62,36,33,35,2023-2024,3663.52,4229.81,7893.32,-566.29,-19.6,-0.89,annual
2024-2025,SPAIN,4763.75,2217.7,6981.45,2546.05,1.09,0.31,0.6,28,40,36,2023-2024,4794.12,2454.88,7249,2339.24,-0.63,-9.66,annual
2024-2025,IRELAND,864.67,5129.02,5993.69,-4264.35,0.2,0.71,0.52,66,28,37,2023-2024,702.81,5665.88,6368.69,-4963.07,23.03,-9.48,annual
2024-2025,PERU,1002.26,4981.09,5983.35,-3978.82,0.23,0.69,0.52,58,30,38,2023-2024,920.18,3114.31,4034.5,-2194.13,8.92,59.94,annual
2024-2025,SRI LANKA DSR,4550.78,1302.97,5853.74,3247.81,1.04,0.18,0.51,29,51,39,2023-2024,4117.83,1424.25,5542.08,2693.59,10.51,-8.52,annual
2024-2025,ANGOLA,524.35,4509.08,5033.43,-3984.72,0.12,0.63,0.43,84,31,40,2023-2024,697.72,3495.04,4192.76,-2797.31,-24.85,29.01,annual
2024-2025,ARGENTINA,1018.54,3736.89,4755.43,-2718.36,0.23,0.52,0.41,57,35,41,2023-2024,1085.76,2496.52,3582.28,-1410.76,-6.19,49.68,annual
2024-2025,EGYPT A RP,3411.36,1328.53,4739.89,2082.83,0.78,0.18,0.41,33,50,42,2023-2024,3520.72,1228.25,4748.97,2292.47,-3.11,8.16,annual
2024-2025,COLOMBIA,1471.65,3245.26,4716.92,-1773.61,0.34,0.45,0.41,46,36,43,2023-2024,1218.9,3086.19,4305.09,-1867.29,20.74,5.15,annual
2024-2025,POLAND,2618.61,1266.23,3884.84,1352.38,0.6,0.18,0.34,37,53,44,2023-2024,2436.84,1504.29,3941.13,932.54,7.46,-15.83,annual
2024-2025,CHILE,1153.8,2604.28,3758.09,-1450.48,0.26,0.36,0.32,54,39,45,2023-2024,1183.05,1514.1,2697.14,-331.05,-2.47,72,annual
2024-2025,UNSPECIFIED,3579.33,159.57,3738.9,3419.76,0.82,0.02,0.32,32,102,46,2023-2024,2893.5,64.42,2957.92,2829.08,23.7,147.71,annual
2024-2025,ISRAEL,2145.01,1481.48,3626.49,663.53,0.49,0.21,0.31,40,49,47,2023-2024,4527.08,2007.21,6534.29,2519.87,-52.62,-26.19,annual
2024-2025,KENYA,3134.05,318.7,3452.75,2815.35,0.72,0.04,0.3,35,84,48,2023-2024,3174.84,176.34,3351.18,2998.49,-1.28,80.73,annual
2024-2025,TOGO,2522.05,925.13,3447.18,1596.91,0.58,0.13,0.3,38,57,49,2023-2024,3229.01,850.39,4079.39,2378.62,-21.89,8.79,annual
2024-2025,MOZAMBIQUE,1323.39,2097.24,3420.64,-773.85,0.3,0.29,0.3,49,42,50,2023-2024,1996,2419.11,4415.12,-423.11,-33.7,-13.31,annual
2024-2025,SWEDEN,1262.05,2120.23,3382.28,-858.19,0.29,0.29,0.29,51,41,51,2023-2024,1018.8,1748.95,2767.74,-730.15,23.88,21.23,annual
2024-2025,PHILIPPINES,2162.43,1178.4,3340.83,984.03,0.49,0.16,0.29,39,54,52,2023-2024,2097.17,1433.6,3530.77,663.57,3.11,-17.8,annual
2024-2025,GHANA,1346.75,1790.54,3137.29,-443.79,0.31,0.25,0.27,48,45,53,2023-2024,1098.88,1416.9,2515.78,-318.03,22.56,26.37,annual
2024-2025,CZECH REPUBLIC,2062.69,726.49,2789.19,1336.2,0.47,0.1,0.24,41,64,54,2023-2024,1389.79,736.81,2126.6,652.98,48.42,-1.4,annual
2024-2025,JORDAN,755.14,1911.6,2666.74,-1156.46,0.17,0.27,0.23,70,44,55,2023-2024,1465.27,1410.63,2875.89,54.64,-48.46,35.51,annual
2024-2025,MOROCCO,967.05,1590.39,2557.44,-623.34,0.22,0.22,0.22,61,47,56,2023-2024,1032.58,1404.29,2436.87,-371.71,-6.35,13.25,annual
2024-2025,AUSTRIA,1405.72,949.09,2354.8,456.63,0.32,0.13,0.2,47,56,57,2023-2024,1136.41,922.3,2058.71,214.11,23.7,2.9,annual
2024-2025,MYANMAR,614.3,1533.95,2148.26,-919.65,0.14,0.21,0.19,76,48,58,2023-2024,670.37,1075.65,1746.02,-405.28,-8.36,42.61,annual
2024-2025,BHUTAN,1263.83,641.71,1905.54,622.11,0.29,0.09,0.16,50,67,59,2023-2024,963.73,339.11,1302.84,624.62,31.14,89.23,annual
2024-2025,VENEZUELA,216.99,1646.71,1863.7,-1429.72,0.05,0.23,0.16,111,46,60,2023-2024,175.33,999.69,1175.03,-824.36,23.76,64.72,annual
2024-2025,SENEGAL,1001.1,739.48,1740.58,261.62,0.23,0.1,0.15,59,62,61,2023-2024,938.57,633.92,1572.49,304.65,6.66,16.65,annual
2024-2025,ALGERIA,947.04,760.06,1707.09,186.98,0.22,0.11,0.15,62,61,62,2023-2024,848.16,885.54,1733.7,-37.38,11.66,-14.17,annual
2024-2025,IRAN,1241.15,441.83,1682.98,799.32,0.28,0.06,0.15,52,74,63,2023-2024,1222.46,625.15,1847.6,597.31,1.53,-29.32,annual
2024-2025,DENMARK,871.41,790.75,1662.16,80.67,0.2,0.11,0.14,65,60,64,2023-2024,856.24,917.71,1773.94,-61.47,1.77,-13.83,annual
2024-2025,BAHARAIN IS,797.47,843.44,1640.91,-45.97,0.18,0.12,0.14,68,58,65,2023-2024,909.42,829.44,1738.86,79.99,-12.31,1.69,annual
2024-2025,GUINEA,901.08,679.96,1581.04,221.12,0.21,0.09,0.14,64,66,66,2023-2024,696.48,1385.72,2082.2,-689.24,29.38,-50.93,annual
2024-2025,COTE D' IVOIRE,989.52,554.55,1544.07,434.97,0.23,0.08,0.13,60,70,67,2023-2024,685.53,384.94,1070.47,300.59,44.34,44.06,annual
2024-2025,ROMANIA,1036.01,410.17,1446.19,625.84,0.24,0.06,0.12,56,76,68,2023-2024,1778.05,1200.08,2978.13,577.97,-41.73,-65.82,annual
2024-2025,GREECE,1056.17,382.04,1438.21,674.12,0.24,0.05,0.12,55,77,69,2023-2024,1055.65,884.4,1940.05,171.25,0.05,-56.8,annual
2024-2025,BENIN,1194.98,130.51,1325.49,1064.46,0.27,0.02,0.11,53,108,70,2023-2024,752.55,214.57,967.12,537.97,58.79,-39.17,annual
2024-2025,FINLAND,471.82,838.03,1309.86,-366.21,0.11,0.12,0.11,87,59,71,2023-2024,582.65,913.5,1496.15,-330.85,-19.02,-8.26,annual
2024-2025,NEW ZEALAND,711.1,587.13,1298.23,123.97,0.16,0.08,0.11,71,69,72,2023-2024,538.33,335.14,873.47,203.18,32.09,75.19,annual
2024-2025,UKRAINE,187.4,1036.88,1224.28,-849.48,0.04,0.14,0.11,115,55,73,2023-2024,173.3,539.86,713.16,-366.56,8.14,92.06,annual
2024-2025,PORTUGAL,920.25,205.92,1126.16,714.33,0.21,0.03,0.1,63,95,74,2023-2024,1183.83,178.34,1362.16,1005.49,-22.27,15.46,annual
2024-2025,DOMINIC REP,381.67,730.02,1111.69,-348.35,0.09,0.1,0.1,91,63,75,2023-2024,347,570.47,917.47,-223.46,9.99,27.97,annual
2024-2025,NORWAY,425.01,632.8,1057.82,-207.79,0.1,0.09,0.09,89,68,76,2023-2024,403.08,793.85,1196.93,-390.77,5.44,-20.29,annual
2024-2025,SUDAN,589.03,427.55,1016.58,161.49,0.13,0.06,0.09,78,75,77,2023-2024,805.04,330.55,1135.59,474.49,-26.83,29.34,annual
2024-2025,YEMEN REPUBLC,855.7,154.99,1010.69,700.71,0.2,0.02,0.09,67,103,78,2023-2024,875.98,191.02,1067,684.96,-2.31,-18.86,annual
2024-2025,AFGHANISTAN,318.91,689.81,1008.72,-370.9,0.07,0.1,0.09,99,65,79,2023-2024,355.45,642.29,997.74,-286.84,-10.28,7.4,annual
2024-2025,HUNGARY,533.65,474.35,1008,59.3,0.12,0.07,0.09,83,71,80,2023-2024,561.69,306.95,868.64,254.74,-4.99,54.54,annual
2024-2025,CONGO D. REP.,562.9,443.22,1006.12,119.68,0.13,0.06,0.09,80,73,81,2023-2024,580.69,209.44,790.13,371.25,-3.06,111.63,annual
2024-2025,CAMEROON,596.15,337.4,933.55,258.75,0.14,0.05,0.08,77,82,82,2023-2024,454.04,788.11,1242.15,-334.07,31.3,-57.19,annual
2024-2025,MAURITIUS,676.49,210.82,887.31,465.68,0.15,0.03,0.08,73,94,83,2023-2024,778.03,73.63,851.67,704.4,-13.05,186.31,annual
2024-2025,LIBYA,650.37,223.86,874.24,426.51,0.15,0.03,0.08,74,92,84,2023-2024,565.12,238.55,803.67,326.58,15.08,-6.16,annual
2024-2025,SLOVENIA,586.74,259.88,846.62,326.86,0.13,0.04,0.07,79,88,85,2023-2024,586.97,308.47,895.44,278.5,-0.04,-15.75,annual
2024-2025,SOMALIA,765.67,35.2,800.87,730.46,0.17,0,0.07,69,131,86,2023-2024,819.58,28.21,847.78,791.37,-6.58,24.8,annual
2024-2025,DJIBOUTI,677.24,18.56,695.8,658.68,0.15,0,0.06,72,145,87,2023-2024,1143.58,22.26,1165.83,1121.32,-40.78,-16.61,annual
2024-2025,UGANDA,451.5,230.7,682.2,220.8,0.1,0.03,0.06,88,91,88,2023-2024,508.14,883.11,1391.26,-374.97,-11.15,-73.88,annual
2024-2025,MALDIVES,560.88,118.82,679.69,442.06,0.13,0.02,0.06,81,110,89,2023-2024,891.92,86.64,978.56,805.28,-37.12,37.14,annual
2024-2025,ECUADOR,316.69,351.84,668.53,-35.15,0.07,0.05,0.06,100,81,90,2023-2024,459.22,797.03,1256.24,-337.81,-31.04,-55.86,annual
2024-2025,GUATEMALA,633.93,28.98,662.91,604.95,0.14,0,0.06,75,136,91,2023-2024,559.1,30.27,589.37,528.83,13.38,-4.27,annual
2024-2025,NAMIBIA,327.21,241.19,568.39,86.02,0.07,0.03,0.05,98,89,92,2023-2024,453.48,360.37,813.85,93.11,-27.85,-33.07,annual
2024-2025,PAKISTAN IR,557.78,0.46,558.24,557.33,0.13,0,0.05,82,188,93,2023-2024,1188.86,2.88,1191.74,1185.99,-53.08,-84.16,annual
2024-2025,ETHIOPIA,476.81,73.38,550.2,403.43,0.11,0.01,0.05,86,124,94,2023-2024,489.59,81.93,571.52,407.66,-2.61,-10.43,annual
2024-2025,CONGO P REP,178.39,370.19,548.58,-191.8,0.04,0.05,0.05,117,78,95,2023-2024,176.03,122.39,298.42,53.63,1.34,202.46,annual
2024-2025,UZBEKISTAN,517.72,14.69,532.41,503.03,0.12,0,0.05,85,148,96,2023-2024,372.56,98.8,471.36,273.76,38.97,-85.13,annual
2024-2025,BULGARIA,230.44,296.69,527.12,-66.25,0.05,0.04,0.05,109,86,97,2023-2024,223.64,192.35,415.99,31.29,3.04,54.24,annual
2024-2025,TUNISIA,377.99,143.72,521.71,234.26,0.09,0.02,0.05,93,106,98,2023-2024,439.2,236.61,675.81,202.59,-13.94,-39.26,annual
2024-2025,BOTSWANA,173.44,332.9,506.33,-159.46,0.04,0.05,0.04,118,83,99,2023-2024,109.26,326.75,436,-217.49,58.74,1.88,annual
2024-2025,LATVIA,235.94,237,472.94,-1.06,0.05,0.03,0.04,108,90,100,2023-2024,220.5,183.71,404.21,36.79,7,29.01,annual
2024-2025,EQUTL GUINEA,19.18,444.14,463.32,-424.96,0,0.06,0.04,167,72,101,2023-2024,26.79,320.31,347.1,-293.53,-28.4,38.66,annual
2024-2025,MADAGASCAR,268.8,186.94,455.74,81.85,0.06,0.03,0.04,104,96,102,2023-2024,231.91,192.28,424.19,39.63,15.91,-2.77,annual
2024-2025,SLOVAK REP,380.38,74.23,454.61,306.16,0.09,0.01,0.04,92,123,103,2023-2024,193.03,67.6,260.64,125.43,97.05,9.8,annual
2024-2025,PANAMA REPUBLIC,287.43,165.88,453.31,121.54,0.07,0.02,0.04,102,99,104,2023-2024,296.53,371.3,667.83,-74.77,-3.07,-55.32,annual
2024-2025,BOLIVIA,70.12,369.46,439.58,-299.35,0.02,0.05,0.04,145,79,105,2023-2024,71.41,1087.33,1158.74,-1015.92,-1.81,-66.02,annual
2024-2025,PAPUA N GNA,70.38,363.17,433.55,-292.79,0.02,0.05,0.04,144,80,106,2023-2024,70.06,471.88,541.94,-401.81,0.46,-23.04,annual
2024-2025,LITHUANIA,258.06,164.33,422.39,93.73,0.06,0.02,0.04,107,100,107,2023-2024,314.42,136.39,450.81,178.03,-17.93,20.49,annual
2024-2025,LEBANON,337.05,85.17,422.21,251.88,0.08,0.01,0.04,96,116,108,2023-2024,344.91,112.9,457.8,232.01,-2.28,-24.56,annual
2024-2025,CROATIA,335.76,76.74,412.5,259.02,0.08,0.01,0.04,97,120,109,2023-2024,233.55,58.06,291.61,175.49,43.76,32.17,annual
2024-2025,GABON,94.12,315.77,409.89,-221.66,0.02,0.04,0.04,134,85,110,2023-2024,72.67,318.98,391.65,-246.3,29.51,-1,annual
2024-2025,SIERRA LEONE,385.47,22.95,408.42,362.53,0.09,0,0.04,90,142,111,2023-2024,267.86,30.67,298.53,237.19,43.91,-25.19,annual
2024-2025,PUERTO RICO,135.05,267.27,402.31,-132.22,0.03,0.04,0.03,125,87,112,2023-2024,140.53,144.44,284.97,-3.91,-3.9,85.03,annual
2024-2025,LIBERIA,376.33,20.39,396.73,355.94,0.09,0,0.03,94,144,113,2023-2024,243.29,12.46,255.75,230.83,54.68,63.64,annual
2024-2025,ZAMBIA,212.56,167,379.56,45.56,0.05,0.02,0.03,112,98,114,2023-2024,244.31,204.08,448.39,40.23,-13,-18.17,annual
2024-2025,MALTA,351.09,24.01,375.09,327.08,0.08,0,0.03,95,139,115,2023-2024,496.11,35.68,531.79,460.44,-29.23,-32.71,annual
2024-2025,GEORGIA,288.98,74.66,363.63,214.32,0.07,0.01,0.03,101,122,116,2023-2024,197.49,100.98,298.46,96.51,46.33,-26.06,annual
2024-2025,KAZAKHSTAN,262.98,86.19,349.18,176.79,0.06,0.01,0.03,106,115,117,2023-2024,236.56,95.14,331.7,141.43,11.17,-9.4,annual
2024-2025,SEYCHELLES,196.03,150.87,346.9,45.16,0.04,0.02,0.03,114,105,118,2023-2024,76.19,8.69,84.88,67.5,157.28,1635.88,annual
2024-2025,TRINIDAD,120.65,220.96,341.61,-100.31,0.03,0.03,0.03,128,93,119,2023-2024,109.06,259.9,368.96,-150.85,10.63,-14.98,annual
2024-2025,COSTA RICA,223.87,115,338.87,108.87,0.05,0.02,0.03,110,112,120,2023-2024,183.82,117.85,301.67,65.97,21.79,-2.41,annual
2024-2025,ARMENIA,264.51,50.67,315.18,213.84,0.06,0.01,0.03,105,125,121,2023-2024,95.29,36.09,131.38,59.2,177.58,40.41,annual
2024-2025,HONDURAS,274.47,35.31,309.78,239.17,0.06,0,0.03,103,130,122,2023-2024,265.93,30.61,296.54,235.32,3.21,15.36,annual
2024-2025,URUGUAY,153.29,152.51,305.81,0.78,0.04,0.02,0.03,120,104,123,2023-2024,520.83,134.63,655.46,386.21,-70.57,13.28,annual
2024-2025,CAMBODIA,201.11,97.6,298.71,103.5,0.05,0.01,0.03,113,113,124,2023-2024,185.39,218.4,403.78,-33.01,8.48,-55.31,annual
2024-2025,BURKINA FASO,144.39,80.43,224.82,63.96,0.03,0.01,0.02,123,118,125,2023-2024,120.82,203.05,323.88,-82.23,19.51,-60.39,annual
2024-2025,CAYMAN IS,136.93,79.63,216.57,57.3,0.03,0.01,0.02,124,119,126,2023-2024,7.12,0,7.12,7.12,1822.82,19072744.59,annual
2024-2025,TURKMENISTAN,54.16,162.02,216.18,-107.86,0.01,0.02,0.02,151,101,127,2023-2024,37.46,74.93,112.39,-37.48,44.6,116.22,annual
2024-2025,PARAGUAY,180.47,33.41,213.88,147.06,0.04,0,0.02,116,133,128,2023-2024,212.25,30.51,242.76,181.73,-14.97,9.5,annual
2024-2025,MALI,128.08,82.52,210.6,45.55,0.03,0.01,0.02,126,117,129,2023-2024,119.62,29.35,148.98,90.27,7.07,181.14,annual
2024-2025,GUINEA BISSAU,22.42,181.38,203.79,-158.96,0.01,0.03,0.02,164,97,130,2023-2024,6.98,75.19,82.17,-68.2,220.98,141.24,annual
2024-2025,BRUNEI,58.67,128.79,187.47,-70.12,0.01,0.02,0.02,150,109,131,2023-2024,67.44,218.76,286.2,-151.32,-13,-41.13,annual
2024-2025,ESTONIA,69.66,115.2,184.86,-45.55,0.02,0.02,0.02,146,111,132,2023-2024,77.29,138.01,215.3,-60.72,-9.88,-16.53,annual
2024-2025,NICARAGUA,159.33,23.98,183.3,135.35,0.04,0,0.02,119,140,133,2023-2024,132.31,47.99,180.3,84.32,20.42,-50.04,annual
2024-2025,MALAWI,94.56,76.08,170.64,18.49,0.02,0.01,0.01,133,121,134,2023-2024,87.18,58.49,145.67,28.69,8.47,30.06,annual
2024-2025,ZIMBABWE,149.31,17.68,166.98,131.63,0.03,0,0.01,121,146,135,2023-2024,152.37,16.55,168.92,135.83,-2.01,6.85,annual
2024-2025,GAMBIA,116.16,45.04,161.2,71.11,0.03,0.01,0.01,129,127,136,2023-2024,175.95,41.41,217.36,134.53,-33.98,8.76,annual
2024-2025,EL SALVADOR,149.09,3.79,152.88,145.3,0.03,0,0.01,122,165,137,2023-2024,128.91,2.6,131.51,126.31,15.66,45.69,annual
2024-2025,LUXEMBOURG,49.9,96.02,145.92,-46.12,0.01,0.01,0.01,152,114,138,2023-2024,39.65,265.05,304.7,-225.4,25.85,-63.77,annual
2024-2025,C AFRI REP,11.85,131.54,143.38,-119.69,0,0.02,0.01,174,107,139,2023-2024,65.25,0.24,65.48,65.01,-81.84,55859.7,annual
2024-2025,CYPRUS,89.92,48.82,138.74,41.1,0.02,0.01,0.01,138,126,140,2023-2024,95,42.04,137.05,52.96,-5.35,16.12,annual
2024-2025,MAURITANIA,114.83,22.63,137.46,92.2,0.03,0,0.01,130,143,141,2023-2024,96.38,19.16,115.54,77.22,19.15,18.13,annual
2024-2025,MONTENEGRO,124.67,1.75,126.42,122.92,0.03,0,0.01,127,173,142,2023-2024,34.91,1.74,36.65,33.17,257.09,0.41,annual
2024-2025,SERBIA,100,24.69,124.69,75.31,0.02,0,0.01,131,138,143,2023-2024,106.91,19.48,126.39,87.43,-6.46,26.76,annual
2024-2025,RWANDA,98.74,13.69,112.44,85.05,0.02,0,0.01,132,150,144,2023-2024,133.5,11.76,145.26,121.75,-26.04,16.47,annual
2024-2025,BELARUS,69.33,37.17,106.5,32.16,0.02,0.01,0.01,147,129,145,2023-2024,43.83,15.22,59.05,28.62,58.17,144.27,annual
2024-2025,NIGER,72.68,32.92,105.6,39.75,0.02,0,0.01,143,134,146,2023-2024,47.22,139.27,186.49,-92.06,53.92,-76.36,annual
2024-2025,CHAD,81.27,23.1,104.37,58.17,0.02,0,0.01,141,141,147,2023-2024,79.84,3.64,83.48,76.2,1.79,534.44,annual
2024-2025,JAMAICA,93.01,8.69,101.7,84.32,0.02,0,0.01,136,154,148,2023-2024,109.15,7.48,116.63,101.67,-14.79,16.15,annual
2024-2025,HAITI,89.03,8.54,97.57,80.48,0.02,0,0.01,139,155,149,2023-2024,105.54,15.26,120.8,90.28,-15.64,-44.02,annual
2024-2025,GUYANA,92.59,4.34,96.93,88.25,0.02,0,0.01,137,163,150,2023-2024,99.36,6.61,105.97,92.75,-6.82,-34.31,annual
2024-2025,AZERBAIJAN,93.97,2.21,96.18,91.75,0.02,0,0.01,135,169,151,2023-2024,89.67,0.74,90.41,88.93,4.79,200.56,annual
2024-2025,FIJI IS,84.67,1.54,86.21,83.12,0.02,0,0.01,140,176,152,2023-2024,76.28,1.19,77.46,75.09,11,30.14,annual
2024-2025,ALBANIA,77.36,6.9,84.26,70.47,0.02,0,0.01,142,158,153,2023-2024,1154.05,7.59,1161.65,1146.46,-93.3,-9.19,annual
2024-2025,SYRIA,63.71,16.18,79.89,47.53,0.01,0,0.01,149,147,154,2023-2024,63.23,18.33,81.57,44.9,0.75,-11.74,annual
2024-2025,REUNION,49.04,28.88,77.92,20.16,0.01,0,0.01,153,137,155,2023-2024,45.33,35.36,80.69,9.97,8.19,-18.33,annual
2024-2025,ICELAND,66.01,11.05,77.06,54.95,0.02,0,0.01,148,153,156,2023-2024,12.16,5.98,18.14,6.19,442.71,84.96,annual
2024-2025,SURINAME,28.55,32.8,61.34,-4.25,0.01,0,0.01,160,135,157,2023-2024,29.25,22.6,51.86,6.65,-2.41,45.08,annual
2024-2025,KYRGHYZSTAN,46.26,7.43,53.7,38.83,0.01,0,0,154,156,158,2023-2024,45.72,9.34,55.06,36.38,1.19,-20.41,annual
2024-2025,SWAZILAND,18.57,33.61,52.18,-15.04,0,0,0,168,132,159,2023-2024,24.79,18.91,43.7,5.88,-25.08,77.75,annual
2024-2025,COMOROS,36.93,13.84,50.77,23.09,0.01,0,0,157,149,160,2023-2024,27.95,18.65,46.6,9.31,32.12,-25.77,annual
2024-2025,TAJIKISTAN,45.68,0,45.68,45.67,0.01,0,0,155,228,161,2023-2024,51.64,0.01,51.65,51.63,-11.55,-91.54,annual
2024-2025,MACAO,1.42,39.43,40.85,-38.01,0,0.01,0,203,128,162,2023-2024,0.96,7.55,8.51,-6.59,47.92,422.38,annual
2024-2025,TIMOR LESTE,38.41,0.01,38.42,38.41,0.01,0,0,156,216,163,2023-2024,48.02,0.28,48.3,47.73,-20,-98.23,annual
2024-2025,MACEDONIA,33.73,2.01,35.74,31.72,0.01,0,0,158,171,164,2023-2024,36.64,0.73,37.37,35.9,-7.94,174.1,annual
2024-2025,BURUNDI,29.37,1.22,30.59,28.15,0.01,0,0,159,178,165,2023-2024,38.37,0,38.37,38.37,-23.45,,annual
2024-2025,BARBADOS,27.61,1.6,29.21,26,0.01,0,0,161,174,166,2023-2024,18.83,3.25,22.09,15.58,46.57,-50.74,annual
2024-2025,GIBRALTAR,26.67,0.11,26.78,26.55,0.01,0,0,162,200,167,2023-2024,829.43,0.3,829.74,829.13,-96.78,-62.1,annual
2024-2025,MONGOLIA,26.46,0.11,26.57,26.35,0.01,0,0,163,201,168,2023-2024,33.15,1.02,34.18,32.13,-20.19,-89.25,annual
2024-2025,NETHERLANDANTIL,21.68,3.75,25.44,17.93,0,0,0,165,166,169,2023-2024,21.43,19.63,41.06,1.8,1.18,-80.87,annual
2024-2025,LAO PD RP,12.52,11.63,24.15,0.89,0,0,0,173,152,170,2023-2024,12.88,99.73,112.62,-86.85,-2.83,-88.34,annual
2024-2025,BOSNIA-HRZGOVIN,17.33,6.81,24.14,10.53,0,0,0,169,160,171,2023-2024,29.28,5.19,34.46,24.09,-40.79,31.16,annual
2024-2025,SOUTH SUDAN,21.26,0.15,21.41,21.11,0,0,0,166,197,172,2023-2024,41.68,0.16,41.84,41.52,-48.99,-8.04,annual
2024-2025,CUBA,15.27,3.19,18.46,12.08,0,0,0,170,168,173,2023-2024,40.46,2.19,42.65,38.26,-62.26,45.6,annual
2024-2025,BAHAMAS,11.47,6.08,17.56,5.39,0,0,0,176,161,174,2023-2024,106.34,20.84,127.18,85.51,-89.21,-70.81,annual
2024-2025,SOLOMON IS,2.56,13.56,16.12,-11,0,0,0,197,151,175,2023-2024,2.99,6.17,9.17,-3.18,-14.37,119.71,annual
2024-2025,BELIZE,13.16,0.77,13.92,12.39,0,0,0,171,182,176,2023-2024,13.47,0.27,13.74,13.19,-2.3,179.25,annual
2024-2025,NEW CALEDONIA,5.82,7.07,12.89,-1.25,0,0,0,183,157,177,2023-2024,15.4,24.99,40.39,-9.58,-62.21,-71.7,annual
2024-2025,FR POLYNESIA,12.52,0.3,12.82,12.23,0,0,0,172,192,178,2023-2024,12,0.27,12.27,11.73,4.36,10.93,annual
2024-2025,ARUBA,11.84,0.63,12.47,11.21,0,0,0,175,185,179,2023-2024,14.79,1.17,15.96,13.62,-19.94,-46.03,annual
2024-2025,ST LUCIA,10.23,1.59,11.82,8.64,0,0,0,179,175,180,2023-2024,7.26,1.23,8.49,6.03,40.83,29.11,annual
2024-2025,MOLDOVA,10.39,1.2,11.59,9.19,0,0,0,177,179,181,2023-2024,12.51,4.24,16.75,8.26,-16.93,-71.63,annual
2024-2025,LESOTHO,10.3,0.98,11.28,9.33,0,0,0,178,180,182,2023-2024,5.55,0.07,5.62,5.48,85.61,1303.18,annual
2024-2025,MARSHALL ISLAND,2.84,6.83,9.67,-3.99,0,0,0,195,159,183,2023-2024,2.19,0.36,2.55,1.82,29.95,1771.5,annual
2024-2025,MONACO,6.97,2.2,9.17,4.77,0,0,0,181,170,184,2023-2024,2.36,0.64,3,1.73,195.18,246.3,annual
2024-2025,MAYOTTE,7.56,1.54,9.09,6.02,0,0,0,180,177,185,2023-2024,7.57,1.58,9.15,5.99,-0.15,-2.87,annual
2024-2025,CAPE VERDE IS,3.6,5.05,8.65,-1.45,0,0,0,192,162,186,2023-2024,3.16,4.64,7.8,-1.48,14.15,8.83,annual
2024-2025,DOMINICA,6.59,0.4,6.99,6.19,0,0,0,182,189,187,2023-2024,2.53,0.5,3.03,2.03,160.51,-20.56,annual
2024-2025,GUADELOUPE,5.29,0.74,6.03,4.54,0,0,0,184,183,188,2023-2024,4.61,0.01,4.62,4.6,14.65,7297.41,annual
2024-2025,BR VIRGN IS,1.97,3.83,5.81,-1.86,0,0,0,199,164,189,2023-2024,0.64,141.87,142.51,-141.23,209.72,-97.3,annual
2024-2025,ANTIGUA,4.76,0.78,5.54,3.99,0,0,0,186,181,190,2023-2024,14.97,0.84,15.81,14.13,-68.18,-7.64,annual
2024-2025,SAMOA,1.71,3.7,5.41,-2,0,0,0,201,167,191,2023-2024,1.92,22.09,24.01,-20.17,-11.17,-83.24,annual
2024-2025,MARTINIQUE,4.83,0.51,5.34,4.32,0,0,0,185,187,192,2023-2024,4.59,0.6,5.19,3.99,5.3,-14.86,annual
2024-2025,VIRGIN IS US,4.73,0.24,4.97,4.5,0,0,0,187,196,193,2023-2024,5.83,84.29,90.12,-78.47,-18.79,-99.72,annual
2024-2025,BERMUDA,4.71,0.03,4.74,4.68,0,0,0,188,208,194,2023-2024,6.08,0,6.08,6.08,-22.59,,annual
2024-2025,GRENADA,4.45,0.29,4.74,4.17,0,0,0,189,194,195,2023-2024,4.4,1.91,6.32,2.49,1.21,-84.96,annual
2024-2025,VANUATU REP,3.75,0.58,4.33,3.17,0,0,0,191,186,196,2023-2024,3.92,0,3.92,3.92,-4.39,262314.17,annual
2024-2025,KIRIBATI REP,3.89,0.02,3.91,3.87,0,0,0,190,211,197,2023-2024,0,0,0,0,,,annual
2024-2025,SAN MARINO,3.57,0.11,3.68,3.45,0,0,0,193,202,198,2023-2024,0.52,0.07,0.59,0.45,587.28,70.9,annual
2024-2025,ST VINCENT,3.28,0.15,3.43,3.14,0,0,0,194,198,199,2023-2024,2.38,0.1,2.48,2.29,37.83,53.76,annual
2024-2025,ST KITT N A,2.73,0.09,2.82,2.65,0,0,0,196,203,200,2023-2024,4.99,0.11,5.1,4.88,-45.21,-21.95,annual
2024-2025,AMERI SAMOA,2.46,0.01,2.47,2.44,0,0,0,198,213,201,2023-2024,4.15,0.05,4.19,4.1,-40.72,-68.99,annual
2024-2025,LIECHTENSTEIN,0.41,1.82,2.22,-1.41,0,0,0,208,172,202,2023-2024,0.88,8.52,9.4,-7.64,-53.98,-78.65,annual
2024-2025,FR GUIANA,1.51,0.7,2.21,0.81,0,0,0,202,184,203,2023-2024,1.47,0.63,2.1,0.84,2.95,10.2,annual
2024-2025,TURKS C IS,1.72,0.32,2.03,1.4,0,0,0,200,191,204,2023-2024,1.11,0.43,1.54,0.67,55.05,-26.18,annual
2024-2025,GUAM,1.21,0.01,1.23,1.2,0,0,0,204,214,205,2023-2024,0.85,0.01,0.86,0.83,43.13,8.47,annual
2024-2025,NORFOLK IS,0.8,0.34,1.14,0.46,0,0,0,206,190,206,2023-2024,0.02,0.13,0.15,-0.12,4360.03,155.42,annual
2024-2025,US MINOR OUTLYING ISLANDS,0.59,0.27,0.86,0.32,0,0,0,207,195,207,2023-2024,0.3,0.03,0.34,0.27,95.94,688.44,annual
2024-2025,MICRONESIA,0.81,0,0.81,0.81,0,0,0,205,221,208,2023-2024,0.62,0,0.62,0.62,30.47,-91.7,annual
2024-2025,ANTARTICA,0.26,0.29,0.55,-0.03,0,0,0,210,193,209,2023-2024,0.26,0.51,0.77,-0.24,-0.45,-42.78,annual
2024-2025,ANGUILLA,0.21,0.13,0.34,0.09,0,0,0,211,199,210,2023-2024,0.26,0.3,0.56,-0.03,-20.2,-57.34,annual
2024-2025,ANDORRA,0.26,0.07,0.33,0.2,0,0,0,209,204,211,2023-2024,0.32,0.05,0.37,0.27,-16.98,42.15,annual
2024-2025,ST HELENA,0.13,0.02,0.14,0.11,0,0,0,212,212,212,2023-2024,0,0.05,0.05,-0.05,82752.23,-69.11,annual
2024-2025,NAURU RP,0.04,0.06,0.1,-0.02,0,0,0,215,206,213,2023-2024,0.09,0,0.09,0.08,-54.53,2230.59,annual
2024-2025,COCOS IS,0.06,0.03,0.09,0.03,0,0,0,213,209,214,2023-2024,0,0,0,0,,,annual
2024-2025,TOKELAU IS,0.05,0.03,0.09,0.02,0,0,0,214,210,215,2023-2024,0,0,0,0,,,annual
2024-2025,CHRISTMAS IS.,0.02,0.06,0.08,-0.04,0,0,0,216,205,216,2023-2024,0,0,0,0,,,annual
2024-2025,STATE OF PALEST,0.02,0.04,0.06,-0.02,0,0,0,217,207,217,2023-2024,0.65,0.22,0.87,0.43,-96.63,-80.82,annual
2024-2025,PITCAIRN IS.,0,0.01,0.02,-0.01,0,0,0,226,215,218,2023-2024,0,0,0,0,-68.09,,annual
2024-2025,ERITREA,0,0,0,0,0,0,0,218,217,219,2023-2024,10.05,0,10.05,10.05,,,annual
2024-2025,FAROE IS.,0,0,0,0,0,0,0,219,218,220,2023-2024,5.94,0,5.94,5.94,,,annual
2024-2025,GREENLAND,0,0,0,0,0,0,0,220,219,221,2023-2024,0.23,0,0.23,0.23,,,annual
2024-2025,KOREA DP RP,0,0,0,0,0,0,0,221,220,222,2023-2024,2.04,1.41,3.45,0.63,,,annual
2024-2025,MONTSERRAT,0,0,0,0,0,0,0,222,222,223,2023-2024,0.12,0,0.12,0.12,,,annual
2024-2025,N. MARIANA IS.,0,0,0,0,0,0,0,223,223,224,2023-2024,0.31,0,0.31,0.31,,,annual
2024-2025,NIUE IS,0,0,0,0,0,0,0,224,224,225,2023-2024,0,0,0,0,,,annual
2024-2025,PALAU,0,0,0,0,0,0,0,225,225,226,2023-2024,0.15,2.08,2.23,-1.93,,,annual
2024-2025,SAO TOME,0,0,0,0,0,0,0,227,226,227,2023-2024,1.53,0.02,1.56,1.51,,,annual
2024-2025,SINT MAARTEN (DUTCH PART),0,0,0,0,0,0,0,228,227,228,2023-2024,0.45,0,0.45,0.45,,,annual
2024-2025,TONGA,0,0,0,0,0,0,0,229,229,229,2023-2024,1.59,0.02,1.61,1.58,,,annual
2024-2025,VATICAN CITY,0,0,0,0,0,0,0,230,230,230,2023-2024,0.09,0.09,0.18,0,,,annual
2024-2025,WALLIS F IS,0,0,0,0,0,0,0,231,231,231,2023-2024,0,0.01,0.01,-0.01,,,annual
2025-2026,CHINA P RP,19471.08,131633.36,151104.44,-112162.28,4.41,16.99,12.42,3,1,1,2024-2025,14252.21,113447.34,127699.55,-99195.14,36.62,16.03,provisional
2025-2026,U S A,87316.01,52900.09,140216.1,34415.92,19.77,6.83,11.52,1,4,2,2024-2025,86514.28,45625.2,132139.48,40889.09,0.93,15.94,provisional
2025-2026,U ARAB EMTS,37359.11,63894.47,101253.59,-26535.36,8.46,8.24,8.32,2,2,3,2024-2025,36638.02,63403.01,100041.03,-26764.99,1.97,0.78,provisional
2025-2026,RUSSIA,4493.51,55369.62,59863.13,-50876.12,1.02,7.14,4.92,29,3,4,2024-2025,4881.3,63811.44,68692.74,-58930.14,-7.94,-13.23,provisional
2025-2026,SAUDI ARAB,10281.13,30790.28,41071.4,-20509.15,2.33,3.97,3.38,9,5,5,2024-2025,11756.65,30121.12,41877.78,-18364.47,-12.55,2.22,provisional
2025-2026,SINGAPORE,11863.66,24240.58,36104.24,-12376.91,2.69,3.13,2.97,6,9,6,2024-2025,12976.15,21282.12,34258.27,-8305.98,-8.57,13.9,provisional
2025-2026,HONG KONG,8081.83,24331.02,32412.85,-16249.19,1.83,3.14,2.66,10,7,7,2024-2025,6066.71,19729.22,25795.94,-13662.51,33.22,23.32,provisional
2025-2026,GERMANY,11526.04,19433.72,30959.76,-7907.67,2.61,2.51,2.54,7,13,8,2024-2025,10628.61,18947.62,29576.24,-8319.01,8.44,2.57,provisional
2025-2026,IRAQ,2958.2,24558.5,27516.7,-21600.3,0.67,3.17,2.26,36,6,9,2024-2025,3272.52,28891.2,32163.72,-25618.67,-9.6,-15,provisional
2025-2026,JAPAN,6039.5,21436.87,27476.37,-15397.37,1.37,2.77,2.26,21,10,10,2024-2025,6249.32,18915.34,25164.66,-12666.02,-3.36,13.33,provisional
2025-2026,KOREA RP,6012.04,21354.67,27366.7,-15342.63,1.36,2.76,2.25,22,11,11,2024-2025,5819.64,21064.21,26883.85,-15244.57,3.31,1.38,provisional
2025-2026,SWITZERLAND,1213.37,24275.11,25488.48,-23061.74,0.27,3.13,2.09,52,8,12,2024-2025,1475.41,21795.8,23271.21,-20320.39,-17.76,11.38,provisional
2025-2026,U K,13444.2,11682.43,25126.62,1761.77,3.04,1.51,2.07,5,18,13,2024-2025,14549.95,8582.78,23132.73,5967.18,-7.6,36.11,provisional
2025-2026,INDONESIA,4491.36,20292.32,24783.68,-15800.96,1.02,2.62,2.04,30,12,14,2024-2025,5380.18,22778.03,28158.21,-17397.85,-16.52,-10.91,provisional
2025-2026,NETHERLAND,17500.71,5786.3,23287.01,11714.41,3.96,0.75,1.91,4,32,15,2024-2025,22763.41,4994.81,27758.23,17768.6,-23.12,15.85,provisional
2025-2026,THAILAND,5058.6,16426.96,21485.56,-11368.36,1.15,2.12,1.77,26,14,16,2024-2025,4812.58,14267.08,19079.67,-9454.5,5.11,15.14,provisional
2025-2026,AUSTRALIA,7284.18,13811.35,21095.53,-6527.17,1.65,1.78,1.73,13,16,17,2024-2025,8581.38,15526.46,24107.84,-6945.08,-15.12,-11.05,provisional
2025-2026,MALAYSIA,6825.55,14177.02,21002.57,-7351.47,1.55,1.83,1.73,18,15,18,2024-2025,7316.85,12538.68,19855.53,-5221.83,-6.71,13.07,provisional
2025-2026,VIETNAM SOC REP,6665.86,11615.23,18281.09,-4949.37,1.51,1.5,1.5,19,19,19,2024-2025,5428.92,10333.95,15762.87,-4905.03,22.78,12.4,provisional
2025-2026,SOUTH AFRICA,7008.41,8560.7,15569.12,-1552.29,1.59,1.1,1.28,16,22,20,2024-2025,7462.28,10547.45,18009.73,-3085.18,-6.08,-18.84,provisional
2025-2026,FRANCE,7102.46,8398.95,15501.41,-1296.5,1.61,1.08,1.27,14,23,21,2024-2025,7960.06,7231.39,15191.45,728.67,-10.77,16.15,provisional
2025-2026,BRAZIL,7022.1,8050.64,15072.74,-1028.54,1.59,1.04,1.24,15,24,22,2024-2025,6771.01,5435.01,12206.02,1336.01,3.71,48.13,provisional
2025-2026,ITALY,7790.22,6663.13,14453.34,1127.09,1.76,0.86,1.19,11,28,23,2024-2025,7727.33,6014.4,13741.73,1712.93,0.81,10.79,provisional
2025-2026,QATAR,1620.33,12292.6,13912.93,-10672.27,0.37,1.59,1.14,44,17,24,2024-2025,1682.48,12463.79,14146.26,-10781.31,-3.69,-1.37,provisional
2025-2026,BELGIUM,6598.64,6410.77,13009.41,187.87,1.49,0.83,1.07,20,29,25,2024-2025,6320.14,6589.99,12910.13,-269.85,4.41,-2.72,provisional
2025-2026,BANGLADESH PR,10587.38,1780.26,12367.64,8807.11,2.4,0.23,1.02,8,48,26,2024-2025,11485.26,2005.04,13490.3,9480.22,-7.82,-11.21,provisional
2025-2026,OMAN,4021.48,7166.39,11187.87,-3144.91,0.91,0.92,0.92,32,26,27,2024-2025,4065.35,6548.73,10614.08,-2483.38,-1.08,9.43,provisional
2025-2026,TAIWAN,1948.79,8880.9,10829.68,-6932.11,0.44,1.15,0.89,41,20,28,2024-2025,1781.7,10006.95,11788.65,-8225.24,9.38,-11.25,provisional
2025-2026,PERU,1149.13,8870.47,10019.6,-7721.33,0.26,1.14,0.82,54,21,29,2024-2025,1002.26,4981.09,5983.35,-3978.82,14.65,78.08,provisional
2025-2026,KUWAIT,1651.74,7917.44,9569.18,-6265.71,0.37,1.02,0.79,43,25,30,2024-2025,1934.81,8285.74,10220.54,-6350.93,-14.63,-4.44,provisional
2025-2026,NEPAL,7438.9,1941.87,9380.76,5497.03,1.68,0.25,0.77,12,46,31,2024-2025,7385.98,1288.83,8674.82,6097.15,0.72,50.67,provisional
2025-2026,SPAIN,6961.24,2234.18,9195.42,4727.05,1.58,0.29,0.76,17,43,32,2024-2025,4763.75,2217.7,6981.45,2546.05,46.13,0.74,provisional
2025-2026,NIGERIA,3132.34,5895.84,9028.18,-2763.5,0.71,0.76,0.74,35,31,33,2024-2025,2945.5,4192.22,7137.72,-1246.72,6.34,40.64,provisional
2025-2026,TANZANIA REP,5420.1,3602.61,9022.71,1817.5,1.23,0.46,0.74,25,36,34,2024-2025,4789.61,3850.64,8640.24,938.97,13.16,-6.44,provisional
2025-2026,GHANA,1292.08,6680.07,7972.15,-5388,0.29,0.86,0.66,48,27,35,2024-2025,1346.75,1790.54,3137.29,-443.79,-4.06,273.08,provisional
2025-2026,CANADA,4671.11,3252.03,7923.13,1419.08,1.06,0.42,0.65,27,37,36,2024-2025,4222.27,4447.13,8669.4,-224.86,10.63,-26.87,provisional
2025-2026,MEXICO,5727.12,2106.15,7833.27,3620.97,1.3,0.27,0.64,23,44,37,2024-2025,5749.01,2869.02,8618.03,2879.99,-0.38,-26.59,provisional
2025-2026,SRI LANKA DSR,5516.84,1658.59,7175.43,3858.24,1.25,0.21,0.59,24,51,38,2024-2025,4550.78,1302.97,5853.74,3247.81,21.23,27.29,provisional
2025-2026,IRELAND,785.71,6128.9,6914.61,-5343.19,0.18,0.79,0.57,72,30,39,2024-2025,864.67,5129.02,5993.69,-4264.35,-9.13,19.49,provisional
2025-2026,TURKEY,4544.88,2342.78,6887.65,2202.1,1.03,0.3,0.57,28,41,40,2024-2025,5716.54,2993.27,8709.81,2723.27,-20.5,-21.73,provisional
2025-2026,EGYPT A RP,3932.12,2603.24,6535.36,1328.88,0.89,0.34,0.54,34,40,41,2024-2025,3411.36,1328.53,4739.89,2082.83,15.27,95.95,provisional
2025-2026,CHILE,1220.33,5034.87,6255.19,-3814.54,0.28,0.65,0.51,51,33,42,2024-2025,1153.8,2604.28,3758.09,-1450.48,5.77,93.33,provisional
2025-2026,ARGENTINA,1013.06,4955.02,5968.08,-3941.96,0.23,0.64,0.49,59,34,43,2024-2025,1018.54,3736.89,4755.43,-2718.36,-0.54,32.6,provisional
2025-2026,ANGOLA,780.41,4862.8,5643.21,-4082.4,0.18,0.63,0.46,73,35,44,2024-2025,524.35,4509.08,5033.43,-3984.72,48.83,7.84,provisional
2025-2026,UNSPECIFIED,4325.7,393.03,4718.73,3932.67,0.98,0.05,0.39,31,78,45,2024-2025,3579.33,159.57,3738.9,3419.76,20.85,146.3,provisional
2025-2026,COLOMBIA,1805.72,2902.76,4708.48,-1097.04,0.41,0.37,0.39,42,38,46,2024-2025,1471.65,3245.26,4716.92,-1773.61,22.7,-10.55,provisional
2025-2026,KENYA,4016.64,296.2,4312.84,3720.44,0.91,0.04,0.35,33,85,47,2024-2025,3134.05,318.7,3452.75,2815.35,28.16,-7.06,provisional
2025-2026,POLAND,2796.27,1252.55,4048.82,1543.73,0.63,0.16,0.33,37,56,48,2024-2025,2618.61,1266.23,3884.84,1352.38,6.78,-1.08,provisional
2025-2026,MOROCCO,1067.53,2896.87,3964.4,-1829.34,0.24,0.37,0.33,57,39,49,2024-2025,967.05,1590.39,2557.44,-623.34,10.39,82.15,provisional
2025-2026,ISRAEL,2235.18,1688.57,3923.74,546.61,0.51,0.22,0.32,40,50,50,2024-2025,2145.01,1481.48,3626.49,663.53,4.2,13.98,provisional
2025-2026,PHILIPPINES,2332.31,1568.43,3900.74,763.88,0.53,0.2,0.32,39,53,51,2024-2025,2162.43,1178.4,3340.83,984.03,7.86,33.1,provisional
2025-2026,MOZAMBIQUE,1496.15,2289.46,3785.61,-793.32,0.34,0.3,0.31,45,42,52,2024-2025,1323.39,2097.24,3420.64,-773.85,13.05,9.17,provisional
2025-2026,TOGO,2512.37,851.27,3363.64,1661.09,0.57,0.11,0.28,38,63,53,2024-2025,2522.05,925.13,3447.18,1596.91,-0.38,-7.98,provisional
2025-2026,SWEDEN,1371.1,1967.19,3338.29,-596.09,0.31,0.25,0.27,46,45,54,2024-2025,1262.05,2120.23,3382.28,-858.19,8.64,-7.22,provisional
2025-2026,JORDAN,1165.34,1877.34,3042.68,-712,0.26,0.24,0.25,53,47,55,2024-2025,755.14,1911.6,2666.74,-1156.46,54.32,-1.79,provisional
2025-2026,GUINEA,941.93,1472.08,2414.01,-530.15,0.21,0.19,0.2,67,54,56,2024-2025,901.08,679.96,1581.04,221.12,4.53,116.5,provisional
2025-2026,AUSTRIA,1307.81,1037.31,2345.12,270.51,0.3,0.13,0.19,47,59,57,2024-2025,1405.72,949.09,2354.8,456.63,-6.96,9.3,provisional
2025-2026,HUNGARY,559.22,1700.79,2260,-1141.57,0.13,0.22,0.19,81,49,58,2024-2025,533.65,474.35,1008,59.3,4.79,258.55,provisional
2025-2026,BHUTAN,1245.33,820.51,2065.84,424.83,0.28,0.11,0.17,50,65,59,2024-2025,1263.83,641.71,1905.54,622.11,-1.46,27.86,provisional
2025-2026,DOMINIC REP,411.12,1644.42,2055.54,-1233.31,0.09,0.21,0.17,92,52,60,2024-2025,381.67,730.02,1111.69,-348.35,7.71,125.26,provisional
2025-2026,SENEGAL,1140.35,914.22,2054.57,226.13,0.26,0.12,0.17,55,61,61,2024-2025,1001.1,739.48,1740.58,261.62,13.91,23.63,provisional
2025-2026,MYANMAR,807.7,1149.45,1957.15,-341.74,0.18,0.15,0.16,69,57,62,2024-2025,614.3,1533.95,2148.26,-919.65,31.48,-25.07,provisional
2025-2026,DENMARK,965.93,922.83,1888.76,43.09,0.22,0.12,0.16,63,60,63,2024-2025,871.41,790.75,1662.16,80.67,10.85,16.7,provisional
2025-2026,CZECH REPUBLIC,1006.02,814.4,1820.42,191.63,0.23,0.11,0.15,60,66,64,2024-2025,2062.69,726.49,2789.19,1336.2,-51.23,12.1,provisional
2025-2026,FINLAND,546.9,1139.67,1686.57,-592.77,0.12,0.15,0.14,83,58,65,2024-2025,471.82,838.03,1309.86,-366.21,15.91,35.99,provisional
2025-2026,BAHARAIN IS,778.98,887.76,1666.74,-108.78,0.18,0.11,0.14,74,62,66,2024-2025,797.47,843.44,1640.91,-45.97,-2.32,5.25,provisional
2025-2026,IRAN,1258.69,375.49,1634.17,883.2,0.28,0.05,0.13,49,79,67,2024-2025,1241.15,441.83,1682.98,799.32,1.41,-15.02,provisional
2025-2026,COTE D' IVOIRE,914.01,621.03,1535.04,292.98,0.21,0.08,0.13,68,72,68,2024-2025,989.52,554.55,1544.07,434.97,-7.63,11.99,provisional
2025-2026,ALGERIA,1061.28,358.65,1419.93,702.63,0.24,0.05,0.12,58,80,69,2024-2025,947.04,760.06,1707.09,186.98,12.06,-52.81,provisional
2025-2026,BOLIVIA,55.99,1257.81,1313.8,-1201.82,0.01,0.16,0.11,151,55,70,2024-2025,70.12,369.46,439.58,-299.35,-20.15,240.44,provisional
2025-2026,GREECE,1067.79,212.82,1280.61,854.98,0.24,0.03,0.11,56,97,71,2024-2025,1056.17,382.04,1438.21,674.12,1.1,-44.3,provisional
2025-2026,ROMANIA,974.77,250.7,1225.47,724.07,0.22,0.03,0.1,61,90,72,2024-2025,1036.01,410.17,1446.19,625.84,-5.91,-38.88,provisional
2025-2026,LIBYA,575.38,630.64,1206.03,-55.26,0.13,0.08,0.1,79,71,73,2024-2025,650.37,223.86,874.24,426.51,-11.53,181.71,provisional
2025-2026,NEW ZEALAND,566.51,589.1,1155.62,-22.59,0.13,0.08,0.09,80,74,74,2024-2025,711.1,587.13,1298.23,123.97,-20.33,0.34,provisional
2025-2026,PORTUGAL,947.56,197.97,1145.53,749.6,0.21,0.03,0.09,66,99,75,2024-2025,920.25,205.92,1126.16,714.33,2.97,-3.86,provisional
2025-2026,SUDAN,949.19,178.93,1128.12,770.26,0.21,0.02,0.09,65,102,76,2024-2025,589.03,427.55,1016.58,161.49,61.14,-58.15,provisional
2025-2026,NORWAY,471.88,635.29,1107.17,-163.41,0.11,0.08,0.09,85,70,77,2024-2025,425.01,632.8,1057.82,-207.79,11.03,0.39,provisional
2025-2026,UKRAINE,220.14,851.03,1071.17,-630.9,0.05,0.11,0.09,112,64,78,2024-2025,187.4,1036.88,1224.28,-849.48,17.47,-17.92,provisional
2025-2026,BENIN,954.77,113,1067.77,841.77,0.22,0.01,0.09,64,112,79,2024-2025,1194.98,130.51,1325.49,1064.46,-20.1,-13.42,provisional
2025-2026,SLOVENIA,765.17,298.83,1064,466.34,0.17,0.04,0.09,75,84,80,2024-2025,586.74,259.88,846.62,326.86,30.41,14.99,provisional
2025-2026,DJIBOUTI,970.75,21.42,992.17,949.34,0.22,0,0.08,62,143,81,2024-2025,677.24,18.56,695.8,658.68,43.34,15.38,provisional
2025-2026,YEMEN REPUBLC,805.76,105.65,911.41,700.11,0.18,0.01,0.07,70,115,82,2024-2025,855.7,154.99,1010.69,700.71,-5.84,-31.84,provisional
2025-2026,GABON,98.32,811.99,910.32,-713.67,0.02,0.1,0.07,137,67,83,2024-2025,94.12,315.77,409.89,-221.66,4.47,157.15,provisional
2025-2026,AFGHANISTAN,253.63,654.22,907.85,-400.59,0.06,0.08,0.07,107,68,84,2024-2025,318.91,689.81,1008.72,-370.9,-20.47,-5.16,provisional
2025-2026,CONGO D. REP.,659.34,215.8,875.14,443.54,0.15,0.03,0.07,76,96,85,2024-2025,562.9,443.22,1006.12,119.68,17.13,-51.31,provisional
2025-2026,CONGO P REP,209.2,645.04,854.24,-435.84,0.05,0.08,0.07,115,69,86,2024-2025,178.39,370.19,548.58,-191.8,17.27,74.25,provisional
2025-2026,SOMALIA,789.07,32.77,821.84,756.3,0.18,0,0.07,71,138,87,2024-2025,765.67,35.2,800.87,730.46,3.06,-6.9,provisional
2025-2026,CAMEROON,549.51,225.95,775.46,323.56,0.12,0.03,0.06,82,95,88,2024-2025,596.15,337.4,933.55,258.75,-7.82,-33.03,provisional
2025-2026,MALDIVES,458.71,313.05,771.76,145.67,0.1,0.04,0.06,86,82,89,2024-2025,560.88,118.82,679.69,442.06,-18.22,163.47,provisional
2025-2026,GUATEMALA,656.09,51.92,708.01,604.17,0.15,0.01,0.06,78,130,90,2024-2025,633.93,28.98,662.91,604.95,3.5,79.16,provisional
2025-2026,PAPUA N GNA,73.39,616.31,689.7,-542.92,0.02,0.08,0.06,145,73,91,2024-2025,70.38,363.17,433.55,-292.79,4.27,69.7,provisional
2025-2026,ETHIOPIA,438.15,248.51,686.67,189.64,0.1,0.03,0.06,88,91,92,2024-2025,476.81,73.38,550.2,403.43,-8.11,238.66,provisional
2025-2026,VENEZUELA,210.02,468.92,678.94,-258.9,0.05,0.06,0.06,114,75,93,2024-2025,216.99,1646.71,1863.7,-1429.72,-3.21,-71.52,provisional
2025-2026,UZBEKISTAN,657.91,14.64,672.55,643.28,0.15,0,0.06,77,148,94,2024-2025,517.72,14.69,532.41,503.03,27.08,-0.35,provisional
2025-2026,BOTSWANA,167.53,446.47,613.99,-278.94,0.04,0.06,0.05,121,76,95,2024-2025,173.44,332.9,506.33,-159.46,-3.41,34.12,provisional
2025-2026,NAMIBIA,349.09,243.85,592.93,105.24,0.08,0.03,0.05,94,92,96,2024-2025,327.21,241.19,568.39,86.02,6.69,1.1,provisional
2025-2026,BURKINA FASO,145.74,434.07,579.81,-288.33,0.03,0.06,0.05,125,77,97,2024-2025,144.39,80.43,224.82,63.96,0.93,439.69,provisional
2025-2026,ECUADOR,447.42,126.74,574.16,320.68,0.1,0.02,0.05,87,109,98,2024-2025,316.69,351.84,668.53,-35.15,41.28,-63.98,provisional
2025-2026,MAURITIUS,473.64,99,572.64,374.64,0.11,0.01,0.05,84,117,99,2024-2025,676.49,210.82,887.31,465.68,-29.99,-53.04,provisional
2025-2026,PANAMA REPUBLIC,310.89,242.4,553.29,68.49,0.07,0.03,0.05,100,93,100,2024-2025,287.43,165.88,453.31,121.54,8.16,46.13,provisional
2025-2026,TUNISIA,385.3,151.33,536.63,233.98,0.09,0.02,0.04,93,106,101,2024-2025,377.99,143.72,521.71,234.26,1.94,5.29,provisional
2025-2026,URUGUAY,237.83,289.55,527.37,-51.72,0.05,0.04,0.04,109,86,102,2024-2025,153.29,152.51,305.81,0.78,55.15,89.85,provisional
2025-2026,LITHUANIA,218.66,271.96,490.62,-53.3,0.05,0.04,0.04,113,88,103,2024-2025,258.06,164.33,422.39,93.73,-15.27,65.49,provisional
2025-2026,MADAGASCAR,300.4,185.34,485.74,115.06,0.07,0.02,0.04,103,101,104,2024-2025,268.8,186.94,455.74,81.85,11.76,-0.86,provisional
2025-2026,LATVIA,311.61,164.05,475.66,147.55,0.07,0.02,0.04,99,104,105,2024-2025,235.94,237,472.94,-1.06,32.07,-30.78,provisional
2025-2026,BULGARIA,306.73,167.36,474.09,139.37,0.07,0.02,0.04,101,103,106,2024-2025,230.44,296.69,527.12,-66.25,33.11,-43.59,provisional
2025-2026,UGANDA,430.29,42.33,472.62,387.96,0.1,0.01,0.04,89,134,107,2024-2025,451.5,230.7,682.2,220.8,-4.7,-81.65,provisional
2025-2026,ZAMBIA,229.87,236.38,466.25,-6.51,0.05,0.03,0.04,111,94,108,2024-2025,212.56,167,379.56,45.56,8.14,41.55,provisional
2025-2026,MALTA,415.09,43.87,458.96,371.22,0.09,0.01,0.04,91,133,109,2024-2025,351.09,24.01,375.09,327.08,18.23,82.74,provisional
2025-2026,SIERRA LEONE,419.02,30.96,449.99,388.06,0.09,0,0.04,90,139,110,2024-2025,385.47,22.95,408.42,362.53,8.7,34.93,provisional
2025-2026,SEYCHELLES,83.26,350.39,433.65,-267.13,0.02,0.05,0.04,144,81,111,2024-2025,196.03,150.87,346.9,45.16,-57.52,132.25,provisional
2025-2026,GEORGIA,345.18,87.03,432.21,258.15,0.08,0.01,0.04,95,119,112,2024-2025,288.98,74.66,363.63,214.32,19.45,16.57,provisional
2025-2026,GUYANA,152.75,278.13,430.88,-125.38,0.03,0.04,0.04,123,87,113,2024-2025,92.59,4.34,96.93,88.25,64.98,6307.7,provisional
2025-2026,ARMENIA,305.51,102.26,407.76,203.25,0.07,0.01,0.03,102,116,114,2024-2025,264.51,50.67,315.18,213.84,15.5,101.8,provisional
2025-2026,CAMBODIA,280.27,126.51,406.78,153.76,0.06,0.02,0.03,104,110,115,2024-2025,201.11,97.6,298.71,103.5,39.36,29.61,provisional
2025-2026,LEBANON,318.36,87.36,405.72,231,0.07,0.01,0.03,97,118,116,2024-2025,337.05,85.17,422.21,251.88,-5.54,2.58,provisional
2025-2026,COSTA RICA,250.06,141.43,391.5,108.63,0.06,0.02,0.03,108,107,117,2024-2025,223.87,115,338.87,108.87,11.7,22.98,provisional
2025-2026,LIBERIA,345.15,44.91,390.06,300.25,0.08,0.01,0.03,96,132,118,2024-2025,376.33,20.39,396.73,355.94,-8.28,120.19,provisional
2025-2026,CROATIA,313.31,76.28,389.6,237.03,0.07,0.01,0.03,98,123,119,2024-2025,335.76,76.74,412.5,259.02,-6.69,-0.59,provisional
2025-2026,BRUNEI,65.35,299.18,364.54,-233.83,0.01,0.04,0.03,149,83,120,2024-2025,58.67,128.79,187.47,-70.12,11.38,132.3,provisional
2025-2026,HONDURAS,256.58,83.04,339.61,173.54,0.06,0.01,0.03,106,120,121,2024-2025,274.47,35.31,309.78,239.17,-6.52,135.17,provisional
2025-2026,MALI,128.49,198.12,326.61,-69.63,0.03,0.03,0.03,128,98,122,2024-2025,128.08,82.52,210.6,45.55,0.32,140.08,provisional
2025-2026,SLOVAK REP,235.1,77.8,312.9,157.3,0.05,0.01,0.03,110,122,123,2024-2025,380.38,74.23,454.61,306.16,-38.19,4.81,provisional
2025-2026,PUERTO RICO,130.8,163.17,293.96,-32.37,0.03,0.02,0.02,127,105,124,2024-2025,135.05,267.27,402.31,-132.22,-3.15,-38.95,provisional
2025-2026,GUINEA BISSAU,13.99,265.33,279.32,-251.34,0,0.03,0.02,172,89,125,2024-2025,22.42,181.38,203.79,-158.96,-37.6,46.29,provisional
2025-2026,TURKMENISTAN,91.86,186.3,278.16,-94.44,0.02,0.02,0.02,139,100,126,2024-2025,54.16,162.02,216.18,-107.86,69.6,14.99,provisional
2025-2026,TRINIDAD,149.16,118.57,267.73,30.59,0.03,0.02,0.02,124,111,127,2024-2025,120.65,220.96,341.61,-100.31,23.63,-46.34,provisional
2025-2026,KAZAKHSTAN,185.23,81.65,266.89,103.58,0.04,0.01,0.02,117,121,128,2024-2025,262.98,86.19,349.18,176.79,-29.56,-5.27,provisional
2025-2026,PAKISTAN IR,258.15,0.07,258.22,258.08,0.06,0,0.02,105,205,129,2024-2025,557.78,0.46,558.24,557.33,-53.72,-84.96,provisional
2025-2026,MAURITANIA,160.66,67.39,228.05,93.27,0.04,0.01,0.02,122,128,130,2024-2025,114.83,22.63,137.46,92.2,39.91,197.81,provisional
2025-2026,ESTONIA,109.67,110.11,219.78,-0.44,0.02,0.01,0.02,131,113,131,2024-2025,69.66,115.2,184.86,-45.55,57.45,-4.42,provisional
2025-2026,PARAGUAY,188.22,26.26,214.48,161.96,0.04,0,0.02,116,142,132,2024-2025,180.47,33.41,213.88,147.06,4.29,-21.41,provisional
2025-2026,GAMBIA,137.82,69.23,207.06,68.59,0.03,0.01,0.02,126,126,133,2024-2025,116.16,45.04,161.2,71.11,18.65,53.71,provisional
2025-2026,EL SALVADOR,184.42,3.9,188.32,180.52,0.04,0,0.02,118,162,134,2024-2025,149.09,3.79,152.88,145.3,23.7,2.87,provisional
2025-2026,NICARAGUA,180.22,5.91,186.13,174.3,0.04,0,0.02,119,156,135,2024-2025,159.33,23.98,183.3,135.35,13.11,-75.33,provisional
2025-2026,ZIMBABWE,172.56,9.59,182.15,162.96,0.04,0,0.01,120,153,136,2024-2025,149.31,17.68,166.98,131.63,15.57,-45.74,provisional
2025-2026,SERBIA,120.4,47.07,167.47,73.33,0.03,0.01,0.01,130,131,137,2024-2025,100,24.69,124.69,75.31,20.4,90.63,provisional
2025-2026,NIGER,87.5,71.89,159.39,15.62,0.02,0.01,0.01,142,124,138,2024-2025,72.68,32.92,105.6,39.75,20.4,118.35,provisional
2025-2026,CYPRUS,89.34,68.39,157.73,20.95,0.02,0.01,0.01,140,127,139,2024-2025,89.92,48.82,138.74,41.1,-0.65,40.08,provisional
2025-2026,EQUTL GUINEA,23.82,129.46,153.28,-105.64,0.01,0.02,0.01,166,108,140,2024-2025,19.18,444.14,463.32,-424.96,24.2,-70.85,provisional
2025-2026,HAITI,126.49,16.45,142.94,110.04,0.03,0,0.01,129,147,141,2024-2025,89.03,8.54,97.57,80.48,42.08,92.52,provisional
2025-2026,LUXEMBOURG,26.45,110.09,136.54,-83.64,0.01,0.01,0.01,162,114,142,2024-2025,49.9,96.02,145.92,-46.12,-47,14.66,provisional
2025-2026,BELARUS,71.79,55.36,127.15,16.43,0.02,0.01,0.01,146,129,143,2024-2025,69.33,37.17,106.5,32.16,3.55,48.94,provisional
2025-2026,SYRIA,104.04,21.37,125.42,82.67,0.02,0,0.01,132,144,144,2024-2025,63.71,16.18,79.89,47.53,63.32,32.08,provisional
2025-2026,MALAWI,83.36,41.85,125.21,41.51,0.02,0.01,0.01,143,135,145,2024-2025,94.56,76.08,170.64,18.49,-11.85,-44.99,provisional
2025-2026,CHAD,102.64,21.23,123.87,81.4,0.02,0,0.01,133,145,146,2024-2025,81.27,23.1,104.37,58.17,26.29,-8.09,provisional
2025-2026,RWANDA,100.31,11.73,112.04,88.58,0.02,0,0.01,135,151,147,2024-2025,98.74,13.69,112.44,85.05,1.59,-14.33,provisional
2025-2026,JAMAICA,102.21,3.55,105.77,98.66,0.02,0,0.01,134,163,148,2024-2025,93.01,8.69,101.7,84.32,9.9,-59.1,provisional
2025-2026,MONTENEGRO,99.11,1.52,100.62,97.59,0.02,0,0.01,136,178,149,2024-2025,124.67,1.75,126.42,122.92,-20.51,-13.06,provisional
2025-2026,FIJI IS,96.26,2.56,98.81,93.7,0.02,0,0.01,138,169,150,2024-2025,84.67,1.54,86.21,83.12,13.69,65.78,provisional
2025-2026,LAO PD RP,25.65,71.51,97.16,-45.86,0.01,0.01,0.01,163,125,151,2024-2025,12.52,11.63,24.15,0.89,104.93,514.76,provisional
2025-2026,ALBANIA,88.23,4.78,93.01,83.44,0.02,0,0.01,141,159,152,2024-2025,77.36,6.9,84.26,70.47,14.04,-30.63,provisional
2025-2026,COMOROS,45.9,40.34,86.25,5.56,0.01,0.01,0.01,154,137,153,2024-2025,36.93,13.84,50.77,23.09,24.3,191.5,provisional
2025-2026,REUNION,54.76,29.14,83.9,25.61,0.01,0,0.01,152,141,154,2024-2025,49.04,28.88,77.92,20.16,11.65,0.92,provisional
2025-2026,SOUTH SUDAN,31.61,41.29,72.9,-9.69,0.01,0.01,0.01,157,136,155,2024-2025,21.26,0.15,21.41,21.11,48.67,27755.86,provisional
2025-2026,ICELAND,69.21,3.3,72.51,65.91,0.02,0,0.01,147,164,156,2024-2025,66.01,11.05,77.06,54.95,4.86,-70.15,provisional
2025-2026,AZERBAIJAN,67.71,1.84,69.55,65.86,0.02,0,0.01,148,174,157,2024-2025,93.97,2.21,96.18,91.75,-27.95,-16.68,provisional
2025-2026,TAJIKISTAN,58.12,0.79,58.91,57.33,0.01,0,0,150,189,158,2024-2025,45.68,0,45.68,45.67,27.25,115714.89,provisional
2025-2026,KYRGHYZSTAN,44.56,13.89,58.45,30.67,0.01,0,0,155,149,159,2024-2025,46.26,7.43,53.7,38.83,-3.68,86.87,provisional
2025-2026,TIMOR LESTE,51.97,0.23,52.2,51.74,0.01,0,0,153,199,160,2024-2025,38.41,0.01,38.42,38.41,35.29,4477.97,provisional
2025-2026,SURINAME,26.69,20.98,47.67,5.71,0.01,0,0,161,146,161,2024-2025,28.55,32.8,61.34,-4.25,-6.5,-36.02,provisional
2025-2026,NEW CALEDONIA,8.3,29.63,37.93,-21.33,0,0,0,180,140,162,2024-2025,5.82,7.07,12.89,-1.25,42.53,319.02,provisional
2025-2026,MONGOLIA,35.76,1.13,36.89,34.63,0.01,0,0,156,183,163,2024-2025,26.46,0.11,26.57,26.35,35.16,923.27,provisional
2025-2026,NETHERLANDANTIL,29.25,4.55,33.8,24.69,0.01,0,0,160,160,164,2024-2025,21.68,3.75,25.44,17.93,34.89,21.3,provisional
2025-2026,MACEDONIA,31.17,1.36,32.52,29.81,0.01,0,0,158,179,165,2024-2025,33.73,2.01,35.74,31.72,-7.59,-32.38,provisional
2025-2026,BURUNDI,29.42,1.02,30.44,28.39,0.01,0,0,159,186,166,2024-2025,29.37,1.22,30.59,28.15,0.15,-16.22,provisional
2025-2026,BOSNIA-HRZGOVIN,24.17,2.67,26.84,21.51,0.01,0,0,165,168,167,2024-2025,17.33,6.81,24.14,10.53,39.46,-60.79,provisional
2025-2026,BARBADOS,25.58,1.07,26.65,24.5,0.01,0,0,164,185,168,2024-2025,27.61,1.6,29.21,26,-7.35,-32.93,provisional
2025-2026,CUBA,18.79,5.52,24.31,13.28,0,0,0,167,157,169,2024-2025,15.27,3.19,18.46,12.08,23.06,72.71,provisional
2025-2026,BAHAMAS,16.38,7.42,23.8,8.96,0,0,0,169,154,170,2024-2025,11.47,6.08,17.56,5.39,42.77,22.02,provisional
2025-2026,SWAZILAND,11.81,11.89,23.7,-0.08,0,0,0,175,150,171,2024-2025,18.57,33.61,52.18,-15.04,-36.42,-64.63,provisional
2025-2026,VIRGIN IS US,18.34,0.31,18.65,18.02,0,0,0,168,195,172,2024-2025,4.73,0.24,4.97,4.5,287.55,32.44,provisional
2025-2026,BELIZE,16.08,1.22,17.3,14.86,0,0,0,170,181,173,2024-2025,13.16,0.77,13.92,12.39,22.2,59.31,provisional
2025-2026,CAYMAN IS,15.09,0.05,15.14,15.04,0,0,0,171,207,174,2024-2025,136.93,79.63,216.57,57.3,-88.98,-99.93,provisional
2025-2026,FR POLYNESIA,13.23,0.82,14.04,12.41,0,0,0,173,188,175,2024-2025,12.52,0.3,12.82,12.23,5.63,176.49,provisional
2025-2026,ARUBA,11.92,1.26,13.18,10.67,0,0,0,174,180,176,2024-2025,11.84,0.63,12.47,11.21,0.7,98.67,provisional
2025-2026,MACAO,1.93,9.62,11.55,-7.69,0,0,0,197,152,177,2024-2025,1.42,39.43,40.85,-38.01,36.13,-75.61,provisional
2025-2026,ST LUCIA,9.04,2.27,11.31,6.77,0,0,0,178,171,178,2024-2025,10.23,1.59,11.82,8.64,-11.62,42.74,provisional
2025-2026,MOLDOVA,10.86,0.31,11.17,10.55,0,0,0,176,194,179,2024-2025,10.39,1.2,11.59,9.19,4.49,-74.41,provisional
2025-2026,C AFRI REP,10.76,0.3,11.06,10.46,0,0,0,177,196,180,2024-2025,11.85,131.54,143.38,-119.69,-9.18,-99.77,provisional
2025-2026,MONACO,8.26,2.5,10.75,5.76,0,0,0,181,170,181,2024-2025,6.97,2.2,9.17,4.77,18.43,13.46,provisional
2025-2026,MAYOTTE,7.64,2.01,9.65,5.63,0,0,0,183,173,182,2024-2025,7.56,1.54,9.09,6.02,1.04,30.87,provisional
2025-2026,CAPE VERDE IS,4.16,5.27,9.44,-1.11,0,0,0,192,158,183,2024-2025,3.6,5.05,8.65,-1.45,15.55,4.44,provisional
2025-2026,LESOTHO,8.33,0.14,8.47,8.19,0,0,0,179,203,184,2024-2025,10.3,0.98,11.28,9.33,-19.15,-85.95,provisional
2025-2026,MARTINIQUE,6.88,1.17,8.05,5.71,0,0,0,184,182,185,2024-2025,4.83,0.51,5.34,4.32,42.43,129.68,provisional
2025-2026,DOMINICA,7.74,0.2,7.94,7.54,0,0,0,182,200,186,2024-2025,6.59,0.4,6.99,6.19,17.48,-49.85,provisional
2025-2026,US MINOR OUTLYING ISLANDS,0.76,6.57,7.33,-5.81,0,0,0,205,155,187,2024-2025,0.59,0.27,0.86,0.32,28.22,2315.58,provisional
2025-2026,BERMUDA,6.87,0.01,6.87,6.86,0,0,0,185,213,188,2024-2025,4.71,0.03,4.74,4.68,45.85,-74.47,provisional
2025-2026,ST KITT N A,6.25,0.56,6.81,5.68,0,0,0,186,191,189,2024-2025,2.73,0.09,2.82,2.65,128.57,562.1,provisional
2025-2026,GRENADA,5.88,0.74,6.62,5.13,0,0,0,187,190,190,2024-2025,4.45,0.29,4.74,4.17,31.93,158.14,provisional
2025-2026,GUADELOUPE,4.42,1.56,5.98,2.86,0,0,0,190,177,191,2024-2025,5.29,0.74,6.03,4.54,-16.29,110.47,provisional
2025-2026,VANUATU REP,5.03,0.89,5.91,4.14,0,0,0,188,187,192,2024-2025,3.75,0.58,4.33,3.17,34.12,52.72,provisional
2025-2026,SAN MARINO,2.5,3.26,5.76,-0.76,0,0,0,196,165,193,2024-2025,3.57,0.11,3.68,3.45,-29.93,2738.86,provisional
2025-2026,SAMOA,1.2,4.28,5.49,-3.08,0,0,0,202,161,194,2024-2025,1.71,3.7,5.41,-2,-29.38,15.67,provisional
2025-2026,ANTIGUA,4.91,0.16,5.07,4.75,0,0,0,189,202,195,2024-2025,4.76,0.78,5.54,3.99,3.07,-79.14,provisional
2025-2026,KOREA DP RP,4.19,0.52,4.71,3.68,0,0,0,191,192,196,2024-2025,0,0,0,0,,,provisional
2025-2026,SOLOMON IS,4.15,0.02,4.17,4.12,0,0,0,193,210,197,2024-2025,2.56,13.56,16.12,-11,61.76,-99.82,provisional
2025-2026,FR GUIANA,2.98,1.09,4.07,1.89,0,0,0,195,184,198,2024-2025,1.51,0.7,2.21,0.81,97.19,56.5,provisional
2025-2026,MARSHALL ISLAND,0.61,3.16,3.77,-2.54,0,0,0,208,166,199,2024-2025,2.84,6.83,9.67,-3.99,-78.37,-53.77,provisional
2025-2026,FAROE IS.,3.57,0,3.57,3.57,0,0,0,194,217,200,2024-2025,0,0,0,0,,,provisional
2025-2026,BR VIRGN IS,1.41,2.06,3.47,-0.66,0,0,0,199,172,201,2024-2025,1.97,3.83,5.81,-1.86,-28.81,-46.22,provisional
2025-2026,LIECHTENSTEIN,0.61,2.76,3.37,-2.14,0,0,0,207,167,202,2024-2025,0.41,1.82,2.22,-1.41,51.43,51.54,provisional
2025-2026,ANTARTICA,0.26,1.58,1.84,-1.32,0,0,0,211,176,203,2024-2025,0.26,0.29,0.55,-0.03,0.64,445.67,provisional
2025-2026,NAURU RP,0.01,1.81,1.82,-1.8,0,0,0,216,175,204,2024-2025,0.04,0.06,0.1,-0.02,-73.11,2765.74,provisional
2025-2026,TURKS C IS,1.52,0.19,1.71,1.32,0,0,0,198,201,205,2024-2025,1.72,0.32,2.03,1.4,-11.68,-40.28,provisional
2025-2026,AMERI SAMOA,1.35,0.01,1.36,1.34,0,0,0,200,212,206,2024-2025,2.46,0.01,2.47,2.44,-45.19,-39.33,provisional
2025-2026,GIBRALTAR,1.32,0,1.32,1.32,0,0,0,201,218,207,2024-2025,26.67,0.11,26.78,26.55,-95.05,-99.82,provisional
2025-2026,NORFOLK IS,0.81,0.24,1.05,0.57,0,0,0,204,198,208,2024-2025,0.8,0.34,1.14,0.46,1.63,-30.26,provisional
2025-2026,ANDORRA,0.74,0.25,1,0.49,0,0,0,206,197,209,2024-2025,0.26,0.07,0.33,0.2,181.49,275.39,provisional
2025-2026,SAO TOME,0.91,0,0.91,0.91,0,0,0,203,223,210,2024-2025,0,0,0,0,,,provisional
2025-2026,N. MARIANA IS.,0.14,0.37,0.51,-0.22,0,0,0,214,193,211,2024-2025,0,0,0,0,,,provisional
2025-2026,VATICAN CITY,0.41,0.07,0.47,0.34,0,0,0,209,206,212,2024-2025,0,0,0,0,,,provisional
2025-2026,ANGUILLA,0.34,0.04,0.38,0.3,0,0,0,210,208,213,2024-2025,0.21,0.13,0.34,0.09,59.55,-69.59,provisional
2025-2026,COOK IS,0.26,0.03,0.28,0.23,0,0,0,212,209,214,2024-2025,0,0,0,0,,,provisional
2025-2026,GREENLAND,0.24,0.01,0.25,0.22,0,0,0,213,214,215,2024-2025,0,0,0,0,,,provisional
2025-2026,TOKELAU IS,0.1,0.08,0.18,0.02,0,0,0,215,204,216,2024-2025,0.05,0.03,0.09,0.02,85.82,149.38,provisional
2025-2026,ST HELENA,0.01,0.02,0.03,-0.01,0,0,0,217,211,217,2024-2025,0.13,0.02,0.14,0.11,-93.38,11.34,provisional
2025-2026,CHRISTMAS IS.,0,0,0,0,0,0,0,218,215,218,2024-2025,0.02,0.06,0.08,-0.04,,,provisional
2025-2026,COCOS IS,0,0,0,0,0,0,0,219,216,219,2024-2025,0.06,0.03,0.09,0.03,,,provisional
2025-2026,GUAM,0,0,0,0,0,0,0,220,219,220,2024-2025,1.21,0.01,1.23,1.2,,,provisional
2025-2026,KIRIBATI REP,0,0,0,0,0,0,0,221,220,221,2024-2025,3.89,0.02,3.91,3.87,,,provisional
2025-2026,MICRONESIA,0,0,0,0,0,0,0,222,221,222,2024-2025,0.81,0,0.81,0.81,,,provisional
2025-2026,PITCAIRN IS.,0,0,0,0,0,0,0,223,222,223,2024-2025,0,0.01,0.02,-0.01,,,provisional
2025-2026,ST VINCENT,0,0,0,0,0,0,0,224,224,224,2024-2025,3.28,0.15,3.43,3.14,,,provisional
2025-2026,STATE OF PALEST,0,0,0,0,0,0,0,225,225,225,2024-2025,0.02,0.04,0.06,-0.02,,,provisional
