hscode,production_stage,attribution_reason,reviewer,review_date,confidence,dominant_use_rationale,mixed_use_flag,evidence_note
0202,finished product,"Packaged food, beverage, or prepared consumer product (MEAT OF BOVINE ANIMALS, FROZEN) formulated for direct retail and food-service distribution.",Methodology Team,2026-07-22,4,"Packaged food, beverage, or prepared consumer product (MEAT OF BOVINE ANIMALS, FROZEN) formulated for direct retail and food-service distribution.",false,"Prepared foodstuff and finished consumable item distributed directly to retail, commercial, and hospitality markets."
0306,finished product,"Packaged food, beverage, or prepared consumer product (CRSTCN, CRSTCN CKD BY STMNG/BLNG WTR, W/N SHL,LIVE,FRSH,CHLD,FRZN,DRD,SLTD/IN BRINE;SMKD CRSTCN,W/N SHL,W/N CKD IN SMKNG) formulated for direct retail and food-service distribution.",Methodology Team,2026-07-22,4,"Packaged food, beverage, or prepared consumer product (CRSTCN, CRSTCN CKD BY STMNG/BLNG WTR, W/N SHL,LIVE,FRSH,CHLD,FRZN,DRD,SLTD/IN BRINE;SMKD CRSTCN,W/N SHL,W/N CKD IN SMKNG) formulated for direct retail and food-service distribution.",false,"Prepared foodstuff and finished consumable item distributed directly to retail, commercial, and hospitality markets."
0307,finished product,"Packaged food, beverage, or prepared consumer product (MOLUSCS W/N IN SHL ,LIVE,FRSH,CHLD,FRZN,DRIED,SLTD/INBRINE;SMKD MOLUSCS W/N IN SHL,W/N CKD BEFORE OR DURING SMKNG PROCSS) formulated for direct retail and food-service distribution.",Methodology Team,2026-07-22,4,"Packaged food, beverage, or prepared consumer product (MOLUSCS W/N IN SHL ,LIVE,FRSH,CHLD,FRZN,DRIED,SLTD/INBRINE;SMKD MOLUSCS W/N IN SHL,W/N CKD BEFORE OR DURING SMKNG PROCSS) formulated for direct retail and food-service distribution.",false,"Prepared foodstuff and finished consumable item distributed directly to retail, commercial, and hospitality markets."
0713,agricultural commodity,"Primary harvested agricultural crop, farm produce, or unrefined natural commodity (DRID LEGUMINOUS VEG SHLD W/N SKINNED/SPLIT) traded in bulk agricultural markets.",Methodology Team,2026-07-22,4,"Primary harvested agricultural crop, farm produce, or unrefined natural commodity (DRID LEGUMINOUS VEG SHLD W/N SKINNED/SPLIT) traded in bulk agricultural markets.",false,Primary farm commodity and raw agricultural harvest supplying food processing plants and commodity trade networks.
0801,agricultural commodity,"Primary harvested agricultural crop, farm produce, or unrefined natural commodity (COCONUTS, BRAZIL NUTS AND CASHEW NUTS, FRESH OR DRIED, WHETHER OR NOT SHELLED OR PEELED) traded in bulk agricultural markets.",Methodology Team,2026-07-22,4,"Primary harvested agricultural crop, farm produce, or unrefined natural commodity (COCONUTS, BRAZIL NUTS AND CASHEW NUTS, FRESH OR DRIED, WHETHER OR NOT SHELLED OR PEELED) traded in bulk agricultural markets.",false,Primary farm commodity and raw agricultural harvest supplying food processing plants and commodity trade networks.
0802,agricultural commodity,"Primary harvested agricultural crop, farm produce, or unrefined natural commodity (OTHER NUTS, FRESH OR DRIED, WHETHER OR NOT SHELLED OR PEELED) traded in bulk agricultural markets.",Methodology Team,2026-07-22,4,"Primary harvested agricultural crop, farm produce, or unrefined natural commodity (OTHER NUTS, FRESH OR DRIED, WHETHER OR NOT SHELLED OR PEELED) traded in bulk agricultural markets.",false,Primary farm commodity and raw agricultural harvest supplying food processing plants and commodity trade networks.
0901,agricultural commodity,"Primary harvested agricultural crop, farm produce, or unrefined natural commodity (COFFEE, WHETHER OR NOT ROASTED OR DACAFFEINATED; COFFEE HUSKS AND SKINS; COFFEE SUBSTITUTES CONTAINING COFFEE) traded in bulk agricultural markets.",Methodology Team,2026-07-22,4,"Primary harvested agricultural crop, farm produce, or unrefined natural commodity (COFFEE, WHETHER OR NOT ROASTED OR DACAFFEINATED; COFFEE HUSKS AND SKINS; COFFEE SUBSTITUTES CONTAINING COFFEE) traded in bulk agricultural markets.",false,Primary farm commodity and raw agricultural harvest supplying food processing plants and commodity trade networks.
0902,agricultural commodity,"Primary harvested agricultural crop, farm produce, or unrefined natural commodity (TEA) traded in bulk agricultural markets.",Methodology Team,2026-07-22,4,"Primary harvested agricultural crop, farm produce, or unrefined natural commodity (TEA) traded in bulk agricultural markets.",false,Primary farm commodity and raw agricultural harvest supplying food processing plants and commodity trade networks.
0904,agricultural commodity,"Primary harvested agricultural crop, farm produce, or unrefined natural commodity (PEPPER OF THE GENUS PIPER; DRIED OR CRUSHED OR GROUND FRUITS OF THE GENUS CAPSICUM OR OF THE GENUS PIMENTA PEP) traded in bulk agricultural markets.",Methodology Team,2026-07-22,4,"Primary harvested agricultural crop, farm produce, or unrefined natural commodity (PEPPER OF THE GENUS PIPER; DRIED OR CRUSHED OR GROUND FRUITS OF THE GENUS CAPSICUM OR OF THE GENUS PIMENTA PEP) traded in bulk agricultural markets.",false,Primary farm commodity and raw agricultural harvest supplying food processing plants and commodity trade networks.
1006,agricultural commodity,"Primary harvested agricultural crop, farm produce, or unrefined natural commodity (RICE) traded in bulk agricultural markets.",Methodology Team,2026-07-22,4,"Primary harvested agricultural crop, farm produce, or unrefined natural commodity (RICE) traded in bulk agricultural markets.",false,Primary farm commodity and raw agricultural harvest supplying food processing plants and commodity trade networks.
1302,agricultural commodity,Dual-use item (VEG SAPS AND EXTRCTS;PECTC SUBSTNCS PECTNATSPECTTS;AGAR) utilized both as an industrial intermediate input and as a finished equipment/consumer good across diverse sectors.,Methodology Team,2026-07-22,4,Dual-use item (VEG SAPS AND EXTRCTS;PECTC SUBSTNCS PECTNATSPECTTS;AGAR) utilized both as an industrial intermediate input and as a finished equipment/consumer good across diverse sectors.,true,Empirical trade flows indicate dual sourcing for both industrial assembly lines and direct commercial or consumer end markets.
1507,agricultural commodity,"Primary harvested agricultural crop, farm produce, or unrefined natural commodity (SOYA BEAN OIL AND ITS FRACTNS W/N REFIND BUT NOT CHEMICALLY MODIFIED) traded in bulk agricultural markets.",Methodology Team,2026-07-22,4,"Primary harvested agricultural crop, farm produce, or unrefined natural commodity (SOYA BEAN OIL AND ITS FRACTNS W/N REFIND BUT NOT CHEMICALLY MODIFIED) traded in bulk agricultural markets.",false,Primary farm commodity and raw agricultural harvest supplying food processing plants and commodity trade networks.
1511,agricultural commodity,"Primary harvested agricultural crop, farm produce, or unrefined natural commodity (PALM OIL AND ITS FRACTIONS, WHETHER OR NOT REFINED, BUT NOT CHEMICALLY MODIFIED) traded in bulk agricultural markets.",Methodology Team,2026-07-22,4,"Primary harvested agricultural crop, farm produce, or unrefined natural commodity (PALM OIL AND ITS FRACTIONS, WHETHER OR NOT REFINED, BUT NOT CHEMICALLY MODIFIED) traded in bulk agricultural markets.",false,Primary farm commodity and raw agricultural harvest supplying food processing plants and commodity trade networks.
1512,agricultural commodity,"Primary harvested agricultural crop, farm produce, or unrefined natural commodity (SUNFLOWER SEED, SAFFLOWER OR COTTON SEED OIL AND THEIR FRACTIONS THEREOF, WHETHER OR NOT REFINED, BUT NOT CHEMICALLY M) traded in bulk agricultural markets.",Methodology Team,2026-07-22,4,"Primary harvested agricultural crop, farm produce, or unrefined natural commodity (SUNFLOWER SEED, SAFFLOWER OR COTTON SEED OIL AND THEIR FRACTIONS THEREOF, WHETHER OR NOT REFINED, BUT NOT CHEMICALLY M) traded in bulk agricultural markets.",false,Primary farm commodity and raw agricultural harvest supplying food processing plants and commodity trade networks.
1515,agricultural commodity,"Primary harvested agricultural crop, farm produce, or unrefined natural commodity (OTHR FIXD VEGETABLE OR MICROBIAL FATS AND OILS(INCL JOJOBA OIL)AND THEIR FRCTNS,WHTHR OR NOT REFND,BUT NOT CHEMCLY MODFD) traded in bulk agricultural markets.",Methodology Team,2026-07-22,4,"Primary harvested agricultural crop, farm produce, or unrefined natural commodity (OTHR FIXD VEGETABLE OR MICROBIAL FATS AND OILS(INCL JOJOBA OIL)AND THEIR FRCTNS,WHTHR OR NOT REFND,BUT NOT CHEMCLY MODFD) traded in bulk agricultural markets.",false,Primary farm commodity and raw agricultural harvest supplying food processing plants and commodity trade networks.
1701,agricultural commodity,"Primary harvested agricultural crop, farm produce, or unrefined natural commodity (CANE/BEET SUGR CHMCLY PURE SUCRSE IN SOLID) traded in bulk agricultural markets.",Methodology Team,2026-07-22,4,"Primary harvested agricultural crop, farm produce, or unrefined natural commodity (CANE/BEET SUGR CHMCLY PURE SUCRSE IN SOLID) traded in bulk agricultural markets.",false,Primary farm commodity and raw agricultural harvest supplying food processing plants and commodity trade networks.
2101,finished product,"Packaged food, beverage, or prepared consumer product (EXTRTS ESSNCS AND CNCNTRTS OF COFFE TEA/ MATEAND THR PRPN;RSTD CHICORY AND OTHR RSTD COFFE SUBSTITUTS,EXTRCTS,ESSNC) formulated for direct retail and food-service distribution.",Methodology Team,2026-07-22,4,"Packaged food, beverage, or prepared consumer product (EXTRTS ESSNCS AND CNCNTRTS OF COFFE TEA/ MATEAND THR PRPN;RSTD CHICORY AND OTHR RSTD COFFE SUBSTITUTS,EXTRCTS,ESSNC) formulated for direct retail and food-service distribution.",false,"Prepared foodstuff and finished consumable item distributed directly to retail, commercial, and hospitality markets."
2106,finished product,Dual-use item (OTHR FOOD PREPRNS N.E.S.) utilized both as an industrial intermediate input and as a finished equipment/consumer good across diverse sectors.,Methodology Team,2026-07-22,4,Dual-use item (OTHR FOOD PREPRNS N.E.S.) utilized both as an industrial intermediate input and as a finished equipment/consumer good across diverse sectors.,true,Empirical trade flows indicate dual sourcing for both industrial assembly lines and direct commercial or consumer end markets.
2401,finished product,"Packaged food, beverage, or prepared consumer product (UNMANUFACTURED TOBACCO; TOBACCO REFUSE) formulated for direct retail and food-service distribution.",Methodology Team,2026-07-22,4,"Packaged food, beverage, or prepared consumer product (UNMANUFACTURED TOBACCO; TOBACCO REFUSE) formulated for direct retail and food-service distribution.",false,"Prepared foodstuff and finished consumable item distributed directly to retail, commercial, and hospitality markets."
2503,raw material,"Unprocessed mineral ore or crude geological substance (SULPHUR OF ALL KINDS, OTHER THAN SUBLIMED SULPHUR, PRECIPITATED SULPHUR AND COLLODIAL SULPHUR) extracted for industrial smelting or chemical refining.",Methodology Team,2026-07-22,4,"Unprocessed mineral ore or crude geological substance (SULPHUR OF ALL KINDS, OTHER THAN SUBLIMED SULPHUR, PRECIPITATED SULPHUR AND COLLODIAL SULPHUR) extracted for industrial smelting or chemical refining.",false,Mineral feedstock imported or exported in bulk as primary raw material for metallurgical and fertilizer manufacturing.
2510,raw material,"Unprocessed mineral ore or crude geological substance (NATRL CALCIUM PHOSPHATES,NATRL ALMNM CALCIUM PHOSPHATES AND PHOSPHATIC CHALK) extracted for industrial smelting or chemical refining.",Methodology Team,2026-07-22,4,"Unprocessed mineral ore or crude geological substance (NATRL CALCIUM PHOSPHATES,NATRL ALMNM CALCIUM PHOSPHATES AND PHOSPHATIC CHALK) extracted for industrial smelting or chemical refining.",false,Mineral feedstock imported or exported in bulk as primary raw material for metallurgical and fertilizer manufacturing.
2601,raw material,"Unprocessed mineral ore or crude geological substance (IRON ORES AND CONCENTRATES, INCLUDING ROASTED IRON PYRITES IRON ORES AND CONCENTRATES, OTHER THAN ROASTED IRO) extracted for industrial smelting or chemical refining.",Methodology Team,2026-07-22,4,"Unprocessed mineral ore or crude geological substance (IRON ORES AND CONCENTRATES, INCLUDING ROASTED IRON PYRITES IRON ORES AND CONCENTRATES, OTHER THAN ROASTED IRO) extracted for industrial smelting or chemical refining.",false,Mineral feedstock imported or exported in bulk as primary raw material for metallurgical and fertilizer manufacturing.
2602,raw material,Unprocessed mineral ore or crude geological substance (MN ORES AND CONCENTRATS INCLDNG FERRUGINS MN ORS AND CONCNTRTS WTH MN CNTNT 20 PERCNTOR MORE CALCULTED ON THE DRY WEI) extracted for industrial smelting or chemical refining.,Methodology Team,2026-07-22,4,Unprocessed mineral ore or crude geological substance (MN ORES AND CONCENTRATS INCLDNG FERRUGINS MN ORS AND CONCNTRTS WTH MN CNTNT 20 PERCNTOR MORE CALCULTED ON THE DRY WEI) extracted for industrial smelting or chemical refining.,false,Mineral feedstock imported or exported in bulk as primary raw material for metallurgical and fertilizer manufacturing.
2603,raw material,Unprocessed mineral ore or crude geological substance (COPPER ORES AND CONCERTRATES) extracted for industrial smelting or chemical refining.,Methodology Team,2026-07-22,4,Unprocessed mineral ore or crude geological substance (COPPER ORES AND CONCERTRATES) extracted for industrial smelting or chemical refining.,false,Mineral feedstock imported or exported in bulk as primary raw material for metallurgical and fertilizer manufacturing.
2701,energy input,Dual-use item (COAL BRIQUETTES OVOIDS AND SIMILAR SOLID FUELS MANUFACTURED FROM COAL) utilized both as an industrial intermediate input and as a finished equipment/consumer good across diverse sectors.,Methodology Team,2026-07-22,4,Dual-use item (COAL BRIQUETTES OVOIDS AND SIMILAR SOLID FUELS MANUFACTURED FROM COAL) utilized both as an industrial intermediate input and as a finished equipment/consumer good across diverse sectors.,true,Empirical trade flows indicate dual sourcing for both industrial assembly lines and direct commercial or consumer end markets.
2704,energy input,"Primary fuel, refined petroleum, or energetic feedstock (COKE AND SEMI) consumed in power generation, transportation, and thermal industrial processes.",Methodology Team,2026-07-22,4,"Primary fuel, refined petroleum, or energetic feedstock (COKE AND SEMI) consumed in power generation, transportation, and thermal industrial processes.",false,"Combustible energy input and refined fuel supplying national grid generation, transport networks, and industrial heating."
2707,energy input,"Primary fuel, refined petroleum, or energetic feedstock (OILS AND OTHER PRODUCTS OF THE DISTILLATION OF HIGH TEMPERATURE COAL TAR SIMILAR PRODUCTS IN WHICH THE WEIGHT) consumed in power generation, transportation, and thermal industrial processes.",Methodology Team,2026-07-22,4,"Primary fuel, refined petroleum, or energetic feedstock (OILS AND OTHER PRODUCTS OF THE DISTILLATION OF HIGH TEMPERATURE COAL TAR SIMILAR PRODUCTS IN WHICH THE WEIGHT) consumed in power generation, transportation, and thermal industrial processes.",false,"Combustible energy input and refined fuel supplying national grid generation, transport networks, and industrial heating."
2709,energy input,"Primary fuel, refined petroleum, or energetic feedstock (PETROLEUM OILS AND OILS OBTAINED FROM BITUMINOUS MINERALS, CRUDE) consumed in power generation, transportation, and thermal industrial processes.",Methodology Team,2026-07-22,4,"Primary fuel, refined petroleum, or energetic feedstock (PETROLEUM OILS AND OILS OBTAINED FROM BITUMINOUS MINERALS, CRUDE) consumed in power generation, transportation, and thermal industrial processes.",false,"Combustible energy input and refined fuel supplying national grid generation, transport networks, and industrial heating."
2710,energy input,Dual-use item (PETROLEUM OILSAND OILS OBTND FRM BITMNS MNRLOTHER THAN CRUDE PRPN NES;CNTNG70% OR MOREBY WEIGHT OF THESE OILS) utilized both as an industrial intermediate input and as a finished equipment/consumer good across diverse sectors.,Methodology Team,2026-07-22,4,Dual-use item (PETROLEUM OILSAND OILS OBTND FRM BITMNS MNRLOTHER THAN CRUDE PRPN NES;CNTNG70% OR MOREBY WEIGHT OF THESE OILS) utilized both as an industrial intermediate input and as a finished equipment/consumer good across diverse sectors.,true,Empirical trade flows indicate dual sourcing for both industrial assembly lines and direct commercial or consumer end markets.
2711,energy input,Dual-use item (PETRLM GASES AND OTHR GASEOUS HYDRCRBNS) utilized both as an industrial intermediate input and as a finished equipment/consumer good across diverse sectors.,Methodology Team,2026-07-22,4,Dual-use item (PETRLM GASES AND OTHR GASEOUS HYDRCRBNS) utilized both as an industrial intermediate input and as a finished equipment/consumer good across diverse sectors.,true,Empirical trade flows indicate dual sourcing for both industrial assembly lines and direct commercial or consumer end markets.
2713,energy input,"Primary fuel, refined petroleum, or energetic feedstock (PETROLM COKE PETROLM BITUMN AND OTHR RESDUS OF PETRLM OILS/OILS OBTND FRM BITMNS MNRLS) consumed in power generation, transportation, and thermal industrial processes.",Methodology Team,2026-07-22,4,"Primary fuel, refined petroleum, or energetic feedstock (PETROLM COKE PETROLM BITUMN AND OTHR RESDUS OF PETRLM OILS/OILS OBTND FRM BITMNS MNRLS) consumed in power generation, transportation, and thermal industrial processes.",false,"Combustible energy input and refined fuel supplying national grid generation, transport networks, and industrial heating."
2716,energy input,"Primary fuel, refined petroleum, or energetic feedstock (ELECTRICAL ENERGY) consumed in power generation, transportation, and thermal industrial processes.",Methodology Team,2026-07-22,4,"Primary fuel, refined petroleum, or energetic feedstock (ELECTRICAL ENERGY) consumed in power generation, transportation, and thermal industrial processes.",false,"Combustible energy input and refined fuel supplying national grid generation, transport networks, and industrial heating."
2809,intermediate input,"Processed chemical compound, reagent, or industrial formulation (DIPHOSPHORUS PENTAOXIDE; PHOSPHORIC ACID; POLYPHOSPHORIC ACIDS, WHETHER OR NOT CHEMICALLY DEFINED) incorporated into downstream chemical, pharma, or polymer synthesis.",Methodology Team,2026-07-22,4,"Processed chemical compound, reagent, or industrial formulation (DIPHOSPHORUS PENTAOXIDE; PHOSPHORIC ACID; POLYPHOSPHORIC ACIDS, WHETHER OR NOT CHEMICALLY DEFINED) incorporated into downstream chemical, pharma, or polymer synthesis.",false,Specialty chemical intermediate and building block consumed by domestic formulation plants and industrial syntheses.
2814,intermediate input,"Processed chemical compound, reagent, or industrial formulation (AMMONIA, ANHYDROUS OR IN AQUEOUS SOLUTION) incorporated into downstream chemical, pharma, or polymer synthesis.",Methodology Team,2026-07-22,4,"Processed chemical compound, reagent, or industrial formulation (AMMONIA, ANHYDROUS OR IN AQUEOUS SOLUTION) incorporated into downstream chemical, pharma, or polymer synthesis.",false,Specialty chemical intermediate and building block consumed by domestic formulation plants and industrial syntheses.
2818,intermediate input,"Processed chemical compound, reagent, or industrial formulation (ARTIFICIAL CORUNDUM, WHETHER OR NOT CHEMICALLY DEFINED; ALUMINIUM OXIDE; ALUMINIUM HYDROXIDE) incorporated into downstream chemical, pharma, or polymer synthesis.",Methodology Team,2026-07-22,4,"Processed chemical compound, reagent, or industrial formulation (ARTIFICIAL CORUNDUM, WHETHER OR NOT CHEMICALLY DEFINED; ALUMINIUM OXIDE; ALUMINIUM HYDROXIDE) incorporated into downstream chemical, pharma, or polymer synthesis.",false,Specialty chemical intermediate and building block consumed by domestic formulation plants and industrial syntheses.
2843,intermediate input,"Processed chemical compound, reagent, or industrial formulation (COLLOIDL PRECIOUS METALS;INORGNC/ORGNC CMPNDS OF PRECIOUS METALS W/N CHMCLY DEFINED AMALGAMS OF PRECIOUS METAL) incorporated into downstream chemical, pharma, or polymer synthesis.",Methodology Team,2026-07-22,4,"Processed chemical compound, reagent, or industrial formulation (COLLOIDL PRECIOUS METALS;INORGNC/ORGNC CMPNDS OF PRECIOUS METALS W/N CHMCLY DEFINED AMALGAMS OF PRECIOUS METAL) incorporated into downstream chemical, pharma, or polymer synthesis.",false,Specialty chemical intermediate and building block consumed by domestic formulation plants and industrial syntheses.
2901,intermediate input,"Processed chemical compound, reagent, or industrial formulation (ACYCLIC HYDROCARBONS) incorporated into downstream chemical, pharma, or polymer synthesis.",Methodology Team,2026-07-22,4,"Processed chemical compound, reagent, or industrial formulation (ACYCLIC HYDROCARBONS) incorporated into downstream chemical, pharma, or polymer synthesis.",false,Specialty chemical intermediate and building block consumed by domestic formulation plants and industrial syntheses.
2902,intermediate input,"Processed chemical compound, reagent, or industrial formulation (CYCLIC HYDROCARBONS) incorporated into downstream chemical, pharma, or polymer synthesis.",Methodology Team,2026-07-22,4,"Processed chemical compound, reagent, or industrial formulation (CYCLIC HYDROCARBONS) incorporated into downstream chemical, pharma, or polymer synthesis.",false,Specialty chemical intermediate and building block consumed by domestic formulation plants and industrial syntheses.
2903,intermediate input,"Processed chemical compound, reagent, or industrial formulation (HALOGENATED DERIVATIVES OF HYDROCARBONS) incorporated into downstream chemical, pharma, or polymer synthesis.",Methodology Team,2026-07-22,4,"Processed chemical compound, reagent, or industrial formulation (HALOGENATED DERIVATIVES OF HYDROCARBONS) incorporated into downstream chemical, pharma, or polymer synthesis.",false,Specialty chemical intermediate and building block consumed by domestic formulation plants and industrial syntheses.
2905,intermediate input,"Processed chemical compound, reagent, or industrial formulation (ACYCLIC ALCOHOLS AND THEIR HALOGENATED, SULPHONATED, NITRATED OR NITROSATED DERIVATIVES) incorporated into downstream chemical, pharma, or polymer synthesis.",Methodology Team,2026-07-22,4,"Processed chemical compound, reagent, or industrial formulation (ACYCLIC ALCOHOLS AND THEIR HALOGENATED, SULPHONATED, NITRATED OR NITROSATED DERIVATIVES) incorporated into downstream chemical, pharma, or polymer synthesis.",false,Specialty chemical intermediate and building block consumed by domestic formulation plants and industrial syntheses.
2915,intermediate input,"Processed chemical compound, reagent, or industrial formulation (SATRTD ACYLC MONOCRBOXYLIC ACIDS AND THR ANHYDRTDS,HALIDS,PEROXIDS AND PEROXY ACIDS; THR HALGNTD SLPHNTD NITRTD/NITRS) incorporated into downstream chemical, pharma, or polymer synthesis.",Methodology Team,2026-07-22,4,"Processed chemical compound, reagent, or industrial formulation (SATRTD ACYLC MONOCRBOXYLIC ACIDS AND THR ANHYDRTDS,HALIDS,PEROXIDS AND PEROXY ACIDS; THR HALGNTD SLPHNTD NITRTD/NITRS) incorporated into downstream chemical, pharma, or polymer synthesis.",false,Specialty chemical intermediate and building block consumed by domestic formulation plants and industrial syntheses.
2916,intermediate input,"Processed chemical compound, reagent, or industrial formulation (UNSATURATED ACYCLIC MONOCARBOXYLIC ACIDS, CYCLIC MONOCARBOXYLIC ACIDS, THEIR ANHYDRIDES, HALIDES, PEROXIDES AND P) incorporated into downstream chemical, pharma, or polymer synthesis.",Methodology Team,2026-07-22,4,"Processed chemical compound, reagent, or industrial formulation (UNSATURATED ACYCLIC MONOCARBOXYLIC ACIDS, CYCLIC MONOCARBOXYLIC ACIDS, THEIR ANHYDRIDES, HALIDES, PEROXIDES AND P) incorporated into downstream chemical, pharma, or polymer synthesis.",false,Specialty chemical intermediate and building block consumed by domestic formulation plants and industrial syntheses.
2917,intermediate input,"Processed chemical compound, reagent, or industrial formulation (PLYCRBOXYLC ACDS,THR ANHYDRDS,HALIDES, PEROXIDES ANDPEROXYACDS,OTHR HALGNTD SLPHNTDNITRATED OR NITROSATED DERIVATIVES) incorporated into downstream chemical, pharma, or polymer synthesis.",Methodology Team,2026-07-22,4,"Processed chemical compound, reagent, or industrial formulation (PLYCRBOXYLC ACDS,THR ANHYDRDS,HALIDES, PEROXIDES ANDPEROXYACDS,OTHR HALGNTD SLPHNTDNITRATED OR NITROSATED DERIVATIVES) incorporated into downstream chemical, pharma, or polymer synthesis.",false,Specialty chemical intermediate and building block consumed by domestic formulation plants and industrial syntheses.
2921,intermediate input,"Processed chemical compound, reagent, or industrial formulation (AMINE) incorporated into downstream chemical, pharma, or polymer synthesis.",Methodology Team,2026-07-22,4,"Processed chemical compound, reagent, or industrial formulation (AMINE) incorporated into downstream chemical, pharma, or polymer synthesis.",false,Specialty chemical intermediate and building block consumed by domestic formulation plants and industrial syntheses.
2922,intermediate input,"Processed chemical compound, reagent, or industrial formulation (OXYGEN) incorporated into downstream chemical, pharma, or polymer synthesis.",Methodology Team,2026-07-22,4,"Processed chemical compound, reagent, or industrial formulation (OXYGEN) incorporated into downstream chemical, pharma, or polymer synthesis.",false,Specialty chemical intermediate and building block consumed by domestic formulation plants and industrial syntheses.
2924,intermediate input,"Processed chemical compound, reagent, or industrial formulation (CRBOXYAMIDE) incorporated into downstream chemical, pharma, or polymer synthesis.",Methodology Team,2026-07-22,4,"Processed chemical compound, reagent, or industrial formulation (CRBOXYAMIDE) incorporated into downstream chemical, pharma, or polymer synthesis.",false,Specialty chemical intermediate and building block consumed by domestic formulation plants and industrial syntheses.
2933,intermediate input,"Processed chemical compound, reagent, or industrial formulation (HETEROCYCLIC COMPOUNDS WITH NITROGEN) incorporated into downstream chemical, pharma, or polymer synthesis.",Methodology Team,2026-07-22,4,"Processed chemical compound, reagent, or industrial formulation (HETEROCYCLIC COMPOUNDS WITH NITROGEN) incorporated into downstream chemical, pharma, or polymer synthesis.",false,Specialty chemical intermediate and building block consumed by domestic formulation plants and industrial syntheses.
2934,intermediate input,"Processed chemical compound, reagent, or industrial formulation (MUCIEIC ACIDS AND THEIR SALTS W/N CHEMICALLYDEFINED , OTHER) incorporated into downstream chemical, pharma, or polymer synthesis.",Methodology Team,2026-07-22,4,"Processed chemical compound, reagent, or industrial formulation (MUCIEIC ACIDS AND THEIR SALTS W/N CHEMICALLYDEFINED , OTHER) incorporated into downstream chemical, pharma, or polymer synthesis.",false,Specialty chemical intermediate and building block consumed by domestic formulation plants and industrial syntheses.
2941,intermediate input,"Processed chemical compound, reagent, or industrial formulation (ANTIBIOTICS) incorporated into downstream chemical, pharma, or polymer synthesis.",Methodology Team,2026-07-22,4,"Processed chemical compound, reagent, or industrial formulation (ANTIBIOTICS) incorporated into downstream chemical, pharma, or polymer synthesis.",false,Specialty chemical intermediate and building block consumed by domestic formulation plants and industrial syntheses.
2942,intermediate input,"Processed chemical compound, reagent, or industrial formulation (OTHER ORGANIC COMPOUNDS) incorporated into downstream chemical, pharma, or polymer synthesis.",Methodology Team,2026-07-22,4,"Processed chemical compound, reagent, or industrial formulation (OTHER ORGANIC COMPOUNDS) incorporated into downstream chemical, pharma, or polymer synthesis.",false,Specialty chemical intermediate and building block consumed by domestic formulation plants and industrial syntheses.
3002,finished product,"Formulated pharmaceutical dosage, biologic, or packaged medicament (HUMN,ANML,BLD FR MDCNL USE; MDFD IMUNLGCL PRDT W/N_BITECH PRCS;VCCNS,TXNS,CLTR_MCRGNSM,ETHER SMLR P; CELL CLTR ,W/N MDFD) ready for healthcare administration and retail dispensing.",Methodology Team,2026-07-22,4,"Formulated pharmaceutical dosage, biologic, or packaged medicament (HUMN,ANML,BLD FR MDCNL USE; MDFD IMUNLGCL PRDT W/N_BITECH PRCS;VCCNS,TXNS,CLTR_MCRGNSM,ETHER SMLR P; CELL CLTR ,W/N MDFD) ready for healthcare administration and retail dispensing.",false,"Finished therapeutic product and dosage formulation supplied directly to clinics, hospitals, and pharmacies."
3004,finished product,"Formulated pharmaceutical dosage, biologic, or packaged medicament (MDCMNTS (EXCL ITMS OF 3002,3005 / 3006) FR THRPUTC/PRPHYLCTC USES IN MEASURD DOSESOR IN PCKNGS FR RTL SALE) ready for healthcare administration and retail dispensing.",Methodology Team,2026-07-22,4,"Formulated pharmaceutical dosage, biologic, or packaged medicament (MDCMNTS (EXCL ITMS OF 3002,3005 / 3006) FR THRPUTC/PRPHYLCTC USES IN MEASURD DOSESOR IN PCKNGS FR RTL SALE) ready for healthcare administration and retail dispensing.",false,"Finished therapeutic product and dosage formulation supplied directly to clinics, hospitals, and pharmacies."
3102,intermediate input,"Processed chemical compound, reagent, or industrial formulation (MINERAL OR CHEMICAL FERTILISERS, NITROGENOUS) incorporated into downstream chemical, pharma, or polymer synthesis.",Methodology Team,2026-07-22,4,"Processed chemical compound, reagent, or industrial formulation (MINERAL OR CHEMICAL FERTILISERS, NITROGENOUS) incorporated into downstream chemical, pharma, or polymer synthesis.",false,Specialty chemical intermediate and building block consumed by domestic formulation plants and industrial syntheses.
3104,intermediate input,"Processed chemical compound, reagent, or industrial formulation (MINERAL OR CHEMICAL FERTILISERS, POTASSIC) incorporated into downstream chemical, pharma, or polymer synthesis.",Methodology Team,2026-07-22,4,"Processed chemical compound, reagent, or industrial formulation (MINERAL OR CHEMICAL FERTILISERS, POTASSIC) incorporated into downstream chemical, pharma, or polymer synthesis.",false,Specialty chemical intermediate and building block consumed by domestic formulation plants and industrial syntheses.
3105,intermediate input,"Processed chemical compound, reagent, or industrial formulation (MNRL/CHMCL FRTLSRS WTH TWO/THREE OF THE FRTLSNG ELMNTS N,P AND K; OTHR FRTLSRS SMLR GOODS IN TBLTS/LIKE FRM IN PKT OF) incorporated into downstream chemical, pharma, or polymer synthesis.",Methodology Team,2026-07-22,4,"Processed chemical compound, reagent, or industrial formulation (MNRL/CHMCL FRTLSRS WTH TWO/THREE OF THE FRTLSNG ELMNTS N,P AND K; OTHR FRTLSRS SMLR GOODS IN TBLTS/LIKE FRM IN PKT OF) incorporated into downstream chemical, pharma, or polymer synthesis.",false,Specialty chemical intermediate and building block consumed by domestic formulation plants and industrial syntheses.
3204,intermediate input,"Processed chemical compound, reagent, or industrial formulation (SYNTC ORGNC COLRNG MATR W/N CHMCLY DFND) incorporated into downstream chemical, pharma, or polymer synthesis.",Methodology Team,2026-07-22,4,"Processed chemical compound, reagent, or industrial formulation (SYNTC ORGNC COLRNG MATR W/N CHMCLY DFND) incorporated into downstream chemical, pharma, or polymer synthesis.",false,Specialty chemical intermediate and building block consumed by domestic formulation plants and industrial syntheses.
3206,intermediate input,"Processed chemical compound, reagent, or industrial formulation (OTHR COLOURNG MATTER INORGANIC PRDCT OF KIND USED AS LUMINPHORS W/N DFND CHMCLLY) incorporated into downstream chemical, pharma, or polymer synthesis.",Methodology Team,2026-07-22,4,"Processed chemical compound, reagent, or industrial formulation (OTHR COLOURNG MATTER INORGANIC PRDCT OF KIND USED AS LUMINPHORS W/N DFND CHMCLLY) incorporated into downstream chemical, pharma, or polymer synthesis.",false,Specialty chemical intermediate and building block consumed by domestic formulation plants and industrial syntheses.
3301,intermediate input,"Dual-use item (ESNL OLS (CNCRTS/ABSLTS);RSNDS,EXTRTD OLORGN,CNCNTRTS IN FATS ETC;TRPNC BY) utilized both as an industrial intermediate input and as a finished equipment/consumer good across diverse sectors.",Methodology Team,2026-07-22,4,"Dual-use item (ESNL OLS (CNCRTS/ABSLTS);RSNDS,EXTRTD OLORGN,CNCNTRTS IN FATS ETC;TRPNC BY) utilized both as an industrial intermediate input and as a finished equipment/consumer good across diverse sectors.",true,Empirical trade flows indicate dual sourcing for both industrial assembly lines and direct commercial or consumer end markets.
3808,finished product,"Fully assembled manufactured product (INSCTCDS,RDNTCDS,FNGCDS,HRBCDS,ANTSPROUTNGPRDCTS AND PLNTGRWTH RGLTRS) predominantly ready for final retail, commercial, or consumer use.",Methodology Team,2026-07-22,4,"Fully assembled manufactured product (INSCTCDS,RDNTCDS,FNGCDS,HRBCDS,ANTSPROUTNGPRDCTS AND PLNTGRWTH RGLTRS) predominantly ready for final retail, commercial, or consumer use.",false,Finished product distributed through commercial and retail supply chains for final consumption and deployment.
3815,intermediate input,"Processed chemical compound, reagent, or industrial formulation (REACTION INITIATORS, REACTION ACCELERATORS AND CATAL PREPARATIONS, NOT ELSEWHERE SPECIFIED OR INCLUDED) incorporated into downstream chemical, pharma, or polymer synthesis.",Methodology Team,2026-07-22,4,"Processed chemical compound, reagent, or industrial formulation (REACTION INITIATORS, REACTION ACCELERATORS AND CATAL PREPARATIONS, NOT ELSEWHERE SPECIFIED OR INCLUDED) incorporated into downstream chemical, pharma, or polymer synthesis.",false,Specialty chemical intermediate and building block consumed by domestic formulation plants and industrial syntheses.
3822,intermediate input,"Processed chemical compound, reagent, or industrial formulation (DIAG./LAB REAGNT ON A BCKNG,PRPRD DIAG./LAB REAGNTS WH/NOT ON BACKNG ,WHTR OR NT IN THE FORM OF KIT EXCL HDNG 3006,) incorporated into downstream chemical, pharma, or polymer synthesis.",Methodology Team,2026-07-22,4,"Processed chemical compound, reagent, or industrial formulation (DIAG./LAB REAGNT ON A BCKNG,PRPRD DIAG./LAB REAGNTS WH/NOT ON BACKNG ,WHTR OR NT IN THE FORM OF KIT EXCL HDNG 3006,) incorporated into downstream chemical, pharma, or polymer synthesis.",false,Specialty chemical intermediate and building block consumed by domestic formulation plants and industrial syntheses.
3823,intermediate input,"Processed chemical compound, reagent, or industrial formulation (INDSTRL MONOCARBOXYLC FATY ACIDS ACID OILSFROM REFINING INDUSTRIAL FATTY ALCOHOL) incorporated into downstream chemical, pharma, or polymer synthesis.",Methodology Team,2026-07-22,4,"Processed chemical compound, reagent, or industrial formulation (INDSTRL MONOCARBOXYLC FATY ACIDS ACID OILSFROM REFINING INDUSTRIAL FATTY ALCOHOL) incorporated into downstream chemical, pharma, or polymer synthesis.",false,Specialty chemical intermediate and building block consumed by domestic formulation plants and industrial syntheses.
3824,intermediate input,"Dual-use item (PRPD BNDRS FR FOUNDRY MOULDS/CORES,CHMCL PRDCTS AND PRPNS,RESDUAL PRDCTS OF CHMCL OR ALLIED INDUSTRIES N.E.S.) utilized both as an industrial intermediate input and as a finished equipment/consumer good across diverse sectors.",Methodology Team,2026-07-22,4,"Dual-use item (PRPD BNDRS FR FOUNDRY MOULDS/CORES,CHMCL PRDCTS AND PRPNS,RESDUAL PRDCTS OF CHMCL OR ALLIED INDUSTRIES N.E.S.) utilized both as an industrial intermediate input and as a finished equipment/consumer good across diverse sectors.",true,Empirical trade flows indicate dual sourcing for both industrial assembly lines and direct commercial or consumer end markets.
3901,intermediate input,"Polymer resin, synthetic rubber, or primary plastic form (POLYMERS OF ETHYLENE IN PRIMARY FORMS) utilized as intermediate molding and extrusion material.",Methodology Team,2026-07-22,4,"Polymer resin, synthetic rubber, or primary plastic form (POLYMERS OF ETHYLENE IN PRIMARY FORMS) utilized as intermediate molding and extrusion material.",false,"Processed petrochemical intermediate feedstock feeding domestic plastic fabrication, packaging, and rubber product lines."
3902,intermediate input,"Polymer resin, synthetic rubber, or primary plastic form (POLYMERS OF PROPYLENE OR OF OTHER OLEFINS, IN PRIMARY FORMS) utilized as intermediate molding and extrusion material.",Methodology Team,2026-07-22,4,"Polymer resin, synthetic rubber, or primary plastic form (POLYMERS OF PROPYLENE OR OF OTHER OLEFINS, IN PRIMARY FORMS) utilized as intermediate molding and extrusion material.",false,"Processed petrochemical intermediate feedstock feeding domestic plastic fabrication, packaging, and rubber product lines."
3904,intermediate input,"Polymer resin, synthetic rubber, or primary plastic form (POLYMERS OF VINYL CHLORIDE OR OF OTHER HALOGENATED OLEFINS, IN PRIMARY FORMS) utilized as intermediate molding and extrusion material.",Methodology Team,2026-07-22,4,"Polymer resin, synthetic rubber, or primary plastic form (POLYMERS OF VINYL CHLORIDE OR OF OTHER HALOGENATED OLEFINS, IN PRIMARY FORMS) utilized as intermediate molding and extrusion material.",false,"Processed petrochemical intermediate feedstock feeding domestic plastic fabrication, packaging, and rubber product lines."
3906,intermediate input,"Polymer resin, synthetic rubber, or primary plastic form (ACRYLIC POLYMERS IN PRIMARY FORMS) utilized as intermediate molding and extrusion material.",Methodology Team,2026-07-22,4,"Polymer resin, synthetic rubber, or primary plastic form (ACRYLIC POLYMERS IN PRIMARY FORMS) utilized as intermediate molding and extrusion material.",false,"Processed petrochemical intermediate feedstock feeding domestic plastic fabrication, packaging, and rubber product lines."
3907,intermediate input,"Polymer resin, synthetic rubber, or primary plastic form (POLYACETALS, OTHER POLYETHERS AND EPOXIDE RESINS,) utilized as intermediate molding and extrusion material.",Methodology Team,2026-07-22,4,"Polymer resin, synthetic rubber, or primary plastic form (POLYACETALS, OTHER POLYETHERS AND EPOXIDE RESINS,) utilized as intermediate molding and extrusion material.",false,"Processed petrochemical intermediate feedstock feeding domestic plastic fabrication, packaging, and rubber product lines."
3909,intermediate input,"Polymer resin, synthetic rubber, or primary plastic form (AMINO) utilized as intermediate molding and extrusion material.",Methodology Team,2026-07-22,4,"Polymer resin, synthetic rubber, or primary plastic form (AMINO) utilized as intermediate molding and extrusion material.",false,"Processed petrochemical intermediate feedstock feeding domestic plastic fabrication, packaging, and rubber product lines."
3919,intermediate input,Dual-use item (SELF) utilized both as an industrial intermediate input and as a finished equipment/consumer good across diverse sectors.,Methodology Team,2026-07-22,4,Dual-use item (SELF) utilized both as an industrial intermediate input and as a finished equipment/consumer good across diverse sectors.,true,Empirical trade flows indicate dual sourcing for both industrial assembly lines and direct commercial or consumer end markets.
3920,intermediate input,"Polymer resin, synthetic rubber, or primary plastic form (OTHER PLATES, SHEETS, FILM, FOIL AND STRIP, OF PLASTICS, NON) utilized as intermediate molding and extrusion material.",Methodology Team,2026-07-22,4,"Polymer resin, synthetic rubber, or primary plastic form (OTHER PLATES, SHEETS, FILM, FOIL AND STRIP, OF PLASTICS, NON) utilized as intermediate molding and extrusion material.",false,"Processed petrochemical intermediate feedstock feeding domestic plastic fabrication, packaging, and rubber product lines."
3923,intermediate input,"Polymer resin, synthetic rubber, or primary plastic form (ARTCLS FOR THE CNVYNCE/PCKNG OF GOODS STOPRS LIDS CAPS AND OTHR CLSRS OF PLSTCS) utilized as intermediate molding and extrusion material.",Methodology Team,2026-07-22,4,"Polymer resin, synthetic rubber, or primary plastic form (ARTCLS FOR THE CNVYNCE/PCKNG OF GOODS STOPRS LIDS CAPS AND OTHR CLSRS OF PLSTCS) utilized as intermediate molding and extrusion material.",false,"Processed petrochemical intermediate feedstock feeding domestic plastic fabrication, packaging, and rubber product lines."
3926,intermediate input,Dual-use item (OTHER ARTICLES OF PLASTICS AND ARTICLES OF OTHER MATERIALS OF HEADINGS 3901 TO 3914) utilized both as an industrial intermediate input and as a finished equipment/consumer good across diverse sectors.,Methodology Team,2026-07-22,4,Dual-use item (OTHER ARTICLES OF PLASTICS AND ARTICLES OF OTHER MATERIALS OF HEADINGS 3901 TO 3914) utilized both as an industrial intermediate input and as a finished equipment/consumer good across diverse sectors.,true,Empirical trade flows indicate dual sourcing for both industrial assembly lines and direct commercial or consumer end markets.
4001,agricultural commodity,"Primary harvested agricultural crop, farm produce, or unrefined natural commodity (NATRL RUBR BALATA GUTTAPERCHA ETC AND SMLR NATRL GUMS IN PRMRY FRMS/IN PLTS SHTS/STRP) traded in bulk agricultural markets.",Methodology Team,2026-07-22,4,"Primary harvested agricultural crop, farm produce, or unrefined natural commodity (NATRL RUBR BALATA GUTTAPERCHA ETC AND SMLR NATRL GUMS IN PRMRY FRMS/IN PLTS SHTS/STRP) traded in bulk agricultural markets.",false,Primary farm commodity and raw agricultural harvest supplying food processing plants and commodity trade networks.
4002,intermediate input,"Polymer resin, synthetic rubber, or primary plastic form (SYNTHETIC RUBBER AND FACTICE DERIVED FORM OILS, IN PRIMARY FORMS OR IN PLATES, SHEETS OR STRIP; MIXTURES OF ANY PRO) utilized as intermediate molding and extrusion material.",Methodology Team,2026-07-22,4,"Polymer resin, synthetic rubber, or primary plastic form (SYNTHETIC RUBBER AND FACTICE DERIVED FORM OILS, IN PRIMARY FORMS OR IN PLATES, SHEETS OR STRIP; MIXTURES OF ANY PRO) utilized as intermediate molding and extrusion material.",false,"Processed petrochemical intermediate feedstock feeding domestic plastic fabrication, packaging, and rubber product lines."
4011,finished product,"Fully assembled manufactured product (NEW PNEUMATIC TYRES, OF RUBBER) predominantly ready for final retail, commercial, or consumer use.",Methodology Team,2026-07-22,4,"Fully assembled manufactured product (NEW PNEUMATIC TYRES, OF RUBBER) predominantly ready for final retail, commercial, or consumer use.",false,Finished product distributed through commercial and retail supply chains for final consumption and deployment.
4016,intermediate input,Dual-use item (OTHER ARTICLES OF VULCANISED RUBBER OTHER THAN HARD RUBBER) utilized both as an industrial intermediate input and as a finished equipment/consumer good across diverse sectors.,Methodology Team,2026-07-22,4,Dual-use item (OTHER ARTICLES OF VULCANISED RUBBER OTHER THAN HARD RUBBER) utilized both as an industrial intermediate input and as a finished equipment/consumer good across diverse sectors.,true,Empirical trade flows indicate dual sourcing for both industrial assembly lines and direct commercial or consumer end markets.
4202,finished product,"Fully assembled manufactured product (TRUNKS, SUIT) predominantly ready for final retail, commercial, or consumer use.",Methodology Team,2026-07-22,4,"Fully assembled manufactured product (TRUNKS, SUIT) predominantly ready for final retail, commercial, or consumer use.",false,Finished product distributed through commercial and retail supply chains for final consumption and deployment.
4203,finished product,"Fully assembled manufactured product (ARTICLES OF APPAREL AND CLOTHING ACCESSORIES, OF LEATHER OR OF COMPOSITION LEATHER) predominantly ready for final retail, commercial, or consumer use.",Methodology Team,2026-07-22,4,"Fully assembled manufactured product (ARTICLES OF APPAREL AND CLOTHING ACCESSORIES, OF LEATHER OR OF COMPOSITION LEATHER) predominantly ready for final retail, commercial, or consumer use.",false,Finished product distributed through commercial and retail supply chains for final consumption and deployment.
4403,raw material,"Primary unprocessed material or scrap feedstock (WOOD IN THE ROUGH, WHETHER OR NOT STRIPPED OF BARK OR SAPWOOD, OR ROUGHLY SQUARED) entering basic material extraction and refining cycles.",Methodology Team,2026-07-22,4,"Primary unprocessed material or scrap feedstock (WOOD IN THE ROUGH, WHETHER OR NOT STRIPPED OF BARK OR SAPWOOD, OR ROUGHLY SQUARED) entering basic material extraction and refining cycles.",false,Unprocessed material or recovered industrial scrap serving as foundational feedstock for heavy manufacturing.
4702,raw material,"Wood pulp and fibrous cellulosic material (CHEMICAL WOOD PULP, DISSOLVING GRADES) serving as primary industrial feedstock for paper and packaging mills.",Methodology Team,2026-07-22,4,"Wood pulp and fibrous cellulosic material (CHEMICAL WOOD PULP, DISSOLVING GRADES) serving as primary industrial feedstock for paper and packaging mills.",false,Primary cellulosic raw material consumed directly in domestic paper manufacturing and paperboard production.
4703,raw material,"Wood pulp and fibrous cellulosic material (CHEMICAL WOOD PULP, SODA OR SULPHATE, OTHER THAN DISSOLVING GRADES) serving as primary industrial feedstock for paper and packaging mills.",Methodology Team,2026-07-22,4,"Wood pulp and fibrous cellulosic material (CHEMICAL WOOD PULP, SODA OR SULPHATE, OTHER THAN DISSOLVING GRADES) serving as primary industrial feedstock for paper and packaging mills.",false,Primary cellulosic raw material consumed directly in domestic paper manufacturing and paperboard production.
4707,intermediate input,"Processed wood, lumber, or paperboard intermediate (RECOVERED (WASTE AND SCRAP) PAPER OR PAPERBOARD) consumed in packaging, construction, and printing industries.",Methodology Team,2026-07-22,4,"Processed wood, lumber, or paperboard intermediate (RECOVERED (WASTE AND SCRAP) PAPER OR PAPERBOARD) consumed in packaging, construction, and printing industries.",false,"Industrial timber and paper intermediate input supplying domestic packaging, construction, and publishing sectors."
5201,agricultural commodity,Raw uncarded and uncombed cotton fiber harvested from farm production prior to spinning.,Methodology Team,2026-07-22,4,Raw uncarded and uncombed cotton fiber harvested from farm production prior to spinning.,false,Primary agricultural cotton commodity traded in bulk from farm harvests prior to yarn spinning.
5205,intermediate input,"Spun yarn, woven fabric, or textile intermediate (COTN YRN(OTHR THN SWNG THRD)CNTNG 85% OR MORE BY WT OF COTON NT PUT UP FR RETL SALE) utilized as raw material for garment manufacturing and technical textiles.",Methodology Team,2026-07-22,4,"Spun yarn, woven fabric, or textile intermediate (COTN YRN(OTHR THN SWNG THRD)CNTNG 85% OR MORE BY WT OF COTON NT PUT UP FR RETL SALE) utilized as raw material for garment manufacturing and technical textiles.",false,Processed textile intermediate feeding domestic apparel manufacturing and export garment fabrication hubs.
5208,intermediate input,"Spun yarn, woven fabric, or textile intermediate (WOVN FBRCS OF COTON CONTNG>=85% BY WT OF COTON WEGHNG NT MORE THN 200 G/M2) utilized as raw material for garment manufacturing and technical textiles.",Methodology Team,2026-07-22,4,"Spun yarn, woven fabric, or textile intermediate (WOVN FBRCS OF COTON CONTNG>=85% BY WT OF COTON WEGHNG NT MORE THN 200 G/M2) utilized as raw material for garment manufacturing and technical textiles.",false,Processed textile intermediate feeding domestic apparel manufacturing and export garment fabrication hubs.
5402,intermediate input,"Spun yarn, woven fabric, or textile intermediate (HIGH TENACITY YARN OF NYLON OR OTHER POLYAMIDES, WHETHER OR NOT TEXTURED) utilized as raw material for garment manufacturing and technical textiles.",Methodology Team,2026-07-22,4,"Spun yarn, woven fabric, or textile intermediate (HIGH TENACITY YARN OF NYLON OR OTHER POLYAMIDES, WHETHER OR NOT TEXTURED) utilized as raw material for garment manufacturing and technical textiles.",false,Processed textile intermediate feeding domestic apparel manufacturing and export garment fabrication hubs.
5407,intermediate input,"Spun yarn, woven fabric, or textile intermediate (WOVN FBRCS OF SYNTHTC FILAMENT YARN INCL WOVN FBRCS OBTND FROM MTRLS OF HDG NO.5404) utilized as raw material for garment manufacturing and technical textiles.",Methodology Team,2026-07-22,4,"Spun yarn, woven fabric, or textile intermediate (WOVN FBRCS OF SYNTHTC FILAMENT YARN INCL WOVN FBRCS OBTND FROM MTRLS OF HDG NO.5404) utilized as raw material for garment manufacturing and technical textiles.",false,Processed textile intermediate feeding domestic apparel manufacturing and export garment fabrication hubs.
5703,finished product,Tufted carpets and textile floor coverings ready for commercial and residential interior furnishings.,Methodology Team,2026-07-22,4,Tufted carpets and textile floor coverings ready for commercial and residential interior furnishings.,false,Finished carpets and floor coverings produced by Indian textile mills ready for final consumer and commercial installation.
6109,finished product,"Finished apparel, footwear, or made-up textile article (T) ready for final retail consumer wear and use.",Methodology Team,2026-07-22,4,"Finished apparel, footwear, or made-up textile article (T) ready for final retail consumer wear and use.",false,Finished consumer textile and garment product supplied directly to domestic and international retail fashion markets.
6111,finished product,"Finished apparel, footwear, or made-up textile article (BABIES GARMENTS AND CLOTHING ACCESSORIES, KNITTED OR CROCHETED) ready for final retail consumer wear and use.",Methodology Team,2026-07-22,4,"Finished apparel, footwear, or made-up textile article (BABIES GARMENTS AND CLOTHING ACCESSORIES, KNITTED OR CROCHETED) ready for final retail consumer wear and use.",false,Finished consumer textile and garment product supplied directly to domestic and international retail fashion markets.
6203,finished product,"Finished apparel, footwear, or made-up textile article (MENS OR BOYS SUITS,ENSEMBLES,JACKETS BLAZERS,TROUSERS,BIB AND BRACE OVERALLS BREECHES AND SHORTS(OTHER THAN SWIMWEAR)) ready for final retail consumer wear and use.",Methodology Team,2026-07-22,4,"Finished apparel, footwear, or made-up textile article (MENS OR BOYS SUITS,ENSEMBLES,JACKETS BLAZERS,TROUSERS,BIB AND BRACE OVERALLS BREECHES AND SHORTS(OTHER THAN SWIMWEAR)) ready for final retail consumer wear and use.",false,Finished consumer textile and garment product supplied directly to domestic and international retail fashion markets.
6204,finished product,"Finished apparel, footwear, or made-up textile article (WOMENS OR GIRLS SUITS, ENSEMBLES, JACKETS, BLAZERS, DRESSES, SKIRTS, DIVIDED SKIRTS, TROUSERS, BIB AND BRACE OVE) ready for final retail consumer wear and use.",Methodology Team,2026-07-22,4,"Finished apparel, footwear, or made-up textile article (WOMENS OR GIRLS SUITS, ENSEMBLES, JACKETS, BLAZERS, DRESSES, SKIRTS, DIVIDED SKIRTS, TROUSERS, BIB AND BRACE OVE) ready for final retail consumer wear and use.",false,Finished consumer textile and garment product supplied directly to domestic and international retail fashion markets.
6205,finished product,"Finished apparel, footwear, or made-up textile article (MENS OR BOYS SHIRTS) ready for final retail consumer wear and use.",Methodology Team,2026-07-22,4,"Finished apparel, footwear, or made-up textile article (MENS OR BOYS SHIRTS) ready for final retail consumer wear and use.",false,Finished consumer textile and garment product supplied directly to domestic and international retail fashion markets.
6206,finished product,"Finished apparel, footwear, or made-up textile article (WOMENS OR GIRLS BLOUSES, SHIRTS AND SHIRT) ready for final retail consumer wear and use.",Methodology Team,2026-07-22,4,"Finished apparel, footwear, or made-up textile article (WOMENS OR GIRLS BLOUSES, SHIRTS AND SHIRT) ready for final retail consumer wear and use.",false,Finished consumer textile and garment product supplied directly to domestic and international retail fashion markets.
6211,finished product,"Finished apparel, footwear, or made-up textile article (TRCK SUITS,SKI SUITS AND SWMWEAR,OTHR GRMNTS) ready for final retail consumer wear and use.",Methodology Team,2026-07-22,4,"Finished apparel, footwear, or made-up textile article (TRCK SUITS,SKI SUITS AND SWMWEAR,OTHR GRMNTS) ready for final retail consumer wear and use.",false,Finished consumer textile and garment product supplied directly to domestic and international retail fashion markets.
6302,finished product,"Finished apparel, footwear, or made-up textile article (BED LINEN, TABLE LINEN, TOILET LINEN AND KITCHEN LINEN) ready for final retail consumer wear and use.",Methodology Team,2026-07-22,4,"Finished apparel, footwear, or made-up textile article (BED LINEN, TABLE LINEN, TOILET LINEN AND KITCHEN LINEN) ready for final retail consumer wear and use.",false,Finished consumer textile and garment product supplied directly to domestic and international retail fashion markets.
6304,finished product,"Finished apparel, footwear, or made-up textile article (OTHER FURNISHING ARTICLES, EXCLUDING THOSE OF HEADING 9404) ready for final retail consumer wear and use.",Methodology Team,2026-07-22,4,"Finished apparel, footwear, or made-up textile article (OTHER FURNISHING ARTICLES, EXCLUDING THOSE OF HEADING 9404) ready for final retail consumer wear and use.",false,Finished consumer textile and garment product supplied directly to domestic and international retail fashion markets.
6305,finished product,"Finished apparel, footwear, or made-up textile article (SACKS AND BAGS, OF A KIND USED FOR THE PACKING OF GOODS) ready for final retail consumer wear and use.",Methodology Team,2026-07-22,4,"Finished apparel, footwear, or made-up textile article (SACKS AND BAGS, OF A KIND USED FOR THE PACKING OF GOODS) ready for final retail consumer wear and use.",false,Finished consumer textile and garment product supplied directly to domestic and international retail fashion markets.
6403,finished product,"Finished apparel, footwear, or made-up textile article (FTWEAR WTH OUTR SOLES OF RUBR,PLSTCS, LTHR/CMPSTN LTHR AND UPPRS OF LTHR) ready for final retail consumer wear and use.",Methodology Team,2026-07-22,4,"Finished apparel, footwear, or made-up textile article (FTWEAR WTH OUTR SOLES OF RUBR,PLSTCS, LTHR/CMPSTN LTHR AND UPPRS OF LTHR) ready for final retail consumer wear and use.",false,Finished consumer textile and garment product supplied directly to domestic and international retail fashion markets.
6802,finished product,"Fully assembled manufactured product (WRKD MONMNT/BLDG STONE (EXCPT SLATE)ETC EXCPT HDG 6801 MOSAIC CUBES ARTFCLY COLRD GRNLS ETC OF NATRL STONE (INCL SLATE) predominantly ready for final retail, commercial, or consumer use.",Methodology Team,2026-07-22,4,"Fully assembled manufactured product (WRKD MONMNT/BLDG STONE (EXCPT SLATE)ETC EXCPT HDG 6801 MOSAIC CUBES ARTFCLY COLRD GRNLS ETC OF NATRL STONE (INCL SLATE) predominantly ready for final retail, commercial, or consumer use.",false,Finished product distributed through commercial and retail supply chains for final consumption and deployment.
6907,finished product,"Fully assembled manufactured product (CERAMIC FLGS AND PAVING,HEARTH OR WALL TLS CERAMIC MOSAIC CUBES AND LIKE, WHETHER OR NOT ON A BACKING; FINISHING CERAMICS) predominantly ready for final retail, commercial, or consumer use.",Methodology Team,2026-07-22,4,"Fully assembled manufactured product (CERAMIC FLGS AND PAVING,HEARTH OR WALL TLS CERAMIC MOSAIC CUBES AND LIKE, WHETHER OR NOT ON A BACKING; FINISHING CERAMICS) predominantly ready for final retail, commercial, or consumer use.",false,Finished product distributed through commercial and retail supply chains for final consumption and deployment.
7007,finished product,"Fully assembled manufactured product (SAFTY GLSS CONSTNG OF TOUGHND/LMNTD GLSS) predominantly ready for final retail, commercial, or consumer use.",Methodology Team,2026-07-22,4,"Fully assembled manufactured product (SAFTY GLSS CONSTNG OF TOUGHND/LMNTD GLSS) predominantly ready for final retail, commercial, or consumer use.",false,Finished product distributed through commercial and retail supply chains for final consumption and deployment.
7102,intermediate input,"Dual-use item (DIAMONDS, WHETHER OR NOT WORKED, BUT NOT MOUNTED OR SET) utilized both as an industrial intermediate input and as a finished equipment/consumer good across diverse sectors.",Methodology Team,2026-07-22,4,"Dual-use item (DIAMONDS, WHETHER OR NOT WORKED, BUT NOT MOUNTED OR SET) utilized both as an industrial intermediate input and as a finished equipment/consumer good across diverse sectors.",true,Empirical trade flows indicate dual sourcing for both industrial assembly lines and direct commercial or consumer end markets.
7103,intermediate input,Dual-use item (PRCS(EXCL DIMONDS)AND SEMI PRCS SOTNS W/N WRKD/GRD NT STRNG MNTD/SET UNGRD PRCS/SEMIPRCS STONES TMPRLY STRNG FR TRNSPR) utilized both as an industrial intermediate input and as a finished equipment/consumer good across diverse sectors.,Methodology Team,2026-07-22,4,Dual-use item (PRCS(EXCL DIMONDS)AND SEMI PRCS SOTNS W/N WRKD/GRD NT STRNG MNTD/SET UNGRD PRCS/SEMIPRCS STONES TMPRLY STRNG FR TRNSPR) utilized both as an industrial intermediate input and as a finished equipment/consumer good across diverse sectors.,true,Empirical trade flows indicate dual sourcing for both industrial assembly lines and direct commercial or consumer end markets.
7104,raw material,"Dual-use item (SYNTHETIC OR RECONSTRUCTED PRECIOUS OR SEMIPRECIOUS STONES, WHETHER OR NOT WORKED OR GRADED BUT NOT STRUNG, MOUNTED O) utilized both as an industrial intermediate input and as a finished equipment/consumer good across diverse sectors.",Methodology Team,2026-07-22,4,"Dual-use item (SYNTHETIC OR RECONSTRUCTED PRECIOUS OR SEMIPRECIOUS STONES, WHETHER OR NOT WORKED OR GRADED BUT NOT STRUNG, MOUNTED O) utilized both as an industrial intermediate input and as a finished equipment/consumer good across diverse sectors.",true,Empirical trade flows indicate dual sourcing for both industrial assembly lines and direct commercial or consumer end markets.
7106,consumption asset,"Precious metal, bullion, or high-value physical material (SILVR(INCLD SLVR PLTD WTH GOLD/PLTNM) UNWRGHT/IN SEMI MNFCTRD FORM/IN PWDR FORM) substantially held for savings, jewelry reserves, and wealth preservation.",Methodology Team,2026-07-22,4,"Precious metal, bullion, or high-value physical material (SILVR(INCLD SLVR PLTD WTH GOLD/PLTNM) UNWRGHT/IN SEMI MNFCTRD FORM/IN PWDR FORM) substantially held for savings, jewelry reserves, and wealth preservation.",false,Physical precious metal asset serving as a primary store of value and essential bullion inventory for jewelry markets.
7108,consumption asset,Dual-use item (GOLD(INCL GOLD PLTD WTH PLTNM)UNWROUGHT OR IN SEMI MNFCTRD FORMS/IN PWDR FORM) utilized both as an industrial intermediate input and as a finished equipment/consumer good across diverse sectors.,Methodology Team,2026-07-22,4,Dual-use item (GOLD(INCL GOLD PLTD WTH PLTNM)UNWROUGHT OR IN SEMI MNFCTRD FORMS/IN PWDR FORM) utilized both as an industrial intermediate input and as a finished equipment/consumer good across diverse sectors.,true,Empirical trade flows indicate dual sourcing for both industrial assembly lines and direct commercial or consumer end markets.
7113,finished product,"Fully assembled manufactured product (ARTCLS OF JEWELLERY AND PRTS THEREOF; OF PRCS MTL/OF MTL CLD WTH PRECIOUS METAL) predominantly ready for final retail, commercial, or consumer use.",Methodology Team,2026-07-22,4,"Fully assembled manufactured product (ARTCLS OF JEWELLERY AND PRTS THEREOF; OF PRCS MTL/OF MTL CLD WTH PRECIOUS METAL) predominantly ready for final retail, commercial, or consumer use.",false,Finished product distributed through commercial and retail supply chains for final consumption and deployment.
7114,consumption asset,"Articles of goldsmiths' or silversmiths' wares of precious metal held for savings, jewelry trade, or consumption demand.",Methodology Team,2026-07-22,4,"Articles of goldsmiths' or silversmiths' wares of precious metal held for savings, jewelry trade, or consumption demand.",false,Precious metal wares held as consumption assets or wealth preservation across domestic and export jewelry markets.
7202,intermediate input,"Semi-finished base metal shape, casting, or metallurgical product (FERRO) incorporated into structural engineering or equipment fabrication.",Methodology Team,2026-07-22,4,"Semi-finished base metal shape, casting, or metallurgical product (FERRO) incorporated into structural engineering or equipment fabrication.",false,"Processed metal intermediate input utilized extensively across domestic engineering, automotive, and infrastructure sectors."
7204,raw material,Primary unprocessed material or scrap feedstock (FERROUS WASTE AND SCRAP; REMELTING SCRAP INGOTS) entering basic material extraction and refining cycles.,Methodology Team,2026-07-22,4,Primary unprocessed material or scrap feedstock (FERROUS WASTE AND SCRAP; REMELTING SCRAP INGOTS) entering basic material extraction and refining cycles.,false,Unprocessed material or recovered industrial scrap serving as foundational feedstock for heavy manufacturing.
7208,intermediate input,"Semi-finished base metal shape, casting, or metallurgical product (FLAT) incorporated into structural engineering or equipment fabrication.",Methodology Team,2026-07-22,4,"Semi-finished base metal shape, casting, or metallurgical product (FLAT) incorporated into structural engineering or equipment fabrication.",false,"Processed metal intermediate input utilized extensively across domestic engineering, automotive, and infrastructure sectors."
7210,intermediate input,"Semi-finished base metal shape, casting, or metallurgical product (FLT) incorporated into structural engineering or equipment fabrication.",Methodology Team,2026-07-22,4,"Semi-finished base metal shape, casting, or metallurgical product (FLT) incorporated into structural engineering or equipment fabrication.",false,"Processed metal intermediate input utilized extensively across domestic engineering, automotive, and infrastructure sectors."
7218,intermediate input,"Semi-finished base metal shape, casting, or metallurgical product (STAINLESS STEEL IN INGOTS OR OTHER PRIMARY FORMS; SEMI) incorporated into structural engineering or equipment fabrication.",Methodology Team,2026-07-22,4,"Semi-finished base metal shape, casting, or metallurgical product (STAINLESS STEEL IN INGOTS OR OTHER PRIMARY FORMS; SEMI) incorporated into structural engineering or equipment fabrication.",false,"Processed metal intermediate input utilized extensively across domestic engineering, automotive, and infrastructure sectors."
7219,intermediate input,"Semi-finished base metal shape, casting, or metallurgical product (FLT) incorporated into structural engineering or equipment fabrication.",Methodology Team,2026-07-22,4,"Semi-finished base metal shape, casting, or metallurgical product (FLT) incorporated into structural engineering or equipment fabrication.",false,"Processed metal intermediate input utilized extensively across domestic engineering, automotive, and infrastructure sectors."
7222,intermediate input,"Semi-finished base metal shape, casting, or metallurgical product (OTHER BARS AND RODS OF STAINLESS STEEL; ANGLES, SHAPES AND SECTIONS OF STAINLESS STEEL) incorporated into structural engineering or equipment fabrication.",Methodology Team,2026-07-22,4,"Semi-finished base metal shape, casting, or metallurgical product (OTHER BARS AND RODS OF STAINLESS STEEL; ANGLES, SHAPES AND SECTIONS OF STAINLESS STEEL) incorporated into structural engineering or equipment fabrication.",false,"Processed metal intermediate input utilized extensively across domestic engineering, automotive, and infrastructure sectors."
7225,intermediate input,"Semi-finished base metal shape, casting, or metallurgical product (FLT) incorporated into structural engineering or equipment fabrication.",Methodology Team,2026-07-22,4,"Semi-finished base metal shape, casting, or metallurgical product (FLT) incorporated into structural engineering or equipment fabrication.",false,"Processed metal intermediate input utilized extensively across domestic engineering, automotive, and infrastructure sectors."
7304,intermediate input,"Semi-finished base metal shape, casting, or metallurgical product (TUBES, PIPES AND HOLLOW PROFILES, SEAMLESS, OF IRON (OTHER THAN CAST IRON) OR STEEL) incorporated into structural engineering or equipment fabrication.",Methodology Team,2026-07-22,4,"Semi-finished base metal shape, casting, or metallurgical product (TUBES, PIPES AND HOLLOW PROFILES, SEAMLESS, OF IRON (OTHER THAN CAST IRON) OR STEEL) incorporated into structural engineering or equipment fabrication.",false,"Processed metal intermediate input utilized extensively across domestic engineering, automotive, and infrastructure sectors."
7305,intermediate input,"Semi-finished base metal shape, casting, or metallurgical product (OTHR TUBESANDPIPES,(E.G.WELDED,RIVETED ETC) HAVNG CIRCLR CRS SCTN,THE EXTRNL DIAMETR OF WHCH EXCDS 406.4MM, OF IRON/STL) incorporated into structural engineering or equipment fabrication.",Methodology Team,2026-07-22,4,"Semi-finished base metal shape, casting, or metallurgical product (OTHR TUBESANDPIPES,(E.G.WELDED,RIVETED ETC) HAVNG CIRCLR CRS SCTN,THE EXTRNL DIAMETR OF WHCH EXCDS 406.4MM, OF IRON/STL) incorporated into structural engineering or equipment fabrication.",false,"Processed metal intermediate input utilized extensively across domestic engineering, automotive, and infrastructure sectors."
7306,intermediate input,"Semi-finished base metal shape, casting, or metallurgical product (OTHER TUBES, PIPES AND HOLLOW PROFILES ( FOR EXAMPLE, OPEN SEAM OR WELDED, RIVETED OR SIMILARLY CLOSED), OF IRON OR STE) incorporated into structural engineering or equipment fabrication.",Methodology Team,2026-07-22,4,"Semi-finished base metal shape, casting, or metallurgical product (OTHER TUBES, PIPES AND HOLLOW PROFILES ( FOR EXAMPLE, OPEN SEAM OR WELDED, RIVETED OR SIMILARLY CLOSED), OF IRON OR STE) incorporated into structural engineering or equipment fabrication.",false,"Processed metal intermediate input utilized extensively across domestic engineering, automotive, and infrastructure sectors."
7307,intermediate input,"Semi-finished base metal shape, casting, or metallurgical product (TUBE OR PIPE FITTINGS (FOR EXAMPLE, COUPLINGS, ELBOW SLEEVES), OF IRON OR STEEL) incorporated into structural engineering or equipment fabrication.",Methodology Team,2026-07-22,4,"Semi-finished base metal shape, casting, or metallurgical product (TUBE OR PIPE FITTINGS (FOR EXAMPLE, COUPLINGS, ELBOW SLEEVES), OF IRON OR STEEL) incorporated into structural engineering or equipment fabrication.",false,"Processed metal intermediate input utilized extensively across domestic engineering, automotive, and infrastructure sectors."
7308,finished product,"Fully assembled manufactured product (STRUCTRS(EXCL PREFABRICTD BLDNGS OF HDG NO.9406)AND PARTS E.G.BRIDGES ROOFS DOORS TUBES ETC USED IN STRUCTRS OF IRON) predominantly ready for final retail, commercial, or consumer use.",Methodology Team,2026-07-22,4,"Fully assembled manufactured product (STRUCTRS(EXCL PREFABRICTD BLDNGS OF HDG NO.9406)AND PARTS E.G.BRIDGES ROOFS DOORS TUBES ETC USED IN STRUCTRS OF IRON) predominantly ready for final retail, commercial, or consumer use.",false,Finished product distributed through commercial and retail supply chains for final consumption and deployment.
7318,intermediate input,"Dual-use item (SCRWES,BOLTS,NUTS,COACHSCREWS,SCREW HOOKS RIVETS,COTTERS,COTTER) utilized both as an industrial intermediate input and as a finished equipment/consumer good across diverse sectors.",Methodology Team,2026-07-22,4,"Dual-use item (SCRWES,BOLTS,NUTS,COACHSCREWS,SCREW HOOKS RIVETS,COTTERS,COTTER) utilized both as an industrial intermediate input and as a finished equipment/consumer good across diverse sectors.",true,Empirical trade flows indicate dual sourcing for both industrial assembly lines and direct commercial or consumer end markets.
7325,intermediate input,Dual-use item (OTHER CAST ARTICLES OF IRON OR STEEL) utilized both as an industrial intermediate input and as a finished equipment/consumer good across diverse sectors.,Methodology Team,2026-07-22,4,Dual-use item (OTHER CAST ARTICLES OF IRON OR STEEL) utilized both as an industrial intermediate input and as a finished equipment/consumer good across diverse sectors.,true,Empirical trade flows indicate dual sourcing for both industrial assembly lines and direct commercial or consumer end markets.
7326,intermediate input,Dual-use item (OTHER ARTICLES OF IRON OR STEEL) utilized both as an industrial intermediate input and as a finished equipment/consumer good across diverse sectors.,Methodology Team,2026-07-22,4,Dual-use item (OTHER ARTICLES OF IRON OR STEEL) utilized both as an industrial intermediate input and as a finished equipment/consumer good across diverse sectors.,true,Empirical trade flows indicate dual sourcing for both industrial assembly lines and direct commercial or consumer end markets.
7402,intermediate input,"Semi-finished base metal shape, casting, or metallurgical product (UNREFINED COPPER; COPPER ANODES FOR ELECTROLYTIC REFINING) incorporated into structural engineering or equipment fabrication.",Methodology Team,2026-07-22,4,"Semi-finished base metal shape, casting, or metallurgical product (UNREFINED COPPER; COPPER ANODES FOR ELECTROLYTIC REFINING) incorporated into structural engineering or equipment fabrication.",false,"Processed metal intermediate input utilized extensively across domestic engineering, automotive, and infrastructure sectors."
7403,intermediate input,"Semi-finished base metal shape, casting, or metallurgical product (REFINED COPPER AND COPPER ALLOYS, UNWROUGHT) incorporated into structural engineering or equipment fabrication.",Methodology Team,2026-07-22,4,"Semi-finished base metal shape, casting, or metallurgical product (REFINED COPPER AND COPPER ALLOYS, UNWROUGHT) incorporated into structural engineering or equipment fabrication.",false,"Processed metal intermediate input utilized extensively across domestic engineering, automotive, and infrastructure sectors."
7404,raw material,Primary unprocessed material or scrap feedstock (COPPER WASTE AND SCRAP) entering basic material extraction and refining cycles.,Methodology Team,2026-07-22,4,Primary unprocessed material or scrap feedstock (COPPER WASTE AND SCRAP) entering basic material extraction and refining cycles.,false,Unprocessed material or recovered industrial scrap serving as foundational feedstock for heavy manufacturing.
7408,intermediate input,"Semi-finished base metal shape, casting, or metallurgical product (COPPER WIRE) incorporated into structural engineering or equipment fabrication.",Methodology Team,2026-07-22,4,"Semi-finished base metal shape, casting, or metallurgical product (COPPER WIRE) incorporated into structural engineering or equipment fabrication.",false,"Processed metal intermediate input utilized extensively across domestic engineering, automotive, and infrastructure sectors."
7411,intermediate input,"Semi-finished base metal shape, casting, or metallurgical product (COPPER TUBES AND PIPES) incorporated into structural engineering or equipment fabrication.",Methodology Team,2026-07-22,4,"Semi-finished base metal shape, casting, or metallurgical product (COPPER TUBES AND PIPES) incorporated into structural engineering or equipment fabrication.",false,"Processed metal intermediate input utilized extensively across domestic engineering, automotive, and infrastructure sectors."
7601,intermediate input,"Semi-finished base metal shape, casting, or metallurgical product (UNWROUGHT ALUMINIUM) incorporated into structural engineering or equipment fabrication.",Methodology Team,2026-07-22,4,"Semi-finished base metal shape, casting, or metallurgical product (UNWROUGHT ALUMINIUM) incorporated into structural engineering or equipment fabrication.",false,"Processed metal intermediate input utilized extensively across domestic engineering, automotive, and infrastructure sectors."
7602,raw material,Primary unprocessed material or scrap feedstock (ALUMINIUM WASTE AND SCRAP) entering basic material extraction and refining cycles.,Methodology Team,2026-07-22,4,Primary unprocessed material or scrap feedstock (ALUMINIUM WASTE AND SCRAP) entering basic material extraction and refining cycles.,false,Unprocessed material or recovered industrial scrap serving as foundational feedstock for heavy manufacturing.
7606,intermediate input,"Semi-finished base metal shape, casting, or metallurgical product (ALMNM PLTS,SHTS AND STRP OF THCKNS>0.2 MM) incorporated into structural engineering or equipment fabrication.",Methodology Team,2026-07-22,4,"Semi-finished base metal shape, casting, or metallurgical product (ALMNM PLTS,SHTS AND STRP OF THCKNS>0.2 MM) incorporated into structural engineering or equipment fabrication.",false,"Processed metal intermediate input utilized extensively across domestic engineering, automotive, and infrastructure sectors."
7607,intermediate input,Dual-use item (ALMNM FOIL(W/N PRNTD/BCKD WTH PAPR PAPRBOARD) utilized both as an industrial intermediate input and as a finished equipment/consumer good across diverse sectors.,Methodology Team,2026-07-22,4,Dual-use item (ALMNM FOIL(W/N PRNTD/BCKD WTH PAPR PAPRBOARD) utilized both as an industrial intermediate input and as a finished equipment/consumer good across diverse sectors.,true,Empirical trade flows indicate dual sourcing for both industrial assembly lines and direct commercial or consumer end markets.
7610,intermediate input,"Semi-finished base metal shape, casting, or metallurgical product (ALMNM STRCTRS AND PRTS OF STRCTRS(BRDGS TOWRS,ROOFS ETC.)ALMNM PLATES) incorporated into structural engineering or equipment fabrication.",Methodology Team,2026-07-22,4,"Semi-finished base metal shape, casting, or metallurgical product (ALMNM STRCTRS AND PRTS OF STRCTRS(BRDGS TOWRS,ROOFS ETC.)ALMNM PLATES) incorporated into structural engineering or equipment fabrication.",false,"Processed metal intermediate input utilized extensively across domestic engineering, automotive, and infrastructure sectors."
7616,intermediate input,Dual-use item (OTHER ARTICLES OF ALUMINIUM) utilized both as an industrial intermediate input and as a finished equipment/consumer good across diverse sectors.,Methodology Team,2026-07-22,4,Dual-use item (OTHER ARTICLES OF ALUMINIUM) utilized both as an industrial intermediate input and as a finished equipment/consumer good across diverse sectors.,true,Empirical trade flows indicate dual sourcing for both industrial assembly lines and direct commercial or consumer end markets.
7801,intermediate input,"Semi-finished base metal shape, casting, or metallurgical product (UNWROUGHT LEAD) incorporated into structural engineering or equipment fabrication.",Methodology Team,2026-07-22,4,"Semi-finished base metal shape, casting, or metallurgical product (UNWROUGHT LEAD) incorporated into structural engineering or equipment fabrication.",false,"Processed metal intermediate input utilized extensively across domestic engineering, automotive, and infrastructure sectors."
7901,intermediate input,"Semi-finished base metal shape, casting, or metallurgical product (UNWROUGHT ZINC) incorporated into structural engineering or equipment fabrication.",Methodology Team,2026-07-22,4,"Semi-finished base metal shape, casting, or metallurgical product (UNWROUGHT ZINC) incorporated into structural engineering or equipment fabrication.",false,"Processed metal intermediate input utilized extensively across domestic engineering, automotive, and infrastructure sectors."
8207,intermediate input,Dual-use item (INTRCHANGBL TOOLS FOR HND TOOLS W/N POWR OPERATD OR FOR MACHIN TOOL(E.G.FOR PRESNG STAMPING ETC.)DIES FR DRILNG/BORNG T) utilized both as an industrial intermediate input and as a finished equipment/consumer good across diverse sectors.,Methodology Team,2026-07-22,4,Dual-use item (INTRCHANGBL TOOLS FOR HND TOOLS W/N POWR OPERATD OR FOR MACHIN TOOL(E.G.FOR PRESNG STAMPING ETC.)DIES FR DRILNG/BORNG T) utilized both as an industrial intermediate input and as a finished equipment/consumer good across diverse sectors.,true,Empirical trade flows indicate dual sourcing for both industrial assembly lines and direct commercial or consumer end markets.
8408,capital good,Dual-use item (COMPRESSION) utilized both as an industrial intermediate input and as a finished equipment/consumer good across diverse sectors.,Methodology Team,2026-07-22,4,Dual-use item (COMPRESSION) utilized both as an industrial intermediate input and as a finished equipment/consumer good across diverse sectors.,true,Empirical trade flows indicate dual sourcing for both industrial assembly lines and direct commercial or consumer end markets.
8409,intermediate input,"Specialized industrial component, part, or sub-assembly (PARTS SUITABLE FOR USE SOLELY OR PRINCIPALLY WITH THE ENGINES OF HEADING 8407 OR 8408) integrated into capital machinery or electrical systems.",Methodology Team,2026-07-22,4,"Specialized industrial component, part, or sub-assembly (PARTS SUITABLE FOR USE SOLELY OR PRINCIPALLY WITH THE ENGINES OF HEADING 8407 OR 8408) integrated into capital machinery or electrical systems.",false,Precision manufactured part and intermediate sub-assembly feeding electronics assembly and industrial machinery production.
8411,capital good,"Industrial machinery, automation equipment, or heavy electrical plant (TURBO) deployed for long-term productive manufacturing.",Methodology Team,2026-07-22,4,"Industrial machinery, automation equipment, or heavy electrical plant (TURBO) deployed for long-term productive manufacturing.",false,Durable capital asset and production machinery installed in manufacturing facilities to generate industrial output.
8412,capital good,"Industrial machinery, automation equipment, or heavy electrical plant (OTHER ENGINES AND MOTORS) deployed for long-term productive manufacturing.",Methodology Team,2026-07-22,4,"Industrial machinery, automation equipment, or heavy electrical plant (OTHER ENGINES AND MOTORS) deployed for long-term productive manufacturing.",false,Durable capital asset and production machinery installed in manufacturing facilities to generate industrial output.
8413,capital good,"Industrial machinery, automation equipment, or heavy electrical plant (PUMPS FOR LIQUIDS, WHETHER OR NOT FITTED WITH A) deployed for long-term productive manufacturing.",Methodology Team,2026-07-22,4,"Industrial machinery, automation equipment, or heavy electrical plant (PUMPS FOR LIQUIDS, WHETHER OR NOT FITTED WITH A) deployed for long-term productive manufacturing.",false,Durable capital asset and production machinery installed in manufacturing facilities to generate industrial output.
8414,capital good,"Industrial machinery, automation equipment, or heavy electrical plant (AIR/VACUUM PUMPS,AIR/OTHR GAS COMPRSRS AND FANS;VNTLTNG/RCYCLNG HOODS INCRPRTNG A FAN,W/N FITTED WITH FILTERS) deployed for long-term productive manufacturing.",Methodology Team,2026-07-22,4,"Industrial machinery, automation equipment, or heavy electrical plant (AIR/VACUUM PUMPS,AIR/OTHR GAS COMPRSRS AND FANS;VNTLTNG/RCYCLNG HOODS INCRPRTNG A FAN,W/N FITTED WITH FILTERS) deployed for long-term productive manufacturing.",false,Durable capital asset and production machinery installed in manufacturing facilities to generate industrial output.
8415,finished product,"Dual-use item (AIRCONDTNG MCHNS,CMPRSNG MOTR) utilized both as an industrial intermediate input and as a finished equipment/consumer good across diverse sectors.",Methodology Team,2026-07-22,4,"Dual-use item (AIRCONDTNG MCHNS,CMPRSNG MOTR) utilized both as an industrial intermediate input and as a finished equipment/consumer good across diverse sectors.",true,Empirical trade flows indicate dual sourcing for both industrial assembly lines and direct commercial or consumer end markets.
8419,capital good,"Dual-use item (MCHNRY,PLNT/LABORATORY EQPMNT,W/N ELCTRCLYHEATD,FR HEATNG,COOKNG,ETC,EXCL MCHNRY FR DOMSTC PURPS;STORG WTR HEATRS,NON) utilized both as an industrial intermediate input and as a finished equipment/consumer good across diverse sectors.",Methodology Team,2026-07-22,4,"Dual-use item (MCHNRY,PLNT/LABORATORY EQPMNT,W/N ELCTRCLYHEATD,FR HEATNG,COOKNG,ETC,EXCL MCHNRY FR DOMSTC PURPS;STORG WTR HEATRS,NON) utilized both as an industrial intermediate input and as a finished equipment/consumer good across diverse sectors.",true,Empirical trade flows indicate dual sourcing for both industrial assembly lines and direct commercial or consumer end markets.
8421,capital good,"Industrial machinery, automation equipment, or heavy electrical plant (CENTRIFUGES, INCLUDING CENTRIFUGAL DRYERS; FILTERING OR PURIFYING MACHINERY AND APPARATUS, FOR LIQUIDS OR GASES) deployed for long-term productive manufacturing.",Methodology Team,2026-07-22,4,"Industrial machinery, automation equipment, or heavy electrical plant (CENTRIFUGES, INCLUDING CENTRIFUGAL DRYERS; FILTERING OR PURIFYING MACHINERY AND APPARATUS, FOR LIQUIDS OR GASES) deployed for long-term productive manufacturing.",false,Durable capital asset and production machinery installed in manufacturing facilities to generate industrial output.
8422,capital good,"Dual-use item (DISH WASHING MACHINES; MACHINERY FOR CLEANING OR DRYING BOTTLES OR OTHER CONTAINERS; MACHINERY FOR FILLING, C) utilized both as an industrial intermediate input and as a finished equipment/consumer good across diverse sectors.",Methodology Team,2026-07-22,4,"Dual-use item (DISH WASHING MACHINES; MACHINERY FOR CLEANING OR DRYING BOTTLES OR OTHER CONTAINERS; MACHINERY FOR FILLING, C) utilized both as an industrial intermediate input and as a finished equipment/consumer good across diverse sectors.",true,Empirical trade flows indicate dual sourcing for both industrial assembly lines and direct commercial or consumer end markets.
8426,capital good,"Industrial machinery, automation equipment, or heavy electrical plant (DERRICKS;CRNS,INCL CABLE CRNS;MOBL LFTNG FRMS,STRDL CRRS AND WRKS TRCKS FTD WTH A CRN) deployed for long-term productive manufacturing.",Methodology Team,2026-07-22,4,"Industrial machinery, automation equipment, or heavy electrical plant (DERRICKS;CRNS,INCL CABLE CRNS;MOBL LFTNG FRMS,STRDL CRRS AND WRKS TRCKS FTD WTH A CRN) deployed for long-term productive manufacturing.",false,Durable capital asset and production machinery installed in manufacturing facilities to generate industrial output.
8428,capital good,"Dual-use item (OTHER LIFTING, HANDLING, LOADING OR UNLOADING MACHINERY (FOR EXAMPLE, LIFTS, ESCALATORS, CONVEYORS, TELEFERICS)) utilized both as an industrial intermediate input and as a finished equipment/consumer good across diverse sectors.",Methodology Team,2026-07-22,4,"Dual-use item (OTHER LIFTING, HANDLING, LOADING OR UNLOADING MACHINERY (FOR EXAMPLE, LIFTS, ESCALATORS, CONVEYORS, TELEFERICS)) utilized both as an industrial intermediate input and as a finished equipment/consumer good across diverse sectors.",true,Empirical trade flows indicate dual sourcing for both industrial assembly lines and direct commercial or consumer end markets.
8429,capital good,"Industrial machinery, automation equipment, or heavy electrical plant (SLF) deployed for long-term productive manufacturing.",Methodology Team,2026-07-22,4,"Industrial machinery, automation equipment, or heavy electrical plant (SLF) deployed for long-term productive manufacturing.",false,Durable capital asset and production machinery installed in manufacturing facilities to generate industrial output.
8431,intermediate input,"Specialized industrial component, part, or sub-assembly (PRTS SUITBL FR USE SOLELY/PRNCPLY WTH THE MCHNRY OF HDGS.NOS.8425 TO 8430) integrated into capital machinery or electrical systems.",Methodology Team,2026-07-22,4,"Specialized industrial component, part, or sub-assembly (PRTS SUITBL FR USE SOLELY/PRNCPLY WTH THE MCHNRY OF HDGS.NOS.8425 TO 8430) integrated into capital machinery or electrical systems.",false,Precision manufactured part and intermediate sub-assembly feeding electronics assembly and industrial machinery production.
8443,capital good,"Industrial machinery, automation equipment, or heavy electrical plant (PRINTNG MACHNRY,INCL INK) deployed for long-term productive manufacturing.",Methodology Team,2026-07-22,4,"Industrial machinery, automation equipment, or heavy electrical plant (PRINTNG MACHNRY,INCL INK) deployed for long-term productive manufacturing.",false,Durable capital asset and production machinery installed in manufacturing facilities to generate industrial output.
8446,capital good,"Industrial machinery, automation equipment, or heavy electrical plant (WEAVING MACHINES (LOOMS)) deployed for long-term productive manufacturing.",Methodology Team,2026-07-22,4,"Industrial machinery, automation equipment, or heavy electrical plant (WEAVING MACHINES (LOOMS)) deployed for long-term productive manufacturing.",false,Durable capital asset and production machinery installed in manufacturing facilities to generate industrial output.
8447,capital good,"Industrial machinery, automation equipment, or heavy electrical plant (KNTNG MCHNS,STCH) deployed for long-term productive manufacturing.",Methodology Team,2026-07-22,4,"Industrial machinery, automation equipment, or heavy electrical plant (KNTNG MCHNS,STCH) deployed for long-term productive manufacturing.",false,Durable capital asset and production machinery installed in manufacturing facilities to generate industrial output.
8455,capital good,"Industrial machinery, automation equipment, or heavy electrical plant (METAL) deployed for long-term productive manufacturing.",Methodology Team,2026-07-22,4,"Industrial machinery, automation equipment, or heavy electrical plant (METAL) deployed for long-term productive manufacturing.",false,Durable capital asset and production machinery installed in manufacturing facilities to generate industrial output.
8462,capital good,"Industrial machinery, automation equipment, or heavy electrical plant (MCHN) deployed for long-term productive manufacturing.",Methodology Team,2026-07-22,4,"Industrial machinery, automation equipment, or heavy electrical plant (MCHN) deployed for long-term productive manufacturing.",false,Durable capital asset and production machinery installed in manufacturing facilities to generate industrial output.
8466,intermediate input,"Specialized industrial component, part, or sub-assembly (PRTS AND ACCSSRS SUITBL FR USE WTH MCHNS OF HDG NOS8456 TO 8465,INCL WRK/TOOL HOLDRS,SLF) integrated into capital machinery or electrical systems.",Methodology Team,2026-07-22,4,"Specialized industrial component, part, or sub-assembly (PRTS AND ACCSSRS SUITBL FR USE WTH MCHNS OF HDG NOS8456 TO 8465,INCL WRK/TOOL HOLDRS,SLF) integrated into capital machinery or electrical systems.",false,Precision manufactured part and intermediate sub-assembly feeding electronics assembly and industrial machinery production.
8471,capital good,Dual-use item (AUTOMATIC DATA PROCESSING MACHINES AND UNITS) utilized both as an industrial intermediate input and as a finished equipment/consumer good across diverse sectors.,Methodology Team,2026-07-22,4,Dual-use item (AUTOMATIC DATA PROCESSING MACHINES AND UNITS) utilized both as an industrial intermediate input and as a finished equipment/consumer good across diverse sectors.,true,Empirical trade flows indicate dual sourcing for both industrial assembly lines and direct commercial or consumer end markets.
8473,intermediate input,"Specialized industrial component, part, or sub-assembly (PARTS AND ACCESSORIES OTH THN COVERS, CARRYING CASES)SUITABLE FOR USE SOLELY /PRINCIPALLY WITH MACHINES OF HDG 8470 TO 8472) integrated into capital machinery or electrical systems.",Methodology Team,2026-07-22,4,"Specialized industrial component, part, or sub-assembly (PARTS AND ACCESSORIES OTH THN COVERS, CARRYING CASES)SUITABLE FOR USE SOLELY /PRINCIPALLY WITH MACHINES OF HDG 8470 TO 8472) integrated into capital machinery or electrical systems.",false,Precision manufactured part and intermediate sub-assembly feeding electronics assembly and industrial machinery production.
8474,capital good,"Industrial machinery, automation equipment, or heavy electrical plant (MCHNRY FR SORTNG,SCRENG,SEPARTNG,WASHNG, CRSHNG ETC OF MNRL SUBSTNCS,IN SOLID FORM MCHNS FR SHPNG MNRL FUELANDFRMNG MLD) deployed for long-term productive manufacturing.",Methodology Team,2026-07-22,4,"Industrial machinery, automation equipment, or heavy electrical plant (MCHNRY FR SORTNG,SCRENG,SEPARTNG,WASHNG, CRSHNG ETC OF MNRL SUBSTNCS,IN SOLID FORM MCHNS FR SHPNG MNRL FUELANDFRMNG MLD) deployed for long-term productive manufacturing.",false,Durable capital asset and production machinery installed in manufacturing facilities to generate industrial output.
8477,capital good,"Industrial machinery, automation equipment, or heavy electrical plant (MCHNR FR WRKNG RUBBR/PLSTCS/FR THE MNFCTR OF PRDCTS FROM THESE MTRLS,N.E.S.) deployed for long-term productive manufacturing.",Methodology Team,2026-07-22,4,"Industrial machinery, automation equipment, or heavy electrical plant (MCHNR FR WRKNG RUBBR/PLSTCS/FR THE MNFCTR OF PRDCTS FROM THESE MTRLS,N.E.S.) deployed for long-term productive manufacturing.",false,Durable capital asset and production machinery installed in manufacturing facilities to generate industrial output.
8479,capital good,"Industrial machinery, automation equipment, or heavy electrical plant (MCHNS AND MCHNCL APPLNCS HVNG INDVDL FUNCTNS,N.E.S.) deployed for long-term productive manufacturing.",Methodology Team,2026-07-22,4,"Industrial machinery, automation equipment, or heavy electrical plant (MCHNS AND MCHNCL APPLNCS HVNG INDVDL FUNCTNS,N.E.S.) deployed for long-term productive manufacturing.",false,Durable capital asset and production machinery installed in manufacturing facilities to generate industrial output.
8480,capital good,"Dual-use item (MOULDING BOXES FOR METAL FOUNDRY; MOULD BASES; MOULDING PATTERNS; MOULDS FOR METAL (OTHER THAN INGOT MOULDS), METAL CA) utilized both as an industrial intermediate input and as a finished equipment/consumer good across diverse sectors.",Methodology Team,2026-07-22,4,"Dual-use item (MOULDING BOXES FOR METAL FOUNDRY; MOULD BASES; MOULDING PATTERNS; MOULDS FOR METAL (OTHER THAN INGOT MOULDS), METAL CA) utilized both as an industrial intermediate input and as a finished equipment/consumer good across diverse sectors.",true,Empirical trade flows indicate dual sourcing for both industrial assembly lines and direct commercial or consumer end markets.
8481,intermediate input,"Specialized industrial component, part, or sub-assembly (TAPS, COCKS, VALVES AND SIMILAR APPLIANCES FOR PIPES, BOILER SHELLS, TANKS, VATS OR THE LIKE, INCLUDING PRESSURE) integrated into capital machinery or electrical systems.",Methodology Team,2026-07-22,4,"Specialized industrial component, part, or sub-assembly (TAPS, COCKS, VALVES AND SIMILAR APPLIANCES FOR PIPES, BOILER SHELLS, TANKS, VATS OR THE LIKE, INCLUDING PRESSURE) integrated into capital machinery or electrical systems.",false,Precision manufactured part and intermediate sub-assembly feeding electronics assembly and industrial machinery production.
8482,capital good,"Industrial machinery, automation equipment, or heavy electrical plant (BALL OR ROLLER BEARINGS) deployed for long-term productive manufacturing.",Methodology Team,2026-07-22,4,"Industrial machinery, automation equipment, or heavy electrical plant (BALL OR ROLLER BEARINGS) deployed for long-term productive manufacturing.",false,Durable capital asset and production machinery installed in manufacturing facilities to generate industrial output.
8483,intermediate input,"Specialized industrial component, part, or sub-assembly (TRNSMSN SHFTS AND CRNKS;GEARS;BALL SCREWS; BEARING HOUSING ANDOTHR PLAIN SHFT BEARINGS SPD CHNGRS INCL TORQUE CNVRTRSFF) integrated into capital machinery or electrical systems.",Methodology Team,2026-07-22,4,"Specialized industrial component, part, or sub-assembly (TRNSMSN SHFTS AND CRNKS;GEARS;BALL SCREWS; BEARING HOUSING ANDOTHR PLAIN SHFT BEARINGS SPD CHNGRS INCL TORQUE CNVRTRSFF) integrated into capital machinery or electrical systems.",false,Precision manufactured part and intermediate sub-assembly feeding electronics assembly and industrial machinery production.
8486,capital good,"Industrial machinery, automation equipment, or heavy electrical plant (MACHINES AND APPARATUS OF A KIND USED SOLELY FOR THE MANUFACTURE OF SEMICONDUCTOR BOULES OR WAFERS, DEVI) deployed for long-term productive manufacturing.",Methodology Team,2026-07-22,4,"Industrial machinery, automation equipment, or heavy electrical plant (MACHINES AND APPARATUS OF A KIND USED SOLELY FOR THE MANUFACTURE OF SEMICONDUCTOR BOULES OR WAFERS, DEVI) deployed for long-term productive manufacturing.",false,Durable capital asset and production machinery installed in manufacturing facilities to generate industrial output.
8501,intermediate input,"Specialized industrial component, part, or sub-assembly (ELCTRC MOTRS AND GENRTRS(EXCL GENRTNG SETS)) integrated into capital machinery or electrical systems.",Methodology Team,2026-07-22,4,"Specialized industrial component, part, or sub-assembly (ELCTRC MOTRS AND GENRTRS(EXCL GENRTNG SETS)) integrated into capital machinery or electrical systems.",false,Precision manufactured part and intermediate sub-assembly feeding electronics assembly and industrial machinery production.
8502,capital good,"Industrial machinery, automation equipment, or heavy electrical plant (ELECTRIC GENERATING SETS AND ROTARY CONVERTERS) deployed for long-term productive manufacturing.",Methodology Team,2026-07-22,4,"Industrial machinery, automation equipment, or heavy electrical plant (ELECTRIC GENERATING SETS AND ROTARY CONVERTERS) deployed for long-term productive manufacturing.",false,Durable capital asset and production machinery installed in manufacturing facilities to generate industrial output.
8503,intermediate input,Dual-use item (PARTS SUITABLE FOR USE SOLELY OR PRINCIPALLY WITH THE MACHINES OF HEADING 8501 OR 8502) utilized both as an industrial intermediate input and as a finished equipment/consumer good across diverse sectors.,Methodology Team,2026-07-22,4,Dual-use item (PARTS SUITABLE FOR USE SOLELY OR PRINCIPALLY WITH THE MACHINES OF HEADING 8501 OR 8502) utilized both as an industrial intermediate input and as a finished equipment/consumer good across diverse sectors.,true,Empirical trade flows indicate dual sourcing for both industrial assembly lines and direct commercial or consumer end markets.
8504,capital good,"Dual-use item (ELECTRICAL TRANSFORMERS, STATIC CONVERTERS (FOR EXAMPLE, RECTIFIERS) AND INDUCTORS) utilized both as an industrial intermediate input and as a finished equipment/consumer good across diverse sectors.",Methodology Team,2026-07-22,4,"Dual-use item (ELECTRICAL TRANSFORMERS, STATIC CONVERTERS (FOR EXAMPLE, RECTIFIERS) AND INDUCTORS) utilized both as an industrial intermediate input and as a finished equipment/consumer good across diverse sectors.",true,Empirical trade flows indicate dual sourcing for both industrial assembly lines and direct commercial or consumer end markets.
8507,intermediate input,"Specialized industrial component, part, or sub-assembly (ELCTRC ACCUMLTRS,INCL SEPARATORS THEREFOR W/N RECTANGULAR(INCL SQ)) integrated into capital machinery or electrical systems.",Methodology Team,2026-07-22,4,"Specialized industrial component, part, or sub-assembly (ELCTRC ACCUMLTRS,INCL SEPARATORS THEREFOR W/N RECTANGULAR(INCL SQ)) integrated into capital machinery or electrical systems.",false,Precision manufactured part and intermediate sub-assembly feeding electronics assembly and industrial machinery production.
8517,finished product,"Dual-use item (ELCTRCL APARTS FR LINE TELEPHNY/TELGRPHY, INCL TELPHON SETS WTH CORDLS HANDSET CARIER) utilized both as an industrial intermediate input and as a finished equipment/consumer good across diverse sectors.",Methodology Team,2026-07-22,4,"Dual-use item (ELCTRCL APARTS FR LINE TELEPHNY/TELGRPHY, INCL TELPHON SETS WTH CORDLS HANDSET CARIER) utilized both as an industrial intermediate input and as a finished equipment/consumer good across diverse sectors.",true,Empirical trade flows indicate dual sourcing for both industrial assembly lines and direct commercial or consumer end markets.
8518,intermediate input,"Specialized industrial component, part, or sub-assembly (MCROPHONESANDSTNDS THRFR;LOUDSPKR,W/N MNTD HEADPHONE,EARPHONE AND COMBND MCROPHONE/SPKRSETS;AUDIO FRQNCY AMPLFYR;SND AM) integrated into capital machinery or electrical systems.",Methodology Team,2026-07-22,4,"Specialized industrial component, part, or sub-assembly (MCROPHONESANDSTNDS THRFR;LOUDSPKR,W/N MNTD HEADPHONE,EARPHONE AND COMBND MCROPHONE/SPKRSETS;AUDIO FRQNCY AMPLFYR;SND AM) integrated into capital machinery or electrical systems.",false,Precision manufactured part and intermediate sub-assembly feeding electronics assembly and industrial machinery production.
8523,intermediate input,"Dual-use item (PREPRD UNRECORDED MEDIA FOR SOUND RECRDNG/SMLR RECRDNG OF OTHR PHENOMENA,OTHR THN PRDCTS OF CH.37) utilized both as an industrial intermediate input and as a finished equipment/consumer good across diverse sectors.",Methodology Team,2026-07-22,4,"Dual-use item (PREPRD UNRECORDED MEDIA FOR SOUND RECRDNG/SMLR RECRDNG OF OTHR PHENOMENA,OTHR THN PRDCTS OF CH.37) utilized both as an industrial intermediate input and as a finished equipment/consumer good across diverse sectors.",true,Empirical trade flows indicate dual sourcing for both industrial assembly lines and direct commercial or consumer end markets.
8524,intermediate input,"Specialized industrial component, part, or sub-assembly (*RECORDS,TAPES & OTHR RECORDED MEDIA FOR SOUND/OTHR SMLRLY RECORDED PHENOMENA BUT EXCL PRDCTS OF CHAPTER 37) integrated into capital machinery or electrical systems.",Methodology Team,2026-07-22,4,"Specialized industrial component, part, or sub-assembly (*RECORDS,TAPES & OTHR RECORDED MEDIA FOR SOUND/OTHR SMLRLY RECORDED PHENOMENA BUT EXCL PRDCTS OF CHAPTER 37) integrated into capital machinery or electrical systems.",false,Precision manufactured part and intermediate sub-assembly feeding electronics assembly and industrial machinery production.
8525,intermediate input,"Specialized industrial component, part, or sub-assembly (TRNSMISN APARATS FR RADIO,TELEPHNY ETC W/N INCRPRTNG RECEPTION APPRTS/SOUND RECORDING/REPRDCNG APPRTS;TV CAMERAS) integrated into capital machinery or electrical systems.",Methodology Team,2026-07-22,4,"Specialized industrial component, part, or sub-assembly (TRNSMISN APARATS FR RADIO,TELEPHNY ETC W/N INCRPRTNG RECEPTION APPRTS/SOUND RECORDING/REPRDCNG APPRTS;TV CAMERAS) integrated into capital machinery or electrical systems.",false,Precision manufactured part and intermediate sub-assembly feeding electronics assembly and industrial machinery production.
8528,finished product,"Dual-use item (RECEPTION APARATUS,WH/NOT INCORPRTNG RADIOBRODCST RECIVRS/SOUND/VIDEO RCORDNG/ REPRODUCING APARATUS,VIDEO MONITORS) utilized both as an industrial intermediate input and as a finished equipment/consumer good across diverse sectors.",Methodology Team,2026-07-22,4,"Dual-use item (RECEPTION APARATUS,WH/NOT INCORPRTNG RADIOBRODCST RECIVRS/SOUND/VIDEO RCORDNG/ REPRODUCING APARATUS,VIDEO MONITORS) utilized both as an industrial intermediate input and as a finished equipment/consumer good across diverse sectors.",true,Empirical trade flows indicate dual sourcing for both industrial assembly lines and direct commercial or consumer end markets.
8529,intermediate input,Dual-use item (PRTS SUITBL FR USE SOLELY/PRNCPLLY WTH APPRTS OF HDGS NOS 8525 TO 8528) utilized both as an industrial intermediate input and as a finished equipment/consumer good across diverse sectors.,Methodology Team,2026-07-22,4,Dual-use item (PRTS SUITBL FR USE SOLELY/PRNCPLLY WTH APPRTS OF HDGS NOS 8525 TO 8528) utilized both as an industrial intermediate input and as a finished equipment/consumer good across diverse sectors.,true,Empirical trade flows indicate dual sourcing for both industrial assembly lines and direct commercial or consumer end markets.
8532,intermediate input,"Specialized industrial component, part, or sub-assembly (ELCTRCL CAPACITORS FIXD,VARIABLE/ ADJUSTABLE(PRE) integrated into capital machinery or electrical systems.",Methodology Team,2026-07-22,4,"Specialized industrial component, part, or sub-assembly (ELCTRCL CAPACITORS FIXD,VARIABLE/ ADJUSTABLE(PRE) integrated into capital machinery or electrical systems.",false,Precision manufactured part and intermediate sub-assembly feeding electronics assembly and industrial machinery production.
8534,intermediate input,"Specialized industrial component, part, or sub-assembly (PRINTED CIRCUITS) integrated into capital machinery or electrical systems.",Methodology Team,2026-07-22,4,"Specialized industrial component, part, or sub-assembly (PRINTED CIRCUITS) integrated into capital machinery or electrical systems.",false,Precision manufactured part and intermediate sub-assembly feeding electronics assembly and industrial machinery production.
8536,intermediate input,"Specialized industrial component, part, or sub-assembly (ELCTRCLS APPRTS FR SWTCHNG/PRTCTNG ELCTRCLCIRCUITS ETC.(E.G.SWTCHS RELAYS ETC.) FOR A VOLTAGE NOT EXCDG 1000 VOLTS) integrated into capital machinery or electrical systems.",Methodology Team,2026-07-22,4,"Specialized industrial component, part, or sub-assembly (ELCTRCLS APPRTS FR SWTCHNG/PRTCTNG ELCTRCLCIRCUITS ETC.(E.G.SWTCHS RELAYS ETC.) FOR A VOLTAGE NOT EXCDG 1000 VOLTS) integrated into capital machinery or electrical systems.",false,Precision manufactured part and intermediate sub-assembly feeding electronics assembly and industrial machinery production.
8537,intermediate input,"Dual-use item (BORDS PANLS ETC EQUIPD WTH TWO OR MORE APPRTS OF HDG 8535/8536,INCL THOSE INCORPRTNG INSTRMNTS/APPRTS OF CH 90) utilized both as an industrial intermediate input and as a finished equipment/consumer good across diverse sectors.",Methodology Team,2026-07-22,4,"Dual-use item (BORDS PANLS ETC EQUIPD WTH TWO OR MORE APPRTS OF HDG 8535/8536,INCL THOSE INCORPRTNG INSTRMNTS/APPRTS OF CH 90) utilized both as an industrial intermediate input and as a finished equipment/consumer good across diverse sectors.",true,Empirical trade flows indicate dual sourcing for both industrial assembly lines and direct commercial or consumer end markets.
8538,intermediate input,"Specialized industrial component, part, or sub-assembly (PRTS SUITBL FR USE SOLELY/PRINCIPALLY WTH THE APPRTS OF HDG NO.8535,8536/8537) integrated into capital machinery or electrical systems.",Methodology Team,2026-07-22,4,"Specialized industrial component, part, or sub-assembly (PRTS SUITBL FR USE SOLELY/PRINCIPALLY WTH THE APPRTS OF HDG NO.8535,8536/8537) integrated into capital machinery or electrical systems.",false,Precision manufactured part and intermediate sub-assembly feeding electronics assembly and industrial machinery production.
8541,intermediate input,"Dual-use item (SEMCOND DVS[SCD]( DIOD,TRNSTR,TRNSDCER); P SENST [SCD],P VOLT IF WITH MDL/ OF PNEL, LED,IF WITH LED;MTD PIEZO) utilized both as an industrial intermediate input and as a finished equipment/consumer good across diverse sectors.",Methodology Team,2026-07-22,4,"Dual-use item (SEMCOND DVS[SCD]( DIOD,TRNSTR,TRNSDCER); P SENST [SCD],P VOLT IF WITH MDL/ OF PNEL, LED,IF WITH LED;MTD PIEZO) utilized both as an industrial intermediate input and as a finished equipment/consumer good across diverse sectors.",true,Empirical trade flows indicate dual sourcing for both industrial assembly lines and direct commercial or consumer end markets.
8542,intermediate input,"Specialized industrial component, part, or sub-assembly (ELCTRNC INTEGRTD CIRCUITS AND MICRO) integrated into capital machinery or electrical systems.",Methodology Team,2026-07-22,4,"Specialized industrial component, part, or sub-assembly (ELCTRNC INTEGRTD CIRCUITS AND MICRO) integrated into capital machinery or electrical systems.",false,Precision manufactured part and intermediate sub-assembly feeding electronics assembly and industrial machinery production.
8543,capital good,"Dual-use item (ELCTRCL MCHNS AND APPRTS,HVNG INDIVIDUAL FNCTNS N.E.S.IN THIS CHAPTER) utilized both as an industrial intermediate input and as a finished equipment/consumer good across diverse sectors.",Methodology Team,2026-07-22,4,"Dual-use item (ELCTRCL MCHNS AND APPRTS,HVNG INDIVIDUAL FNCTNS N.E.S.IN THIS CHAPTER) utilized both as an industrial intermediate input and as a finished equipment/consumer good across diverse sectors.",true,Empirical trade flows indicate dual sourcing for both industrial assembly lines and direct commercial or consumer end markets.
8544,intermediate input,"Specialized industrial component, part, or sub-assembly (INSULATED (INCL ENAMELLED OR ANODISED) WIRE, CABLE (INCL CO) integrated into capital machinery or electrical systems.",Methodology Team,2026-07-22,4,"Specialized industrial component, part, or sub-assembly (INSULATED (INCL ENAMELLED OR ANODISED) WIRE, CABLE (INCL CO) integrated into capital machinery or electrical systems.",false,Precision manufactured part and intermediate sub-assembly feeding electronics assembly and industrial machinery production.
8701,finished product,"Finished consumer appliance, personal vehicle, or standalone device (TRACTORS (OTHER THAN TRACTORS OF HEADING 8709)) ready for household or individual usage.",Methodology Team,2026-07-22,4,"Finished consumer appliance, personal vehicle, or standalone device (TRACTORS (OTHER THAN TRACTORS OF HEADING 8709)) ready for household or individual usage.",false,Manufactured consumer equipment and finished vehicle product distributed directly to end-user retail channels.
8703,finished product,Dual-use item (MOTR CARS AND OTHR MOTR VHCLS FR TRNSPRT OF PERSONS(EXCL OF 8702)INCL RCNG CARS ETC) utilized both as an industrial intermediate input and as a finished equipment/consumer good across diverse sectors.,Methodology Team,2026-07-22,4,Dual-use item (MOTR CARS AND OTHR MOTR VHCLS FR TRNSPRT OF PERSONS(EXCL OF 8702)INCL RCNG CARS ETC) utilized both as an industrial intermediate input and as a finished equipment/consumer good across diverse sectors.,true,Empirical trade flows indicate dual sourcing for both industrial assembly lines and direct commercial or consumer end markets.
8704,finished product,Dual-use item (MOTOR VEHICLES FOR THE TRANSPORT OF GOODS) utilized both as an industrial intermediate input and as a finished equipment/consumer good across diverse sectors.,Methodology Team,2026-07-22,4,Dual-use item (MOTOR VEHICLES FOR THE TRANSPORT OF GOODS) utilized both as an industrial intermediate input and as a finished equipment/consumer good across diverse sectors.,true,Empirical trade flows indicate dual sourcing for both industrial assembly lines and direct commercial or consumer end markets.
8708,intermediate input,"Specialized industrial component, part, or sub-assembly (PARTS AND ACCESSORIES OF THE MOTOR VEHICLES OF HEADINGS 8701 TO 8705) integrated into capital machinery or electrical systems.",Methodology Team,2026-07-22,4,"Specialized industrial component, part, or sub-assembly (PARTS AND ACCESSORIES OF THE MOTOR VEHICLES OF HEADINGS 8701 TO 8705) integrated into capital machinery or electrical systems.",false,Precision manufactured part and intermediate sub-assembly feeding electronics assembly and industrial machinery production.
8711,finished product,"Finished consumer appliance, personal vehicle, or standalone device (MOTORCYCLES (INCLUDING MOPEDS) AND CYCLES FITTED WITH AN AUXILIARY MOTOR, WITH OR WITHOUT SIDE) ready for household or individual usage.",Methodology Team,2026-07-22,4,"Finished consumer appliance, personal vehicle, or standalone device (MOTORCYCLES (INCLUDING MOPEDS) AND CYCLES FITTED WITH AN AUXILIARY MOTOR, WITH OR WITHOUT SIDE) ready for household or individual usage.",false,Manufactured consumer equipment and finished vehicle product distributed directly to end-user retail channels.
8714,intermediate input,Dual-use item (PRTS AND ACCSSRS OF VHCLS OF HDG 8711) utilized both as an industrial intermediate input and as a finished equipment/consumer good across diverse sectors.,Methodology Team,2026-07-22,4,Dual-use item (PRTS AND ACCSSRS OF VHCLS OF HDG 8711) utilized both as an industrial intermediate input and as a finished equipment/consumer good across diverse sectors.,true,Empirical trade flows indicate dual sourcing for both industrial assembly lines and direct commercial or consumer end markets.
8802,capital good,"Commercial transport vehicle, railway stock, or maritime vessel (OTHR AIRCRAFT EXCEPT UNMANNED AIRCRAFT OF 8806(eg HELICOPTER, AEROPLANE)SPACECRAFT (INCL SATELLITE) AND SUBORBITAL AND SPACE) utilized as a productive logistics and freight asset.",Methodology Team,2026-07-22,4,"Commercial transport vehicle, railway stock, or maritime vessel (OTHR AIRCRAFT EXCEPT UNMANNED AIRCRAFT OF 8806(eg HELICOPTER, AEROPLANE)SPACECRAFT (INCL SATELLITE) AND SUBORBITAL AND SPACE) utilized as a productive logistics and freight asset.",false,Durable transport and logistics capital asset operating within national and international freight supply chains.
8807,intermediate input,"Specialized industrial component, part, or sub-assembly (PARTS OF GOODS OF HEADING 8801,8802 OR 8806) integrated into capital machinery or electrical systems.",Methodology Team,2026-07-22,4,"Specialized industrial component, part, or sub-assembly (PARTS OF GOODS OF HEADING 8801,8802 OR 8806) integrated into capital machinery or electrical systems.",false,Precision manufactured part and intermediate sub-assembly feeding electronics assembly and industrial machinery production.
8901,capital good,"Commercial transport vehicle, railway stock, or maritime vessel (CRUISE SHIPS, EXCURSION BOATS , FERRY) utilized as a productive logistics and freight asset.",Methodology Team,2026-07-22,4,"Commercial transport vehicle, railway stock, or maritime vessel (CRUISE SHIPS, EXCURSION BOATS , FERRY) utilized as a productive logistics and freight asset.",false,Durable transport and logistics capital asset operating within national and international freight supply chains.
8905,capital good,"Commercial transport vehicle, railway stock, or maritime vessel (LIGHT) utilized as a productive logistics and freight asset.",Methodology Team,2026-07-22,4,"Commercial transport vehicle, railway stock, or maritime vessel (LIGHT) utilized as a productive logistics and freight asset.",false,Durable transport and logistics capital asset operating within national and international freight supply chains.
8906,capital good,"Commercial transport vehicle, railway stock, or maritime vessel (OTHER VESSELS, INCLUDING WARSHIPS AND LIFEBOATS OTHER THAN ROWING BOATS) utilized as a productive logistics and freight asset.",Methodology Team,2026-07-22,4,"Commercial transport vehicle, railway stock, or maritime vessel (OTHER VESSELS, INCLUDING WARSHIPS AND LIFEBOATS OTHER THAN ROWING BOATS) utilized as a productive logistics and freight asset.",false,Durable transport and logistics capital asset operating within national and international freight supply chains.
9001,intermediate input,"Specialized industrial component, part, or sub-assembly (OPTCL FIBR AND OPTCL FIBR BUNDLS ETC;SHTS AND PLTS OF POLRSNG MTRL;LNSS;PRSMS,MIRRORS AND OTHR OPTCL ELMNTS OF ANY MTR) integrated into capital machinery or electrical systems.",Methodology Team,2026-07-22,4,"Specialized industrial component, part, or sub-assembly (OPTCL FIBR AND OPTCL FIBR BUNDLS ETC;SHTS AND PLTS OF POLRSNG MTRL;LNSS;PRSMS,MIRRORS AND OTHR OPTCL ELMNTS OF ANY MTR) integrated into capital machinery or electrical systems.",false,Precision manufactured part and intermediate sub-assembly feeding electronics assembly and industrial machinery production.
9018,capital good,"Professional diagnostic apparatus, laboratory instrument, or measuring system (INSTRMNTS AND APPLNCS USED IN MDCL,SURGCL, DNTL/VTRNRY SCNCS,INCL SCNTGRPHC APPRTS ELCTRO) deployed in healthcare and R&D facilities.",Methodology Team,2026-07-22,4,"Professional diagnostic apparatus, laboratory instrument, or measuring system (INSTRMNTS AND APPLNCS USED IN MDCL,SURGCL, DNTL/VTRNRY SCNCS,INCL SCNTGRPHC APPRTS ELCTRO) deployed in healthcare and R&D facilities.",false,"Professional capital instrument and diagnostic equipment utilized in institutional, medical, and research operations."
9021,finished product,"Finished precision instrument, consumer good, or miscellaneous manufactured article (ORTHPDC APLNCS,ARTFCL PRTS OF TH BODY;HRNGAIDS AND OTHR APLNCS WHCH ARE WRN/CRRD/ IMPLNTD IN THE BODY TO CMPNST DFCT) ready for end-user deployment.",Methodology Team,2026-07-22,4,"Finished precision instrument, consumer good, or miscellaneous manufactured article (ORTHPDC APLNCS,ARTFCL PRTS OF TH BODY;HRNGAIDS AND OTHR APLNCS WHCH ARE WRN/CRRD/ IMPLNTD IN THE BODY TO CMPNST DFCT) ready for end-user deployment.",false,Fully assembled consumer and commercial instrument ready for immediate operation in end-use applications.
9022,capital good,Dual-use item (OTHR APPLINCES OF 9021 BTA/GMAOR OTHR IONISING RADITIONS INCL RADIOTHRPY APPRTS X) utilized both as an industrial intermediate input and as a finished equipment/consumer good across diverse sectors.,Methodology Team,2026-07-22,4,Dual-use item (OTHR APPLINCES OF 9021 BTA/GMAOR OTHR IONISING RADITIONS INCL RADIOTHRPY APPRTS X) utilized both as an industrial intermediate input and as a finished equipment/consumer good across diverse sectors.,true,Empirical trade flows indicate dual sourcing for both industrial assembly lines and direct commercial or consumer end markets.
9026,capital good,"Professional diagnostic apparatus, laboratory instrument, or measuring system (INSTRMNTS AND APRTS FR MSRNG/CHKNG THE FLOW,LEVL,PRSR/OTHR VARIABLES OF LIQUID/GASES EXCL APPRTS OF HDG 9014,9015,9028/) deployed in healthcare and R&D facilities.",Methodology Team,2026-07-22,4,"Professional diagnostic apparatus, laboratory instrument, or measuring system (INSTRMNTS AND APRTS FR MSRNG/CHKNG THE FLOW,LEVL,PRSR/OTHR VARIABLES OF LIQUID/GASES EXCL APPRTS OF HDG 9014,9015,9028/) deployed in healthcare and R&D facilities.",false,"Professional capital instrument and diagnostic equipment utilized in institutional, medical, and research operations."
9027,capital good,"Professional diagnostic apparatus, laboratory instrument, or measuring system (INSTRUMENTS AND APPARATUS FOR PHYSICAL OR CHEMICAL ANALYSIS (FOR EXAMPLE, POLARIMETERS, REFRACTOMETERS, SPECTR) deployed in healthcare and R&D facilities.",Methodology Team,2026-07-22,4,"Professional diagnostic apparatus, laboratory instrument, or measuring system (INSTRUMENTS AND APPARATUS FOR PHYSICAL OR CHEMICAL ANALYSIS (FOR EXAMPLE, POLARIMETERS, REFRACTOMETERS, SPECTR) deployed in healthcare and R&D facilities.",false,"Professional capital instrument and diagnostic equipment utilized in institutional, medical, and research operations."
9030,capital good,"Professional diagnostic apparatus, laboratory instrument, or measuring system (OSCLSCPS AND OTHR INSTRMNTS AND APRTS FR MSRNGCHKNG ELCTRCL QUNTTS,INSTRMNTS AND APRTS FR MSRNG/DTCTNG ALPHA,BTA,GMA,X) deployed in healthcare and R&D facilities.",Methodology Team,2026-07-22,4,"Professional diagnostic apparatus, laboratory instrument, or measuring system (OSCLSCPS AND OTHR INSTRMNTS AND APRTS FR MSRNGCHKNG ELCTRCL QUNTTS,INSTRMNTS AND APRTS FR MSRNG/DTCTNG ALPHA,BTA,GMA,X) deployed in healthcare and R&D facilities.",false,"Professional capital instrument and diagnostic equipment utilized in institutional, medical, and research operations."
9031,capital good,"Professional diagnostic apparatus, laboratory instrument, or measuring system (MEASURING OR CHECKING INSTRUMENTS, APPLIANCES AND MACHINES, NOT SPECIFIED OR INCLUDED ELSEWHERE IN THIS) deployed in healthcare and R&D facilities.",Methodology Team,2026-07-22,4,"Professional diagnostic apparatus, laboratory instrument, or measuring system (MEASURING OR CHECKING INSTRUMENTS, APPLIANCES AND MACHINES, NOT SPECIFIED OR INCLUDED ELSEWHERE IN THIS) deployed in healthcare and R&D facilities.",false,"Professional capital instrument and diagnostic equipment utilized in institutional, medical, and research operations."
9032,capital good,"Professional diagnostic apparatus, laboratory instrument, or measuring system (AUTMTC REGLTNG/CONTRLNG INSTRMNTS AND APRTS) deployed in healthcare and R&D facilities.",Methodology Team,2026-07-22,4,"Professional diagnostic apparatus, laboratory instrument, or measuring system (AUTMTC REGLTNG/CONTRLNG INSTRMNTS AND APRTS) deployed in healthcare and R&D facilities.",false,"Professional capital instrument and diagnostic equipment utilized in institutional, medical, and research operations."
9403,finished product,Dual-use item (OTHER FURNITURE AND PARTS THEREOF) utilized both as an industrial intermediate input and as a finished equipment/consumer good across diverse sectors.,Methodology Team,2026-07-22,4,Dual-use item (OTHER FURNITURE AND PARTS THEREOF) utilized both as an industrial intermediate input and as a finished equipment/consumer good across diverse sectors.,true,Empirical trade flows indicate dual sourcing for both industrial assembly lines and direct commercial or consumer end markets.
9801,capital good,Durable productive asset or equipment (PROJECT GOODS) utilized across industry and infrastructure for long-term value creation.,Methodology Team,2026-07-22,4,Durable productive asset or equipment (PROJECT GOODS) utilized across industry and infrastructure for long-term value creation.,false,Industrial capital good providing productive capacity across domestic manufacturing and infrastructure sectors.
